{
    "resourceType": "Bundle",
    "type": "searchset",
    "total": 6,
    "link": [
        {
            "relation": "self",
            "url": "https://apporchard.epic.com/interconnect-aocurprd-oauth/api/FHIR/R4/MedicationRequest?_format=json&patient=enNQvBlRfDCq4NsM90Kr8QQ3"
        }
    ],
    "entry": [
        {
            "link": [
                {
                    "relation": "self",
                    "url": "https://apporchard.epic.com/interconnect-aocurprd-oauth/api/FHIR/R4/MedicationRequest/e3kgj8Wg9TruJo35iT93e.Q3"
                }
            ],
            "fullUrl": "https://apporchard.epic.com/interconnect-aocurprd-oauth/api/FHIR/R4/MedicationRequest/e3kgj8Wg9TruJo35iT93e.Q3",
            "resource": {
                "resourceType": "MedicationRequest",
                "id": "e3kgj8Wg9TruJo35iT93e.Q3",
                "identifier": [
                    {
                        "use": "usual",
                        "system": "urn:oid:1.2.840.114350.1.13.0.1.7.2.798268",
                        "value": "967634"
                    }
                ],
                "status": "active",
                "intent": "order",
                "category": [
                    {
                        "coding": [
                            {
                                "system": "http://terminology.hl7.org/CodeSystem/medicationrequest-category",
                                "code": "outpatient",
                                "display": "Outpatient"
                            }
                        ],
                        "text": "Outpatient"
                    }
                ],
                "medicationReference": {
                    "reference": "Medication/e8t-NTqDV4WdaZdBG5T.H-7dr3zcLq-nrrG9QrARnuSG5fj-5O0RoW0bjRMxn.LlL3",
                    "display": "diphenhydrAMINE (BENADRYL) capsule"
                },
                "subject": {
                    "reference": "Patient/enNQvBlRfDCq4NsM90Kr8QQ3",
                    "display": "Lmrtesting, Hermione"
                },
                "encounter": {
                    "reference": "Encounter/eVWbYh-YqGJVzLaoUN0VhJw3",
                    "display": "Hospital Encounter"
                },
                "authoredOn": "2015-04-29T15:50:48Z",
                "requester": {
                    "reference": "Practitioner/ec30Z4SAQpUQUkACxUZVihQ3",
                    "type": "Practitioner",
                    "display": "Physician Beacon, MD"
                },
                "recorder": {
                    "reference": "Practitioner/eGylevUMrVCDNBa-ZuUF7gA3",
                    "type": "Practitioner",
                    "display": "Op Nurse Beacon, RN"
                },
                "courseOfTherapyType": {
                    "coding": [
                        {
                            "system": "http://terminology.hl7.org/CodeSystem/medicationrequest-course-of-therapy",
                            "code": "acute",
                            "display": "Short course (acute) therapy"
                        }
                    ],
                    "text": "Short course (acute) therapy"
                },
                "dosageInstruction": [
                    {
                        "text": "25 mg, Oral, Every 6 hours PRN, itching, Starting Wed 4/29/15 at 1050",
                        "timing": {
                            "repeat": {
                                "boundsPeriod": {
                                    "start": "2015-04-29T15:50:46Z"
                                },
                                "frequency": 1,
                                "period": 6,
                                "periodUnit": "h"
                            },
                            "code": {
                                "text": "Every 6 hours as needed"
                            }
                        },
                        "asNeededBoolean": true,
                        "route": {
                            "coding": [
                                {
                                    "system": "http://snomed.info/sct",
                                    "code": "260548002",
                                    "display": "Oral (qualifier value)"
                                },
                                {
                                    "system": "urn:oid:1.2.840.114350.1.13.0.1.7.4.798268.7025",
                                    "code": "15",
                                    "display": "Oral"
                                }
                            ],
                            "text": "Oral"
                        },
                        "doseAndRate": [
                            {
                                "type": {
                                    "coding": [
                                        {
                                            "system": "http://epic.com/CodeSystem/dose-rate-type",
                                            "code": "calculated",
                                            "display": "calculated"
                                        }
                                    ],
                                    "text": "calculated"
                                },
                                "doseQuantity": {
                                    "value": 25,
                                    "unit": "mg",
                                    "system": "http://unitsofmeasure.org",
                                    "code": "mg"
                                }
                            },
                            {
                                "type": {
                                    "coding": [
                                        {
                                            "system": "http://epic.com/CodeSystem/dose-rate-type",
                                            "code": "admin-amount",
                                            "display": "admin-amount"
                                        }
                                    ],
                                    "text": "admin-amount"
                                },
                                "doseQuantity": {
                                    "value": 1,
                                    "unit": "capsule",
                                    "system": "http://unitsofmeasure.org",
                                    "code": "{capsule}"
                                }
                            },
                            {
                                "type": {
                                    "coding": [
                                        {
                                            "system": "http://epic.com/CodeSystem/dose-rate-type",
                                            "code": "ordered",
                                            "display": "ordered"
                                        }
                                    ],
                                    "text": "ordered"
                                },
                                "doseQuantity": {
                                    "value": 25,
                                    "unit": "mg",
                                    "system": "http://unitsofmeasure.org",
                                    "code": "mg"
                                }
                            }
                        ]
                    }
                ]
            },
            "search": {
                "mode": "match"
            }
        },
        {
            "link": [
                {
                    "relation": "self",
                    "url": "https://apporchard.epic.com/interconnect-aocurprd-oauth/api/FHIR/R4/MedicationRequest/e5Dsg5cmJbM-p.Ux5lvl6SA3"
                }
            ],
            "fullUrl": "https://apporchard.epic.com/interconnect-aocurprd-oauth/api/FHIR/R4/MedicationRequest/e5Dsg5cmJbM-p.Ux5lvl6SA3",
            "resource": {
                "resourceType": "MedicationRequest",
                "id": "e5Dsg5cmJbM-p.Ux5lvl6SA3",
                "identifier": [
                    {
                        "use": "usual",
                        "system": "urn:oid:1.2.840.114350.1.13.0.1.7.2.798268",
                        "value": "967627"
                    }
                ],
                "status": "active",
                "intent": "plan",
                "category": [
                    {
                        "coding": [
                            {
                                "system": "http://terminology.hl7.org/CodeSystem/medicationrequest-category",
                                "code": "community",
                                "display": "Community"
                            }
                        ],
                        "text": "Community"
                    }
                ],
                "reportedBoolean": true,
                "medicationReference": {
                    "reference": "Medication/eDURLsnYuhNLn2A0ber5..aqGVfBqKDWU3Tq03Vq8oHAg6cH4KNqmQ2lQfT7v3UMA3",
                    "display": "vitamin B-1 tablet"
                },
                "subject": {
                    "reference": "Patient/enNQvBlRfDCq4NsM90Kr8QQ3",
                    "display": "Lmrtesting, Hermione"
                },
                "encounter": {
                    "reference": "Encounter/eTcDwb8Vp3QerLgK33D7JKw3",
                    "display": "Office Visit"
                },
                "authoredOn": "2015-04-29T14:38:02Z",
                "requester": {
                    "extension": [
                        {
                            "valueCode": "unknown",
                            "url": "http://hl7.org/fhir/StructureDefinition/data-absent-reason"
                        }
                    ]
                },
                "recorder": {
                    "reference": "Practitioner/eM5CWtq15N0WJeuCet5bJlQ3",
                    "type": "Practitioner",
                    "display": "Physician Family Medicine, MD"
                },
                "courseOfTherapyType": {
                    "coding": [
                        {
                            "system": "http://terminology.hl7.org/CodeSystem/medicationrequest-course-of-therapy",
                            "code": "acute",
                            "display": "Short course (acute) therapy"
                        }
                    ],
                    "text": "Short course (acute) therapy"
                },
                "dosageInstruction": [
                    {
                        "text": "Take 250 mg by mouth daily., Until Discontinued, Historical Med",
                        "patientInstruction": "Take 250 mg by mouth daily.",
                        "timing": {
                            "repeat": {
                                "timeOfDay": [
                                    "09:00:00"
                                ]
                            },
                            "code": {
                                "text": "0900"
                            }
                        },
                        "asNeededBoolean": false,
                        "route": {
                            "coding": [
                                {
                                    "system": "http://snomed.info/sct",
                                    "code": "260548002",
                                    "display": "Oral (qualifier value)"
                                },
                                {
                                    "system": "urn:oid:1.2.840.114350.1.13.0.1.7.4.798268.7025",
                                    "code": "15",
                                    "display": "Oral"
                                }
                            ],
                            "text": "Oral"
                        },
                        "method": {
                            "coding": [
                                {
                                    "system": "http://snomed.info/sct",
                                    "code": "419652001",
                                    "display": "Take"
                                }
                            ],
                            "text": "Take"
                        },
                        "doseAndRate": [
                            {
                                "type": {
                                    "coding": [
                                        {
                                            "system": "http://epic.com/CodeSystem/dose-rate-type",
                                            "code": "ordered",
                                            "display": "ordered"
                                        }
                                    ],
                                    "text": "ordered"
                                },
                                "doseQuantity": {
                                    "value": 250,
                                    "unit": "mg",
                                    "system": "http://unitsofmeasure.org",
                                    "code": "mg"
                                }
                            }
                        ]
                    }
                ]
            },
            "search": {
                "mode": "match"
            }
        },
        {
            "link": [
                {
                    "relation": "self",
                    "url": "https://apporchard.epic.com/interconnect-aocurprd-oauth/api/FHIR/R4/MedicationRequest/eAyKNAQnKVpVwtYyRGVYP6Q3"
                }
            ],
            "fullUrl": "https://apporchard.epic.com/interconnect-aocurprd-oauth/api/FHIR/R4/MedicationRequest/eAyKNAQnKVpVwtYyRGVYP6Q3",
            "resource": {
                "resourceType": "MedicationRequest",
                "id": "eAyKNAQnKVpVwtYyRGVYP6Q3",
                "identifier": [
                    {
                        "use": "usual",
                        "system": "urn:oid:1.2.840.114350.1.13.0.1.7.2.798268",
                        "value": "967642"
                    }
                ],
                "status": "active",
                "intent": "order",
                "category": [
                    {
                        "coding": [
                            {
                                "system": "http://terminology.hl7.org/CodeSystem/medicationrequest-category",
                                "code": "community",
                                "display": "Community"
                            }
                        ],
                        "text": "Community"
                    }
                ],
                "medicationReference": {
                    "reference": "Medication/eGqlUOle7zUr849XGeFXxBqqCza-BGYyrxJ80tGuhAkWLC3kDVK38M8uj3uqqLJhD3",
                    "display": "lisinopril (PRINIVIL,ZESTRIL) tablet"
                },
                "subject": {
                    "reference": "Patient/enNQvBlRfDCq4NsM90Kr8QQ3",
                    "display": "Lmrtesting, Hermione"
                },
                "encounter": {
                    "reference": "Encounter/ezZFF7S9nWVf33LuUXtg8RA3",
                    "display": "Pharmacy Visit"
                },
                "authoredOn": "2015-04-29",
                "requester": {
                    "reference": "Practitioner/eM5CWtq15N0WJeuCet5bJlQ3",
                    "type": "Practitioner",
                    "display": "Physician Family Medicine, MD"
                },
                "recorder": {
                    "reference": "Practitioner/eTqJMfUFpdZx2nCjgBuc5HA3",
                    "type": "Practitioner",
                    "display": "Pharmacist Willow Ambulatory, RPh"
                },
                "courseOfTherapyType": {
                    "coding": [
                        {
                            "system": "http://terminology.hl7.org/CodeSystem/medicationrequest-course-of-therapy",
                            "code": "continuous",
                            "display": "Continuous long term therapy"
                        }
                    ],
                    "text": "Continuous long term therapy"
                },
                "dosageInstruction": [
                    {
                        "text": "Take 2 tablets (20 mg total) by mouth daily., Starting 4/29/2015, Until Discontinued, Normal",
                        "patientInstruction": "Take 2 tablets (20 mg total) by mouth daily.",
                        "timing": {
                            "repeat": {
                                "boundsPeriod": {
                                    "start": "2015-04-29"
                                },
                                "timeOfDay": [
                                    "09:00:00"
                                ]
                            },
                            "code": {
                                "text": "0900"
                            }
                        },
                        "asNeededBoolean": false,
                        "route": {
                            "coding": [
                                {
                                    "system": "http://snomed.info/sct",
                                    "code": "260548002",
                                    "display": "Oral (qualifier value)"
                                },
                                {
                                    "system": "urn:oid:1.2.840.114350.1.13.0.1.7.4.798268.7025",
                                    "code": "15",
                                    "display": "Oral"
                                }
                            ],
                            "text": "Oral"
                        },
                        "method": {
                            "coding": [
                                {
                                    "system": "http://snomed.info/sct",
                                    "code": "419652001",
                                    "display": "Take"
                                }
                            ],
                            "text": "Take"
                        },
                        "doseAndRate": [
                            {
                                "type": {
                                    "coding": [
                                        {
                                            "system": "http://epic.com/CodeSystem/dose-rate-type",
                                            "code": "calculated",
                                            "display": "calculated"
                                        }
                                    ],
                                    "text": "calculated"
                                },
                                "doseQuantity": {
                                    "value": 20,
                                    "unit": "mg",
                                    "system": "http://unitsofmeasure.org",
                                    "code": "mg"
                                }
                            },
                            {
                                "type": {
                                    "coding": [
                                        {
                                            "system": "http://epic.com/CodeSystem/dose-rate-type",
                                            "code": "admin-amount",
                                            "display": "admin-amount"
                                        }
                                    ],
                                    "text": "admin-amount"
                                },
                                "doseQuantity": {
                                    "value": 2,
                                    "unit": "tablet",
                                    "system": "http://unitsofmeasure.org",
                                    "code": "{tbl}"
                                }
                            },
                            {
                                "type": {
                                    "coding": [
                                        {
                                            "system": "http://epic.com/CodeSystem/dose-rate-type",
                                            "code": "ordered",
                                            "display": "ordered"
                                        }
                                    ],
                                    "text": "ordered"
                                },
                                "doseQuantity": {
                                    "value": 20,
                                    "unit": "mg",
                                    "system": "http://unitsofmeasure.org",
                                    "code": "mg"
                                }
                            }
                        ]
                    }
                ],
                "dispenseRequest": {
                    "validityPeriod": {
                        "start": "2015-04-29"
                    },
                    "numberOfRepeatsAllowed": 3,
                    "quantity": {
                        "value": 30,
                        "unit": "tablet"
                    },
                    "expectedSupplyDuration": {
                        "value": 15,
                        "unit": "Day",
                        "system": "http://unitsofmeasure.org",
                        "code": "d"
                    }
                }
            },
            "search": {
                "mode": "match"
            }
        },
        {
            "link": [
                {
                    "relation": "self",
                    "url": "https://apporchard.epic.com/interconnect-aocurprd-oauth/api/FHIR/R4/MedicationRequest/eC.te2n.kDDa81r00ZG7F9Q3"
                }
            ],
            "fullUrl": "https://apporchard.epic.com/interconnect-aocurprd-oauth/api/FHIR/R4/MedicationRequest/eC.te2n.kDDa81r00ZG7F9Q3",
            "resource": {
                "resourceType": "MedicationRequest",
                "id": "eC.te2n.kDDa81r00ZG7F9Q3",
                "identifier": [
                    {
                        "use": "usual",
                        "system": "urn:oid:1.2.840.114350.1.13.0.1.7.2.798268",
                        "value": "967626"
                    }
                ],
                "status": "active",
                "intent": "plan",
                "category": [
                    {
                        "coding": [
                            {
                                "system": "http://terminology.hl7.org/CodeSystem/medicationrequest-category",
                                "code": "community",
                                "display": "Community"
                            }
                        ],
                        "text": "Community"
                    }
                ],
                "reportedBoolean": true,
                "medicationReference": {
                    "reference": "Medication/eMrPs4zwfgDOKLWKayRtmGpy.Tr2QQxq9YaayBl8.nDwtf.X73QYfj-pIrl1L4agJ3",
                    "display": "escitalopram (LEXAPRO) tablet"
                },
                "subject": {
                    "reference": "Patient/enNQvBlRfDCq4NsM90Kr8QQ3",
                    "display": "Lmrtesting, Hermione"
                },
                "encounter": {
                    "reference": "Encounter/eTcDwb8Vp3QerLgK33D7JKw3",
                    "display": "Office Visit"
                },
                "authoredOn": "2015-04-29T14:38:02Z",
                "requester": {
                    "extension": [
                        {
                            "valueCode": "unknown",
                            "url": "http://hl7.org/fhir/StructureDefinition/data-absent-reason"
                        }
                    ]
                },
                "recorder": {
                    "reference": "Practitioner/eM5CWtq15N0WJeuCet5bJlQ3",
                    "type": "Practitioner",
                    "display": "Physician Family Medicine, MD"
                },
                "courseOfTherapyType": {
                    "coding": [
                        {
                            "system": "http://terminology.hl7.org/CodeSystem/medicationrequest-course-of-therapy",
                            "code": "continuous",
                            "display": "Continuous long term therapy"
                        }
                    ],
                    "text": "Continuous long term therapy"
                },
                "dosageInstruction": [
                    {
                        "text": "Take 10 mg by mouth daily., Until Discontinued, Historical Med",
                        "patientInstruction": "Take 10 mg by mouth daily.",
                        "timing": {
                            "repeat": {
                                "timeOfDay": [
                                    "09:00:00"
                                ]
                            },
                            "code": {
                                "text": "0900"
                            }
                        },
                        "asNeededBoolean": false,
                        "route": {
                            "coding": [
                                {
                                    "system": "http://snomed.info/sct",
                                    "code": "260548002",
                                    "display": "Oral (qualifier value)"
                                },
                                {
                                    "system": "urn:oid:1.2.840.114350.1.13.0.1.7.4.798268.7025",
                                    "code": "15",
                                    "display": "Oral"
                                }
                            ],
                            "text": "Oral"
                        },
                        "method": {
                            "coding": [
                                {
                                    "system": "http://snomed.info/sct",
                                    "code": "419652001",
                                    "display": "Take"
                                }
                            ],
                            "text": "Take"
                        },
                        "doseAndRate": [
                            {
                                "type": {
                                    "coding": [
                                        {
                                            "system": "http://epic.com/CodeSystem/dose-rate-type",
                                            "code": "ordered",
                                            "display": "ordered"
                                        }
                                    ],
                                    "text": "ordered"
                                },
                                "doseQuantity": {
                                    "value": 10,
                                    "unit": "mg",
                                    "system": "http://unitsofmeasure.org",
                                    "code": "mg"
                                }
                            }
                        ]
                    }
                ]
            },
            "search": {
                "mode": "match"
            }
        },
        {
            "link": [
                {
                    "relation": "self",
                    "url": "https://apporchard.epic.com/interconnect-aocurprd-oauth/api/FHIR/R4/MedicationRequest/eDGBR6IKc0HxFi-rRnATYfQ3"
                }
            ],
            "fullUrl": "https://apporchard.epic.com/interconnect-aocurprd-oauth/api/FHIR/R4/MedicationRequest/eDGBR6IKc0HxFi-rRnATYfQ3",
            "resource": {
                "resourceType": "MedicationRequest",
                "id": "eDGBR6IKc0HxFi-rRnATYfQ3",
                "identifier": [
                    {
                        "use": "usual",
                        "system": "urn:oid:1.2.840.114350.1.13.0.1.7.2.798268",
                        "value": "967628"
                    }
                ],
                "status": "active",
                "intent": "order",
                "category": [
                    {
                        "coding": [
                            {
                                "system": "http://terminology.hl7.org/CodeSystem/medicationrequest-category",
                                "code": "community",
                                "display": "Community"
                            }
                        ],
                        "text": "Community"
                    }
                ],
                "medicationReference": {
                    "reference": "Medication/edNBHSBJxX6H-5WQWa-Ax3268NYMhT1-WshLPv7xEypsJfBpt6L9QEXTVFHPDYy7a3",
                    "display": "prochlorperazine (COMPAZINE) tablet"
                },
                "subject": {
                    "reference": "Patient/enNQvBlRfDCq4NsM90Kr8QQ3",
                    "display": "Lmrtesting, Hermione"
                },
                "encounter": {
                    "reference": "Encounter/ea.WAjrTZxx4n1F24DAmdBQ3",
                    "display": "Orders Only"
                },
                "authoredOn": "2015-04-29",
                "requester": {
                    "reference": "Practitioner/ec30Z4SAQpUQUkACxUZVihQ3",
                    "type": "Practitioner",
                    "display": "Physician Beacon, MD"
                },
                "recorder": {
                    "reference": "Practitioner/ec30Z4SAQpUQUkACxUZVihQ3",
                    "type": "Practitioner",
                    "display": "Physician Beacon, MD"
                },
                "reasonCode": [
                    {
                        "coding": [
                            {
                                "system": "http://snomed.info/sct",
                                "code": "254837009",
                                "display": "Malignant tumor of breast (disorder)"
                            },
                            {
                                "system": "http://hl7.org/fhir/sid/icd-9-cm/diagnosis",
                                "code": "174.9",
                                "display": "Breast cancer, left (CMS/HCC)"
                            },
                            {
                                "system": "urn:oid:2.16.840.1.113883.6.90",
                                "code": "C50.912",
                                "display": "Breast cancer, left (CMS/HCC)"
                            }
                        ],
                        "text": "Breast cancer, left (CMS/HCC)"
                    }
                ],
                "basedOn": [
                    {
                        "reference": "CarePlan/etikNWSXWVwjjPl6tKRFgiBCHXMv.GgXdovosxWn4ADI3",
                        "type": "CarePlan",
                        "display": "OP Breast AC + trastuzumab research"
                    },
                    {
                        "reference": "MedicationRequest/eQJ.Iwve.4DXkBPIPcQg9Hw3",
                        "type": "MedicationRequest",
                        "display": "prochlorperazine (COMPAZINE) 10 MG tablet"
                    }
                ],
                "courseOfTherapyType": {
                    "coding": [
                        {
                            "system": "http://terminology.hl7.org/CodeSystem/medicationrequest-course-of-therapy",
                            "code": "acute",
                            "display": "Short course (acute) therapy"
                        }
                    ],
                    "text": "Short course (acute) therapy"
                },
                "dosageInstruction": [
                    {
                        "text": "Take 1 tablet (10 mg total) by mouth every 6 (six) hours as needed for vomiting. Max dose = 40 mg per 24 hours., Starting 4/29/2015, Until Discontinued, Normal",
                        "patientInstruction": "Take 1 tablet (10 mg total) by mouth every 6 (six) hours as needed for vomiting. Max dose = 40 mg per 24 hours.",
                        "timing": {
                            "repeat": {
                                "boundsPeriod": {
                                    "start": "2015-04-29"
                                },
                                "frequency": 1,
                                "period": 6,
                                "periodUnit": "h"
                            },
                            "code": {
                                "text": "Every 6 hours as needed"
                            }
                        },
                        "asNeededBoolean": true,
                        "route": {
                            "coding": [
                                {
                                    "system": "http://snomed.info/sct",
                                    "code": "260548002",
                                    "display": "Oral (qualifier value)"
                                },
                                {
                                    "system": "urn:oid:1.2.840.114350.1.13.0.1.7.4.798268.7025",
                                    "code": "15",
                                    "display": "Oral"
                                }
                            ],
                            "text": "Oral"
                        },
                        "method": {
                            "coding": [
                                {
                                    "system": "http://snomed.info/sct",
                                    "code": "419652001",
                                    "display": "Take"
                                }
                            ],
                            "text": "Take"
                        },
                        "doseAndRate": [
                            {
                                "type": {
                                    "coding": [
                                        {
                                            "system": "http://epic.com/CodeSystem/dose-rate-type",
                                            "code": "calculated",
                                            "display": "calculated"
                                        }
                                    ],
                                    "text": "calculated"
                                },
                                "doseQuantity": {
                                    "value": 10,
                                    "unit": "mg",
                                    "system": "http://unitsofmeasure.org",
                                    "code": "mg"
                                }
                            },
                            {
                                "type": {
                                    "coding": [
                                        {
                                            "system": "http://epic.com/CodeSystem/dose-rate-type",
                                            "code": "admin-amount",
                                            "display": "admin-amount"
                                        }
                                    ],
                                    "text": "admin-amount"
                                },
                                "doseQuantity": {
                                    "value": 1,
                                    "unit": "tablet",
                                    "system": "http://unitsofmeasure.org",
                                    "code": "{tbl}"
                                }
                            },
                            {
                                "type": {
                                    "coding": [
                                        {
                                            "system": "http://epic.com/CodeSystem/dose-rate-type",
                                            "code": "ordered",
                                            "display": "ordered"
                                        }
                                    ],
                                    "text": "ordered"
                                },
                                "doseQuantity": {
                                    "value": 10,
                                    "unit": "mg",
                                    "system": "http://unitsofmeasure.org",
                                    "code": "mg"
                                }
                            }
                        ]
                    }
                ],
                "dispenseRequest": {
                    "validityPeriod": {
                        "start": "2015-04-29"
                    },
                    "numberOfRepeatsAllowed": 0,
                    "quantity": {
                        "value": 10,
                        "unit": "tablet"
                    },
                    "expectedSupplyDuration": {
                        "value": 3,
                        "unit": "Day",
                        "system": "http://unitsofmeasure.org",
                        "code": "d"
                    }
                }
            },
            "search": {
                "mode": "match"
            }
        },
        {
            "link": [
                {
                    "relation": "self",
                    "url": "https://apporchard.epic.com/interconnect-aocurprd-oauth/api/FHIR/R4/MedicationRequest/eXGw6MIMwRxkgzPl89AP8nQ3"
                }
            ],
            "fullUrl": "https://apporchard.epic.com/interconnect-aocurprd-oauth/api/FHIR/R4/MedicationRequest/eXGw6MIMwRxkgzPl89AP8nQ3",
            "resource": {
                "resourceType": "MedicationRequest",
                "id": "eXGw6MIMwRxkgzPl89AP8nQ3",
                "identifier": [
                    {
                        "use": "usual",
                        "system": "urn:oid:1.2.840.114350.1.13.0.1.7.2.798268",
                        "value": "967643"
                    }
                ],
                "status": "active",
                "intent": "order",
                "category": [
                    {
                        "coding": [
                            {
                                "system": "http://terminology.hl7.org/CodeSystem/medicationrequest-category",
                                "code": "community",
                                "display": "Community"
                            }
                        ],
                        "text": "Community"
                    }
                ],
                "medicationReference": {
                    "reference": "Medication/e7I.NSRjJnDSf8T2cPe-J5Gb6zlsQnBoa29B.aST9VB7Y9i2Zn1GbOnH.rbZ34Dc73",
                    "display": "omeprazole (PriLOSEC) DR capsule"
                },
                "subject": {
                    "reference": "Patient/enNQvBlRfDCq4NsM90Kr8QQ3",
                    "display": "Lmrtesting, Hermione"
                },
                "encounter": {
                    "reference": "Encounter/ezZFF7S9nWVf33LuUXtg8RA3",
                    "display": "Pharmacy Visit"
                },
                "authoredOn": "2015-04-29",
                "requester": {
                    "reference": "Practitioner/eM5CWtq15N0WJeuCet5bJlQ3",
                    "type": "Practitioner",
                    "display": "Physician Family Medicine, MD"
                },
                "recorder": {
                    "reference": "Practitioner/eTqJMfUFpdZx2nCjgBuc5HA3",
                    "type": "Practitioner",
                    "display": "Pharmacist Willow Ambulatory, RPh"
                },
                "courseOfTherapyType": {
                    "coding": [
                        {
                            "system": "http://terminology.hl7.org/CodeSystem/medicationrequest-course-of-therapy",
                            "code": "acute",
                            "display": "Short course (acute) therapy"
                        }
                    ],
                    "text": "Short course (acute) therapy"
                },
                "dosageInstruction": [
                    {
                        "text": "Take 1 capsule (40 mg total) by mouth as needed., Starting 4/29/2015, Until Discontinued, Normal",
                        "patientInstruction": "Take 1 capsule (40 mg total) by mouth as needed.",
                        "timing": {
                            "repeat": {
                                "boundsPeriod": {
                                    "start": "2015-04-29"
                                },
                                "frequency": 1,
                                "period": 1,
                                "periodUnit": "d"
                            },
                            "code": {
                                "text": "As needed"
                            }
                        },
                        "asNeededBoolean": true,
                        "route": {
                            "coding": [
                                {
                                    "system": "http://snomed.info/sct",
                                    "code": "260548002",
                                    "display": "Oral (qualifier value)"
                                },
                                {
                                    "system": "urn:oid:1.2.840.114350.1.13.0.1.7.4.798268.7025",
                                    "code": "15",
                                    "display": "Oral"
                                }
                            ],
                            "text": "Oral"
                        },
                        "method": {
                            "coding": [
                                {
                                    "system": "http://snomed.info/sct",
                                    "code": "419652001",
                                    "display": "Take"
                                }
                            ],
                            "text": "Take"
                        },
                        "doseAndRate": [
                            {
                                "type": {
                                    "coding": [
                                        {
                                            "system": "http://epic.com/CodeSystem/dose-rate-type",
                                            "code": "calculated",
                                            "display": "calculated"
                                        }
                                    ],
                                    "text": "calculated"
                                },
                                "doseQuantity": {
                                    "value": 40,
                                    "unit": "mg",
                                    "system": "http://unitsofmeasure.org",
                                    "code": "mg"
                                }
                            },
                            {
                                "type": {
                                    "coding": [
                                        {
                                            "system": "http://epic.com/CodeSystem/dose-rate-type",
                                            "code": "admin-amount",
                                            "display": "admin-amount"
                                        }
                                    ],
                                    "text": "admin-amount"
                                },
                                "doseQuantity": {
                                    "value": 1,
                                    "unit": "capsule",
                                    "system": "http://unitsofmeasure.org",
                                    "code": "{capsule}"
                                }
                            },
                            {
                                "type": {
                                    "coding": [
                                        {
                                            "system": "http://epic.com/CodeSystem/dose-rate-type",
                                            "code": "ordered",
                                            "display": "ordered"
                                        }
                                    ],
                                    "text": "ordered"
                                },
                                "doseQuantity": {
                                    "value": 40,
                                    "unit": "mg",
                                    "system": "http://unitsofmeasure.org",
                                    "code": "mg"
                                }
                            }
                        ]
                    }
                ],
                "dispenseRequest": {
                    "validityPeriod": {
                        "start": "2015-04-29"
                    },
                    "numberOfRepeatsAllowed": 3,
                    "quantity": {
                        "value": 30,
                        "unit": "capsule"
                    },
                    "expectedSupplyDuration": {
                        "value": 30,
                        "unit": "Day",
                        "system": "http://unitsofmeasure.org",
                        "code": "d"
                    }
                }
            },
            "search": {
                "mode": "match"
            }
        }
    ]
}