{
    "resourceType": "Bundle",
    "type": "searchset",
    "total": 2,
    "link": [
        {
            "relation": "self",
            "url": "https://appmarket.epic.com/interconnect-amcurprd-oauth/api/FHIR/R4/MedicationRequest?_include=MedicationRequest:medicationReference&_include=MedicationRequest:subject&_format=json&patient=eeA37o3r8BLNsNIg2rc.lIw3"
        }
    ],
    "entry": [
        {
            "link": [
                {
                    "relation": "self",
                    "url": "https://appmarket.epic.com/interconnect-amcurprd-oauth/api/FHIR/R4/MedicationRequest/efCa1vBEceU45uBqlDBGlEA3"
                }
            ],
            "fullUrl": "https://appmarket.epic.com/interconnect-amcurprd-oauth/api/FHIR/R4/MedicationRequest/efCa1vBEceU45uBqlDBGlEA3",
            "resource": {
                "resourceType": "MedicationRequest",
                "id": "efCa1vBEceU45uBqlDBGlEA3",
                "identifier": [
                    {
                        "use": "usual",
                        "system": "urn:oid:1.2.840.114350.1.13.0.1.7.2.798268",
                        "value": "895062"
                    }
                ],
                "status": "active",
                "intent": "order",
                "category": [
                    {
                        "coding": [
                            {
                                "system": "http://terminology.hl7.org/CodeSystem/medicationrequest-category",
                                "code": "inpatient",
                                "display": "Inpatient"
                            }
                        ],
                        "text": "Inpatient"
                    }
                ],
                "medicationReference": {
                    "reference": "Medication/euJxLEsImUcF7iWmwspVaXteKjTYY6IxDE3sM.d98GVAYX2TGPOgCQLUQiKJWHZmc3",
                    "display": "fentaNYL bolus from bag"
                },
                "subject": {
                    "reference": "Patient/eeA37o3r8BLNsNIg2rc.lIw3",
                    "display": "Integration, John"
                },
                "encounter": {
                    "reference": "Encounter/eenaOxONOIU534fVEbuHQqA3",
                    "identifier": {
                        "use": "usual",
                        "system": "urn:oid:1.2.840.114350.1.13.0.1.7.3.698084.8",
                        "value": "11757"
                    },
                    "display": "Hospital Encounter"
                },
                "authoredOn": "2015-04-16T13:12:12Z",
                "requester": {
                    "reference": "Practitioner/epqYbp6J8nBRvnn7gRqoW1g3",
                    "type": "Practitioner",
                    "display": "Audiologist Ancillary, AUD"
                },
                "recorder": {
                    "reference": "Practitioner/eWi23CFKIZBN49H--0z4GVw3",
                    "type": "Practitioner",
                    "display": "Nurse Inpatient, RN"
                },
                "courseOfTherapyType": {
                    "coding": [
                        {
                            "system": "http://terminology.hl7.org/CodeSystem/medicationrequest-course-of-therapy",
                            "code": "acute",
                            "display": "Short course (acute) therapy"
                        }
                    ],
                    "text": "Short course (acute) therapy"
                },
                "dosageInstruction": [
                    {
                        "text": "10 mcg, Intravenous, Every 1 hour PRN, severe pain, Starting on Thu 4/16/15 at 0810",
                        "timing": {
                            "repeat": {
                                "boundsPeriod": {
                                    "start": "2015-04-16T13:10:58Z"
                                },
                                "frequency": 1,
                                "period": 1,
                                "periodUnit": "h"
                            },
                            "code": {
                                "text": "Every 1 hour as needed"
                            }
                        },
                        "asNeededBoolean": true,
                        "route": {
                            "coding": [
                                {
                                    "system": "http://snomed.info/sct",
                                    "code": "418114005",
                                    "display": "Intravenous central route (qualifier value)"
                                },
                                {
                                    "system": "urn:oid:1.2.840.114350.1.13.0.1.7.4.798268.7025",
                                    "code": "11",
                                    "display": "Intravenous"
                                }
                            ],
                            "text": "Intravenous"
                        },
                        "doseAndRate": [
                            {
                                "type": {
                                    "coding": [
                                        {
                                            "system": "http://epic.com/CodeSystem/dose-rate-type",
                                            "code": "calculated",
                                            "display": "calculated"
                                        }
                                    ],
                                    "text": "calculated"
                                },
                                "doseQuantity": {
                                    "value": 10,
                                    "unit": "mcg",
                                    "system": "http://unitsofmeasure.org",
                                    "code": "ug"
                                }
                            },
                            {
                                "type": {
                                    "coding": [
                                        {
                                            "system": "http://epic.com/CodeSystem/dose-rate-type",
                                            "code": "admin-amount",
                                            "display": "admin-amount"
                                        }
                                    ],
                                    "text": "admin-amount"
                                },
                                "doseQuantity": {
                                    "value": 10,
                                    "unit": "mcg",
                                    "system": "http://unitsofmeasure.org",
                                    "code": "ug"
                                }
                            },
                            {
                                "type": {
                                    "coding": [
                                        {
                                            "system": "http://epic.com/CodeSystem/dose-rate-type",
                                            "code": "ordered",
                                            "display": "ordered"
                                        }
                                    ],
                                    "text": "ordered"
                                },
                                "doseQuantity": {
                                    "value": 10,
                                    "unit": "mcg",
                                    "system": "http://unitsofmeasure.org",
                                    "code": "ug"
                                }
                            }
                        ]
                    }
                ]
            },
            "search": {
                "mode": "match"
            }
        },
        {
            "link": [
                {
                    "relation": "self",
                    "url": "https://appmarket.epic.com/interconnect-amcurprd-oauth/api/FHIR/R4/MedicationRequest/ekx67zsb76VViV29cXAh8LQ3"
                }
            ],
            "fullUrl": "https://appmarket.epic.com/interconnect-amcurprd-oauth/api/FHIR/R4/MedicationRequest/ekx67zsb76VViV29cXAh8LQ3",
            "resource": {
                "resourceType": "MedicationRequest",
                "id": "ekx67zsb76VViV29cXAh8LQ3",
                "identifier": [
                    {
                        "use": "usual",
                        "system": "urn:oid:1.2.840.114350.1.13.0.1.7.2.798268",
                        "value": "895063"
                    }
                ],
                "status": "stopped",
                "intent": "order",
                "category": [
                    {
                        "coding": [
                            {
                                "system": "http://terminology.hl7.org/CodeSystem/medicationrequest-category",
                                "code": "inpatient",
                                "display": "Inpatient"
                            }
                        ],
                        "text": "Inpatient"
                    }
                ],
                "medicationReference": {
                    "reference": "Medication/e0y39DfclViUVacZzkjpiNPXxD5bWdWH-FdKh9cQ2J8URjsNp1BdDAYrREzIEC2cx3",
                    "display": "fentaNYL (SUBLIMAZE) infusion"
                },
                "subject": {
                    "reference": "Patient/eeA37o3r8BLNsNIg2rc.lIw3",
                    "display": "Integration, John"
                },
                "encounter": {
                    "reference": "Encounter/eenaOxONOIU534fVEbuHQqA3",
                    "identifier": {
                        "use": "usual",
                        "system": "urn:oid:1.2.840.114350.1.13.0.1.7.3.698084.8",
                        "value": "11757"
                    },
                    "display": "Hospital Encounter"
                },
                "authoredOn": "2015-04-16T13:12:14Z",
                "requester": {
                    "reference": "Practitioner/epqYbp6J8nBRvnn7gRqoW1g3",
                    "type": "Practitioner",
                    "display": "Audiologist Ancillary, AUD"
                },
                "recorder": {
                    "reference": "Practitioner/eWi23CFKIZBN49H--0z4GVw3",
                    "type": "Practitioner",
                    "display": "Nurse Inpatient, RN"
                },
                "courseOfTherapyType": {
                    "coding": [
                        {
                            "system": "http://terminology.hl7.org/CodeSystem/medicationrequest-course-of-therapy",
                            "code": "acute",
                            "display": "Short course (acute) therapy"
                        }
                    ],
                    "text": "Short course (acute) therapy"
                },
                "dosageInstruction": [
                    {
                        "text": "0.7-2 mcg/kg/hr, Intravenous, Continuous, Starting on Thu 4/16/15 at 0815",
                        "timing": {
                            "repeat": {
                                "boundsPeriod": {
                                    "start": "2015-04-16T13:15:00Z",
                                    "end": "2015-08-06T15:04:31Z"
                                }
                            },
                            "code": {
                                "text": "Continuous"
                            }
                        },
                        "asNeededBoolean": false,
                        "route": {
                            "coding": [
                                {
                                    "system": "http://snomed.info/sct",
                                    "code": "418114005",
                                    "display": "Intravenous central route (qualifier value)"
                                },
                                {
                                    "system": "urn:oid:1.2.840.114350.1.13.0.1.7.4.798268.7025",
                                    "code": "11",
                                    "display": "Intravenous"
                                }
                            ],
                            "text": "Intravenous"
                        },
                        "doseAndRate": [
                            {
                                "type": {
                                    "coding": [
                                        {
                                            "system": "http://epic.com/CodeSystem/dose-rate-type",
                                            "code": "ordered",
                                            "display": "ordered"
                                        }
                                    ],
                                    "text": "ordered"
                                },
                                "doseRange": {
                                    "low": {
                                        "value": 0.7,
                                        "unit": "mcg/kg/hr",
                                        "system": "http://unitsofmeasure.org",
                                        "code": "ug/kg/h"
                                    },
                                    "high": {
                                        "value": 2,
                                        "unit": "mcg/kg/hr",
                                        "system": "http://unitsofmeasure.org",
                                        "code": "ug/kg/h"
                                    }
                                }
                            }
                        ]
                    }
                ]
            },
            "search": {
                "mode": "match"
            }
        },
        {
            "link": [
                {
                    "relation": "self",
                    "url": "https://appmarket.epic.com/interconnect-amcurprd-oauth/api/FHIR/R4/Medication/e0y39DfclViUVacZzkjpiNPXxD5bWdWH-FdKh9cQ2J8URjsNp1BdDAYrREzIEC2cx3"
                }
            ],
            "fullUrl": "https://appmarket.epic.com/interconnect-amcurprd-oauth/api/FHIR/R4/Medication/e0y39DfclViUVacZzkjpiNPXxD5bWdWH-FdKh9cQ2J8URjsNp1BdDAYrREzIEC2cx3",
            "resource": {
                "resourceType": "Medication",
                "id": "e0y39DfclViUVacZzkjpiNPXxD5bWdWH-FdKh9cQ2J8URjsNp1BdDAYrREzIEC2cx3",
                "code": {
                    "text": "fentaNYL (SUBLIMAZE) infusion"
                },
                "ingredient": [
                    {
                        "itemReference": {
                            "reference": "Medication/e9mhLtUcUwNzJHeDuVdW7oA3",
                            "display": "fentaNYL"
                        },
                        "strength": {
                            "numerator": {
                                "value": 400,
                                "unit": "mcg",
                                "system": "http://unitsofmeasure.org",
                                "code": "ug"
                            },
                            "denominator": {
                                "value": 100,
                                "unit": "mL",
                                "system": "http://unitsofmeasure.org",
                                "code": "mL"
                            }
                        }
                    },
                    {
                        "itemReference": {
                            "reference": "Medication/etFljppYv7KjLyRuKqJ2ypw3",
                            "display": "sodium chloride 0.9 %"
                        },
                        "strength": {
                            "numerator": {
                                "value": 250,
                                "unit": "mL",
                                "system": "http://unitsofmeasure.org",
                                "code": "mL"
                            },
                            "denominator": {
                                "value": 100,
                                "unit": "mL",
                                "system": "http://unitsofmeasure.org",
                                "code": "mL"
                            }
                        }
                    }
                ]
            },
            "search": {
                "mode": "include"
            }
        },
        {
            "link": [
                {
                    "relation": "self",
                    "url": "https://appmarket.epic.com/interconnect-amcurprd-oauth/api/FHIR/R4/Patient/eeA37o3r8BLNsNIg2rc.lIw3"
                }
            ],
            "fullUrl": "https://appmarket.epic.com/interconnect-amcurprd-oauth/api/FHIR/R4/Patient/eeA37o3r8BLNsNIg2rc.lIw3",
            "resource": {
                "resourceType": "Patient",
                "id": "eeA37o3r8BLNsNIg2rc.lIw3",
                "extension": [
                    {
                        "extension": [
                            {
                                "valueCoding": {
                                    "system": "urn:oid:2.16.840.1.113883.6.238",
                                    "code": "2106-3",
                                    "display": "White"
                                },
                                "url": "ombCategory"
                            },
                            {
                                "valueString": "White",
                                "url": "text"
                            }
                        ],
                        "url": "http://hl7.org/fhir/us/core/StructureDefinition/us-core-race"
                    },
                    {
                        "extension": [
                            {
                                "valueCoding": {
                                    "system": "urn:oid:2.16.840.1.113883.6.238",
                                    "code": "2186-5",
                                    "display": "Not Hispanic or Latino"
                                },
                                "url": "ombCategory"
                            },
                            {
                                "valueString": "Not Hispanic or Latino",
                                "url": "text"
                            }
                        ],
                        "url": "http://hl7.org/fhir/us/core/StructureDefinition/us-core-ethnicity"
                    },
                    {
                        "valueCodeableConcept": {
                            "coding": [
                                {
                                    "system": "urn:oid:1.2.840.114350.1.13.0.1.7.10.698084.130.657370.19999000",
                                    "code": "male",
                                    "display": "male"
                                }
                            ]
                        },
                        "url": "http://open.epic.com/FHIR/StructureDefinition/extension/legal-sex"
                    },
                    {
                        "valueCodeableConcept": {
                            "coding": [
                                {
                                    "system": "urn:oid:1.2.840.114350.1.13.0.1.7.10.698084.130.657370.19999000",
                                    "code": "male",
                                    "display": "male"
                                }
                            ]
                        },
                        "url": "http://open.epic.com/FHIR/StructureDefinition/extension/sex-for-clinical-use"
                    },
                    {
                        "valueCode": "M",
                        "url": "http://hl7.org/fhir/us/core/StructureDefinition/us-core-birthsex"
                    }
                ],
                "identifier": [
                    {
                        "use": "usual",
                        "system": "urn:oid:2.16.840.1.113883.4.1",
                        "value": "130-17-7232"
                    },
                    {
                        "use": "usual",
                        "type": {
                            "text": "CEID"
                        },
                        "system": "urn:epic:apporchard.curprod",
                        "value": "AO1PQNJ9JFK58KM"
                    },
                    {
                        "use": "usual",
                        "type": {
                            "text": "EPIC"
                        },
                        "system": "urn:oid:1.2.840.114350.1.1",
                        "value": "E3242"
                    },
                    {
                        "use": "usual",
                        "type": {
                            "text": "EXTERNAL"
                        },
                        "system": "urn:oid:1.2.840.114350.1.13.0.1.7.2.698084",
                        "value": "Z5093"
                    },
                    {
                        "use": "usual",
                        "type": {
                            "text": "FHIR"
                        },
                        "system": "http://open.epic.com/FHIR/StructureDefinition/patient-dstu2-fhir-id",
                        "value": "TVBzAPvuNVPW-UBDqXJm5DkS2gWVvHRWWF5bby3UzZqYB"
                    },
                    {
                        "use": "usual",
                        "type": {
                            "text": "FHIR STU3"
                        },
                        "system": "http://open.epic.com/FHIR/StructureDefinition/patient-fhir-id",
                        "value": "eeA37o3r8BLNsNIg2rc.lIw3"
                    },
                    {
                        "use": "usual",
                        "type": {
                            "text": "INTERNAL"
                        },
                        "system": "urn:oid:1.2.840.114350.1.13.0.1.7.2.698084",
                        "value": "     Z5093"
                    },
                    {
                        "use": "usual",
                        "type": {
                            "text": "MRN"
                        },
                        "system": "urn:oid:1.2.840.114350.1.13.0.1.7.5.737384.14",
                        "value": "202992"
                    }
                ],
                "active": true,
                "name": [
                    {
                        "use": "official",
                        "text": "John Integration",
                        "family": "Integration",
                        "given": [
                            "John"
                        ]
                    },
                    {
                        "use": "usual",
                        "text": "John Integration",
                        "family": "Integration",
                        "given": [
                            "John"
                        ]
                    }
                ],
                "telecom": [
                    {
                        "system": "phone",
                        "value": "608-213-5806",
                        "use": "home"
                    },
                    {
                        "system": "phone",
                        "value": "608-272-5000",
                        "use": "work"
                    }
                ],
                "gender": "male",
                "birthDate": "1953-06-08",
                "deceasedBoolean": false,
                "address": [
                    {
                        "use": "home",
                        "line": [
                            "134 Elm Street"
                        ],
                        "city": "Madison",
                        "district": "DANE",
                        "state": "WI",
                        "postalCode": "53706",
                        "country": "US"
                    }
                ],
                "maritalStatus": {
                    "text": "Married"
                },
                "contact": [
                    {
                        "relationship": [
                            {
                                "coding": [
                                    {
                                        "system": "http://terminology.hl7.org/CodeSystem/v2-0131",
                                        "code": "C",
                                        "display": "Emergency Contact"
                                    },
                                    {
                                        "system": "http://terminology.hl7.org/CodeSystem/v2-0131",
                                        "code": "N",
                                        "display": "Next-of-Kin"
                                    },
                                    {
                                        "system": "urn:oid:1.2.840.114350.1.13.0.1.7.4.827665.1000",
                                        "code": "14",
                                        "display": "Sister"
                                    }
                                ],
                                "text": "Sister"
                            }
                        ],
                        "name": {
                            "use": "usual",
                            "text": "Sally Tonga"
                        },
                        "telecom": [
                            {
                                "system": "phone",
                                "value": "608-921-8342",
                                "use": "home"
                            }
                        ]
                    },
                    {
                        "relationship": [
                            {
                                "coding": [
                                    {
                                        "system": "http://terminology.hl7.org/CodeSystem/v2-0131",
                                        "code": "E",
                                        "display": "Employer"
                                    }
                                ]
                            }
                        ],
                        "organization": {
                            "display": "Ehs Generic Employer"
                        }
                    }
                ],
                "managingOrganization": {
                    "reference": "Organization/enRyWnSP963FYDpoks4NHOA3",
                    "display": "Epic Hospital System"
                }
            },
            "search": {
                "mode": "include"
            }
        },
        {
            "link": [
                {
                    "relation": "self",
                    "url": "https://appmarket.epic.com/interconnect-amcurprd-oauth/api/FHIR/R4/Medication/euJxLEsImUcF7iWmwspVaXteKjTYY6IxDE3sM.d98GVAYX2TGPOgCQLUQiKJWHZmc3"
                }
            ],
            "fullUrl": "https://appmarket.epic.com/interconnect-amcurprd-oauth/api/FHIR/R4/Medication/euJxLEsImUcF7iWmwspVaXteKjTYY6IxDE3sM.d98GVAYX2TGPOgCQLUQiKJWHZmc3",
            "resource": {
                "resourceType": "Medication",
                "id": "euJxLEsImUcF7iWmwspVaXteKjTYY6IxDE3sM.d98GVAYX2TGPOgCQLUQiKJWHZmc3",
                "code": {
                    "coding": [
                        {
                            "system": "http://www.nlm.nih.gov/research/umls/rxnorm",
                            "code": "4337"
                        },
                        {
                            "system": "http://www.nlm.nih.gov/research/umls/rxnorm",
                            "code": "142436"
                        }
                    ],
                    "text": "fentaNYL bolus from bag"
                },
                "ingredient": [
                    {
                        "itemCodeableConcept": {
                            "coding": [
                                {
                                    "system": "http://www.nlm.nih.gov/research/umls/rxnorm",
                                    "code": "4337"
                                },
                                {
                                    "system": "http://www.nlm.nih.gov/research/umls/rxnorm",
                                    "code": "142436"
                                }
                            ],
                            "text": "fentaNYL bolus from bag"
                        }
                    }
                ]
            },
            "search": {
                "mode": "include"
            }
        }
    ]
}