{
    "resourceType": "Bundle",
    "type": "searchset",
    "total": 1,
    "link": [
        {
            "relation": "self",
            "url": "https://apporchard.epic.com/interconnect-aocurprd-oauth/api/FHIR/R4/MedicationRequest?_format=json&patient=ezO66Qy965RYVZWcJgZhZug3"
        }
    ],
    "entry": [
        {
            "link": [
                {
                    "relation": "self",
                    "url": "https://apporchard.epic.com/interconnect-aocurprd-oauth/api/FHIR/R4/MedicationRequest/eV8b51FBvY86u-YKzQpvsl-GkBsAFY2KL8ujkQLbETG43"
                }
            ],
            "fullUrl": "https://apporchard.epic.com/interconnect-aocurprd-oauth/api/FHIR/R4/MedicationRequest/eV8b51FBvY86u-YKzQpvsl-GkBsAFY2KL8ujkQLbETG43",
            "resource": {
                "resourceType": "MedicationRequest",
                "id": "eV8b51FBvY86u-YKzQpvsl-GkBsAFY2KL8ujkQLbETG43",
                "identifier": [
                    {
                        "use": "usual",
                        "system": "urn:oid:1.2.840.114350.1.13.0.1.7.2.798268",
                        "value": "1048970"
                    }
                ],
                "status": "active",
                "intent": "order",
                "category": [
                    {
                        "coding": [
                            {
                                "system": "http://terminology.hl7.org/CodeSystem/medicationrequest-category",
                                "code": "inpatient",
                                "display": "Inpatient"
                            }
                        ],
                        "text": "Inpatient"
                    }
                ],
                "medicationReference": {
                    "reference": "Medication/e.Le4QKC9idua6y3OLwXgmg0XX4UGyi-Ud7DvplFASGqCHQeIHWrFGlkqZ3ZG.oyFjmA6TXwnyUQfisIFonyYrQ3",
                    "display": "fentaNYL (SUBLIMAZE) injection 50 mcg/mL"
                },
                "subject": {
                    "reference": "Patient/ezO66Qy965RYVZWcJgZhZug3",
                    "display": "Beacon, Payton"
                },
                "encounter": {
                    "reference": "Encounter/eMkoPUJeafXmKxeYTENHn0w3",
                    "display": "Hospital Encounter"
                },
                "authoredOn": "2018-08-31T20:50:23Z",
                "requester": {
                    "reference": "Practitioner/e9s-IdXQOUVywHOVoisd6xQ3",
                    "type": "Practitioner",
                    "display": "Attending Physician Inpatient, MD"
                },
                "recorder": {
                    "reference": "Practitioner/e9s-IdXQOUVywHOVoisd6xQ3",
                    "type": "Practitioner",
                    "display": "Attending Physician Inpatient, MD"
                },
                "courseOfTherapyType": {
                    "coding": [
                        {
                            "system": "http://terminology.hl7.org/CodeSystem/medicationrequest-course-of-therapy",
                            "code": "acute",
                            "display": "Short course (acute) therapy"
                        }
                    ],
                    "text": "Short course (acute) therapy"
                },
                "dosageInstruction": [
                    {
                        "text": "25 mcg, Intravenous, Every 1 hour PRN, severe pain, Starting Fri 8/31/18 at 1550",
                        "timing": {
                            "repeat": {
                                "boundsPeriod": {
                                    "start": "2018-08-31T20:50:05Z"
                                },
                                "frequency": 1,
                                "period": 1,
                                "periodUnit": "h"
                            },
                            "code": {
                                "text": "Every 1 hour as needed"
                            }
                        },
                        "asNeededBoolean": true,
                        "route": {
                            "coding": [
                                {
                                    "system": "http://snomed.info/sct",
                                    "code": "418114005",
                                    "display": "Intravenous central route (qualifier value)"
                                },
                                {
                                    "system": "urn:oid:1.2.840.114350.1.13.0.1.7.4.798268.7025",
                                    "code": "11",
                                    "display": "Intravenous"
                                }
                            ],
                            "text": "Intravenous"
                        },
                        "doseAndRate": [
                            {
                                "type": {
                                    "coding": [
                                        {
                                            "system": "http://epic.com/CodeSystem/dose-rate-type",
                                            "code": "calculated",
                                            "display": "calculated"
                                        }
                                    ],
                                    "text": "calculated"
                                },
                                "doseQuantity": {
                                    "value": 25,
                                    "unit": "mcg",
                                    "system": "http://unitsofmeasure.org",
                                    "code": "ug"
                                }
                            },
                            {
                                "type": {
                                    "coding": [
                                        {
                                            "system": "http://epic.com/CodeSystem/dose-rate-type",
                                            "code": "admin-amount",
                                            "display": "admin-amount"
                                        }
                                    ],
                                    "text": "admin-amount"
                                },
                                "doseQuantity": {
                                    "value": 0.5,
                                    "unit": "mL",
                                    "system": "http://unitsofmeasure.org",
                                    "code": "mL"
                                }
                            },
                            {
                                "type": {
                                    "coding": [
                                        {
                                            "system": "http://epic.com/CodeSystem/dose-rate-type",
                                            "code": "ordered",
                                            "display": "ordered"
                                        }
                                    ],
                                    "text": "ordered"
                                },
                                "doseQuantity": {
                                    "value": 25,
                                    "unit": "mcg",
                                    "system": "http://unitsofmeasure.org",
                                    "code": "ug"
                                }
                            }
                        ]
                    }
                ]
            },
            "search": {
                "mode": "match"
            }
        }
    ]
}