{
    "resourceType": "Bundle",
    "type": "searchset",
    "total": 2,
    "link": [
        {
            "relation": "self",
            "url": "https://apporchard.epic.com/interconnect-aocurprd-oauth/api/FHIR/R4/MedicationRequest?_format=json&patient=eRp.HuKDlKB8MhAkzHFthQQ3"
        }
    ],
    "entry": [
        {
            "link": [
                {
                    "relation": "self",
                    "url": "https://apporchard.epic.com/interconnect-aocurprd-oauth/api/FHIR/R4/MedicationRequest/e4C3O4EOcVz5IlV6h5orTow3"
                }
            ],
            "fullUrl": "https://apporchard.epic.com/interconnect-aocurprd-oauth/api/FHIR/R4/MedicationRequest/e4C3O4EOcVz5IlV6h5orTow3",
            "resource": {
                "resourceType": "MedicationRequest",
                "id": "e4C3O4EOcVz5IlV6h5orTow3",
                "identifier": [
                    {
                        "use": "usual",
                        "system": "urn:oid:1.2.840.114350.1.13.0.1.7.2.798268",
                        "value": "850290"
                    }
                ],
                "status": "active",
                "intent": "order",
                "category": [
                    {
                        "coding": [
                            {
                                "system": "http://terminology.hl7.org/CodeSystem/medicationrequest-category",
                                "code": "outpatient",
                                "display": "Outpatient"
                            }
                        ],
                        "text": "Outpatient"
                    }
                ],
                "medicationReference": {
                    "reference": "Medication/eRrjua1HzFTzmN6zFz1PaMa49nJ073yawJLi492tKOyoEmbmCrhkKV1ZApSqKVCkN3",
                    "display": "warfarin (COUMADIN) tablet"
                },
                "subject": {
                    "reference": "Patient/eRp.HuKDlKB8MhAkzHFthQQ3",
                    "display": "Asap, Adam"
                },
                "encounter": {
                    "reference": "Encounter/eUAW2-QkdwCE7KH7awS8sfw3",
                    "display": "Emergency"
                },
                "authoredOn": "2013-11-06T01:47:14Z",
                "requester": {
                    "reference": "Practitioner/e8bM9BibcJ25SLe6lJi5i9Q3",
                    "type": "Practitioner",
                    "display": "Attending Physician Emergency, MD"
                },
                "recorder": {
                    "reference": "Practitioner/e8bM9BibcJ25SLe6lJi5i9Q3",
                    "type": "Practitioner",
                    "display": "Attending Physician Emergency, MD"
                },
                "courseOfTherapyType": {
                    "coding": [
                        {
                            "system": "http://terminology.hl7.org/CodeSystem/medicationrequest-course-of-therapy",
                            "code": "acute",
                            "display": "Short course (acute) therapy"
                        }
                    ],
                    "text": "Short course (acute) therapy"
                },
                "dosageInstruction": [
                    {
                        "text": "2.5 mg, Oral, Daily, First dose on Tue 11/5/13 at 2000",
                        "timing": {
                            "repeat": {
                                "boundsPeriod": {
                                    "start": "2013-11-06T02:00:00Z"
                                },
                                "frequency": 1,
                                "period": 1,
                                "periodUnit": "d"
                            },
                            "code": {
                                "text": "0900"
                            }
                        },
                        "asNeededBoolean": false,
                        "route": {
                            "coding": [
                                {
                                    "system": "http://snomed.info/sct",
                                    "code": "260548002",
                                    "display": "Oral (qualifier value)"
                                },
                                {
                                    "system": "urn:oid:1.2.840.114350.1.13.0.1.7.4.798268.7025",
                                    "code": "15",
                                    "display": "Oral"
                                }
                            ],
                            "text": "Oral"
                        },
                        "doseAndRate": [
                            {
                                "type": {
                                    "coding": [
                                        {
                                            "system": "http://epic.com/CodeSystem/dose-rate-type",
                                            "code": "calculated",
                                            "display": "calculated"
                                        }
                                    ],
                                    "text": "calculated"
                                },
                                "doseQuantity": {
                                    "value": 2.5,
                                    "unit": "mg",
                                    "system": "http://unitsofmeasure.org",
                                    "code": "mg"
                                }
                            },
                            {
                                "type": {
                                    "coding": [
                                        {
                                            "system": "http://epic.com/CodeSystem/dose-rate-type",
                                            "code": "admin-amount",
                                            "display": "admin-amount"
                                        }
                                    ],
                                    "text": "admin-amount"
                                },
                                "doseQuantity": {
                                    "value": 0.5,
                                    "unit": "tablet",
                                    "system": "http://unitsofmeasure.org",
                                    "code": "{tbl}"
                                }
                            },
                            {
                                "type": {
                                    "coding": [
                                        {
                                            "system": "http://epic.com/CodeSystem/dose-rate-type",
                                            "code": "ordered",
                                            "display": "ordered"
                                        }
                                    ],
                                    "text": "ordered"
                                },
                                "doseQuantity": {
                                    "value": 2.5,
                                    "unit": "mg",
                                    "system": "http://unitsofmeasure.org",
                                    "code": "mg"
                                }
                            }
                        ]
                    }
                ]
            },
            "search": {
                "mode": "match"
            }
        },
        {
            "link": [
                {
                    "relation": "self",
                    "url": "https://apporchard.epic.com/interconnect-aocurprd-oauth/api/FHIR/R4/MedicationRequest/esRVyu5aPWljUe6HJ0mfLsg3"
                }
            ],
            "fullUrl": "https://apporchard.epic.com/interconnect-aocurprd-oauth/api/FHIR/R4/MedicationRequest/esRVyu5aPWljUe6HJ0mfLsg3",
            "resource": {
                "resourceType": "MedicationRequest",
                "id": "esRVyu5aPWljUe6HJ0mfLsg3",
                "identifier": [
                    {
                        "use": "usual",
                        "system": "urn:oid:1.2.840.114350.1.13.0.1.7.2.798268",
                        "value": "926643"
                    }
                ],
                "status": "on-hold",
                "intent": "plan",
                "category": [
                    {
                        "coding": [
                            {
                                "system": "http://terminology.hl7.org/CodeSystem/medicationrequest-category",
                                "code": "community",
                                "display": "Community"
                            }
                        ],
                        "text": "Community"
                    }
                ],
                "reportedBoolean": true,
                "medicationReference": {
                    "reference": "Medication/eWsLe1Oy1sGigN-S13IvXNlPhdSyr50vfKPTKPK1bJiMKjjpYed.2R42eIUckxjwH3",
                    "display": "acetaminophen (TYLENOL) tablet"
                },
                "subject": {
                    "reference": "Patient/eRp.HuKDlKB8MhAkzHFthQQ3",
                    "display": "Asap, Adam"
                },
                "encounter": {
                    "reference": "Encounter/eUAW2-QkdwCE7KH7awS8sfw3",
                    "display": "Emergency"
                },
                "authoredOn": "2014-06-11T14:21:55Z",
                "requester": {
                    "extension": [
                        {
                            "valueCode": "unknown",
                            "url": "http://hl7.org/fhir/StructureDefinition/data-absent-reason"
                        }
                    ]
                },
                "recorder": {
                    "reference": "Practitioner/eyoYWmDMaBIZSL6vkLCEZMA3",
                    "type": "Practitioner",
                    "display": "Pharmacist Willow, RPh"
                },
                "courseOfTherapyType": {
                    "coding": [
                        {
                            "system": "http://terminology.hl7.org/CodeSystem/medicationrequest-course-of-therapy",
                            "code": "acute",
                            "display": "Short course (acute) therapy"
                        }
                    ],
                    "text": "Short course (acute) therapy"
                },
                "dosageInstruction": [
                    {
                        "text": "Take 650 mg by mouth every 6 (six) hours as needed for mild pain., Until Discontinued, Historical Med",
                        "patientInstruction": "Take 650 mg by mouth every 6 (six) hours as needed for mild pain.",
                        "timing": {
                            "repeat": {
                                "frequency": 1,
                                "period": 6,
                                "periodUnit": "h"
                            },
                            "code": {
                                "text": "Every 6 hours as needed"
                            }
                        },
                        "asNeededBoolean": true,
                        "route": {
                            "coding": [
                                {
                                    "system": "http://snomed.info/sct",
                                    "code": "260548002",
                                    "display": "Oral (qualifier value)"
                                },
                                {
                                    "system": "urn:oid:1.2.840.114350.1.13.0.1.7.4.798268.7025",
                                    "code": "15",
                                    "display": "Oral"
                                }
                            ],
                            "text": "Oral"
                        },
                        "doseAndRate": [
                            {
                                "type": {
                                    "coding": [
                                        {
                                            "system": "http://epic.com/CodeSystem/dose-rate-type",
                                            "code": "ordered",
                                            "display": "ordered"
                                        }
                                    ],
                                    "text": "ordered"
                                },
                                "doseQuantity": {
                                    "value": 650,
                                    "unit": "mg",
                                    "system": "http://unitsofmeasure.org",
                                    "code": "mg"
                                }
                            }
                        ]
                    }
                ]
            },
            "search": {
                "mode": "match"
            }
        }
    ]
}