{
    "resourceType": "Bundle",
    "type": "searchset",
    "total": 13,
    "link": [
        {
            "relation": "self",
            "url": "https://apporchard.epic.com/interconnect-aocurprd-oauth/api/FHIR/R4/MedicationRequest?_format=json&patient=eeHhbXMeUnGl9r.EsaVt2kg3"
        }
    ],
    "entry": [
        {
            "link": [
                {
                    "relation": "self",
                    "url": "https://apporchard.epic.com/interconnect-aocurprd-oauth/api/FHIR/R4/MedicationRequest/eAV.RDJzMFEW4CZNkwfAIzA3"
                }
            ],
            "fullUrl": "https://apporchard.epic.com/interconnect-aocurprd-oauth/api/FHIR/R4/MedicationRequest/eAV.RDJzMFEW4CZNkwfAIzA3",
            "resource": {
                "resourceType": "MedicationRequest",
                "id": "eAV.RDJzMFEW4CZNkwfAIzA3",
                "identifier": [
                    {
                        "use": "usual",
                        "system": "urn:oid:1.2.840.114350.1.13.0.1.7.2.798268",
                        "value": "976214"
                    }
                ],
                "status": "on-hold",
                "intent": "plan",
                "category": [
                    {
                        "coding": [
                            {
                                "system": "http://terminology.hl7.org/CodeSystem/medicationrequest-category",
                                "code": "community",
                                "display": "Community"
                            }
                        ],
                        "text": "Community"
                    }
                ],
                "reportedReference": {
                    "display": "Self"
                },
                "medicationReference": {
                    "reference": "Medication/eT03NxvQ8VEQznjD1wALeuvDH0poU3N5XQKKbdKaA4uuAEiRyriV3s3PD1Tefyreb3",
                    "display": "metFORMIN (GLUCOPHAGE) tablet"
                },
                "subject": {
                    "reference": "Patient/eeHhbXMeUnGl9r.EsaVt2kg3",
                    "display": "Infection Control, Levi"
                },
                "encounter": {
                    "reference": "Encounter/exYMITMkHMHnCetfW6XU5-w3",
                    "display": "Hospital Encounter"
                },
                "authoredOn": "2015-10-08T20:41:16Z",
                "requester": {
                    "extension": [
                        {
                            "valueCode": "unknown",
                            "url": "http://hl7.org/fhir/StructureDefinition/data-absent-reason"
                        }
                    ]
                },
                "recorder": {
                    "reference": "Practitioner/exAJI2s53wwSDac-DZlyA.g3",
                    "type": "Practitioner",
                    "display": "Physician Internal Medicine, MD"
                },
                "courseOfTherapyType": {
                    "coding": [
                        {
                            "system": "http://terminology.hl7.org/CodeSystem/medicationrequest-course-of-therapy",
                            "code": "continuous",
                            "display": "Continuous long term therapy"
                        }
                    ],
                    "text": "Continuous long term therapy"
                },
                "dosageInstruction": [
                    {
                        "text": "Take 850 mg by mouth 2 (two) times a day with meals., Historical Med",
                        "patientInstruction": "Take 850 mg by mouth 2 (two) times a day with meals.",
                        "timing": {
                            "repeat": {
                                "timeOfDay": [
                                    "08:00:00",
                                    "18:00:00"
                                ]
                            },
                            "code": {
                                "text": "0800, 1800"
                            }
                        },
                        "asNeededBoolean": false,
                        "route": {
                            "coding": [
                                {
                                    "system": "http://snomed.info/sct",
                                    "code": "260548002",
                                    "display": "Oral (qualifier value)"
                                },
                                {
                                    "system": "urn:oid:1.2.840.114350.1.13.0.1.7.4.798268.7025",
                                    "code": "15",
                                    "display": "Oral"
                                }
                            ],
                            "text": "Oral"
                        },
                        "method": {
                            "coding": [
                                {
                                    "system": "http://snomed.info/sct",
                                    "code": "419652001",
                                    "display": "Take"
                                }
                            ],
                            "text": "Take"
                        },
                        "doseAndRate": [
                            {
                                "type": {
                                    "coding": [
                                        {
                                            "system": "http://epic.com/CodeSystem/dose-rate-type",
                                            "code": "ordered",
                                            "display": "ordered"
                                        }
                                    ],
                                    "text": "ordered"
                                },
                                "doseQuantity": {
                                    "value": 850,
                                    "unit": "mg",
                                    "system": "http://unitsofmeasure.org",
                                    "code": "mg"
                                }
                            }
                        ]
                    }
                ]
            },
            "search": {
                "mode": "match"
            }
        },
        {
            "link": [
                {
                    "relation": "self",
                    "url": "https://apporchard.epic.com/interconnect-aocurprd-oauth/api/FHIR/R4/MedicationRequest/eAiYqyK7v-Xv4fWawTKyBTA3"
                }
            ],
            "fullUrl": "https://apporchard.epic.com/interconnect-aocurprd-oauth/api/FHIR/R4/MedicationRequest/eAiYqyK7v-Xv4fWawTKyBTA3",
            "resource": {
                "resourceType": "MedicationRequest",
                "id": "eAiYqyK7v-Xv4fWawTKyBTA3",
                "identifier": [
                    {
                        "use": "usual",
                        "system": "urn:oid:1.2.840.114350.1.13.0.1.7.2.798268",
                        "value": "976227"
                    }
                ],
                "status": "active",
                "intent": "order",
                "category": [
                    {
                        "coding": [
                            {
                                "system": "http://terminology.hl7.org/CodeSystem/medicationrequest-category",
                                "code": "inpatient",
                                "display": "Inpatient"
                            }
                        ],
                        "text": "Inpatient"
                    }
                ],
                "medicationReference": {
                    "reference": "Medication/eZpnyFfZJteFVRqyiFXSD3obazemS5yNs24FQP85eKAS52AylAGs6zoQZMmZ6HlNV3",
                    "display": "albuterol nebulizer solution 2.5 mg/3 mL (0.083%)"
                },
                "subject": {
                    "reference": "Patient/eeHhbXMeUnGl9r.EsaVt2kg3",
                    "display": "Infection Control, Levi"
                },
                "encounter": {
                    "reference": "Encounter/exYMITMkHMHnCetfW6XU5-w3",
                    "display": "Hospital Encounter"
                },
                "authoredOn": "2015-10-08T23:14:38Z",
                "requester": {
                    "reference": "Practitioner/e9s-IdXQOUVywHOVoisd6xQ3",
                    "type": "Practitioner",
                    "display": "Attending Physician Inpatient, MD"
                },
                "recorder": {
                    "reference": "Practitioner/e9s-IdXQOUVywHOVoisd6xQ3",
                    "type": "Practitioner",
                    "display": "Attending Physician Inpatient, MD"
                },
                "courseOfTherapyType": {
                    "coding": [
                        {
                            "system": "http://terminology.hl7.org/CodeSystem/medicationrequest-course-of-therapy",
                            "code": "acute",
                            "display": "Short course (acute) therapy"
                        }
                    ],
                    "text": "Short course (acute) therapy"
                },
                "dosageInstruction": [
                    {
                        "text": "2.5 mg, Nebulization, Every 6 hours PRN, wheezing, Starting Mon 10/5/15 at 0000",
                        "timing": {
                            "repeat": {
                                "boundsPeriod": {
                                    "start": "2015-10-05T05:00:00Z"
                                },
                                "frequency": 1,
                                "period": 6,
                                "periodUnit": "h"
                            },
                            "code": {
                                "text": "Every 6 hours as needed"
                            }
                        },
                        "asNeededBoolean": true,
                        "route": {
                            "coding": [
                                {
                                    "system": "urn:oid:1.2.840.114350.1.13.0.1.7.4.798268.7025",
                                    "code": "82",
                                    "display": "Nebulization"
                                }
                            ],
                            "text": "Nebulization"
                        },
                        "doseAndRate": [
                            {
                                "type": {
                                    "coding": [
                                        {
                                            "system": "http://epic.com/CodeSystem/dose-rate-type",
                                            "code": "calculated",
                                            "display": "calculated"
                                        }
                                    ],
                                    "text": "calculated"
                                },
                                "doseQuantity": {
                                    "value": 2.5,
                                    "unit": "mg",
                                    "system": "http://unitsofmeasure.org",
                                    "code": "mg"
                                }
                            },
                            {
                                "type": {
                                    "coding": [
                                        {
                                            "system": "http://epic.com/CodeSystem/dose-rate-type",
                                            "code": "admin-amount",
                                            "display": "admin-amount"
                                        }
                                    ],
                                    "text": "admin-amount"
                                },
                                "doseQuantity": {
                                    "value": 3,
                                    "unit": "mL",
                                    "system": "http://unitsofmeasure.org",
                                    "code": "mL"
                                }
                            },
                            {
                                "type": {
                                    "coding": [
                                        {
                                            "system": "http://epic.com/CodeSystem/dose-rate-type",
                                            "code": "ordered",
                                            "display": "ordered"
                                        }
                                    ],
                                    "text": "ordered"
                                },
                                "doseQuantity": {
                                    "value": 2.5,
                                    "unit": "mg",
                                    "system": "http://unitsofmeasure.org",
                                    "code": "mg"
                                }
                            }
                        ]
                    }
                ]
            },
            "search": {
                "mode": "match"
            }
        },
        {
            "link": [
                {
                    "relation": "self",
                    "url": "https://apporchard.epic.com/interconnect-aocurprd-oauth/api/FHIR/R4/MedicationRequest/eDgB6wYFzH1DGq8rtTnp4iA3"
                }
            ],
            "fullUrl": "https://apporchard.epic.com/interconnect-aocurprd-oauth/api/FHIR/R4/MedicationRequest/eDgB6wYFzH1DGq8rtTnp4iA3",
            "resource": {
                "resourceType": "MedicationRequest",
                "id": "eDgB6wYFzH1DGq8rtTnp4iA3",
                "identifier": [
                    {
                        "use": "usual",
                        "system": "urn:oid:1.2.840.114350.1.13.0.1.7.2.798268",
                        "value": "976225"
                    }
                ],
                "status": "active",
                "intent": "order",
                "category": [
                    {
                        "coding": [
                            {
                                "system": "http://terminology.hl7.org/CodeSystem/medicationrequest-category",
                                "code": "inpatient",
                                "display": "Inpatient"
                            }
                        ],
                        "text": "Inpatient"
                    }
                ],
                "medicationReference": {
                    "reference": "Medication/eWsLe1Oy1sGigN-S13IvXNlPF3dg-JMtXTVfu.IceEz60y.iiYsPtP0rmDy8XRe-f3",
                    "display": "acetaminophen (TYLENOL) tablet"
                },
                "subject": {
                    "reference": "Patient/eeHhbXMeUnGl9r.EsaVt2kg3",
                    "display": "Infection Control, Levi"
                },
                "encounter": {
                    "reference": "Encounter/exYMITMkHMHnCetfW6XU5-w3",
                    "display": "Hospital Encounter"
                },
                "authoredOn": "2015-10-08T23:14:38Z",
                "requester": {
                    "reference": "Practitioner/e9s-IdXQOUVywHOVoisd6xQ3",
                    "type": "Practitioner",
                    "display": "Attending Physician Inpatient, MD"
                },
                "recorder": {
                    "reference": "Practitioner/e9s-IdXQOUVywHOVoisd6xQ3",
                    "type": "Practitioner",
                    "display": "Attending Physician Inpatient, MD"
                },
                "courseOfTherapyType": {
                    "coding": [
                        {
                            "system": "http://terminology.hl7.org/CodeSystem/medicationrequest-course-of-therapy",
                            "code": "acute",
                            "display": "Short course (acute) therapy"
                        }
                    ],
                    "text": "Short course (acute) therapy"
                },
                "dosageInstruction": [
                    {
                        "text": "650 mg, Oral, Every 4 hours PRN, mild pain, fever, Starting Mon 10/5/15 at 0000",
                        "timing": {
                            "repeat": {
                                "boundsPeriod": {
                                    "start": "2015-10-05T05:00:00Z"
                                },
                                "frequency": 1,
                                "period": 4,
                                "periodUnit": "h"
                            },
                            "code": {
                                "text": "Every 4 (four) hours as needed"
                            }
                        },
                        "asNeededBoolean": true,
                        "route": {
                            "coding": [
                                {
                                    "system": "http://snomed.info/sct",
                                    "code": "260548002",
                                    "display": "Oral (qualifier value)"
                                },
                                {
                                    "system": "urn:oid:1.2.840.114350.1.13.0.1.7.4.798268.7025",
                                    "code": "15",
                                    "display": "Oral"
                                }
                            ],
                            "text": "Oral"
                        },
                        "doseAndRate": [
                            {
                                "type": {
                                    "coding": [
                                        {
                                            "system": "http://epic.com/CodeSystem/dose-rate-type",
                                            "code": "calculated",
                                            "display": "calculated"
                                        }
                                    ],
                                    "text": "calculated"
                                },
                                "doseQuantity": {
                                    "value": 650,
                                    "unit": "mg",
                                    "system": "http://unitsofmeasure.org",
                                    "code": "mg"
                                }
                            },
                            {
                                "type": {
                                    "coding": [
                                        {
                                            "system": "http://epic.com/CodeSystem/dose-rate-type",
                                            "code": "admin-amount",
                                            "display": "admin-amount"
                                        }
                                    ],
                                    "text": "admin-amount"
                                },
                                "doseQuantity": {
                                    "value": 2,
                                    "unit": "tablet",
                                    "system": "http://unitsofmeasure.org",
                                    "code": "{tbl}"
                                }
                            },
                            {
                                "type": {
                                    "coding": [
                                        {
                                            "system": "http://epic.com/CodeSystem/dose-rate-type",
                                            "code": "ordered",
                                            "display": "ordered"
                                        }
                                    ],
                                    "text": "ordered"
                                },
                                "doseQuantity": {
                                    "value": 650,
                                    "unit": "mg",
                                    "system": "http://unitsofmeasure.org",
                                    "code": "mg"
                                }
                            }
                        ]
                    }
                ]
            },
            "search": {
                "mode": "match"
            }
        },
        {
            "link": [
                {
                    "relation": "self",
                    "url": "https://apporchard.epic.com/interconnect-aocurprd-oauth/api/FHIR/R4/MedicationRequest/eGi8KQBIZI2TfZM54EGCsQw3"
                }
            ],
            "fullUrl": "https://apporchard.epic.com/interconnect-aocurprd-oauth/api/FHIR/R4/MedicationRequest/eGi8KQBIZI2TfZM54EGCsQw3",
            "resource": {
                "resourceType": "MedicationRequest",
                "id": "eGi8KQBIZI2TfZM54EGCsQw3",
                "identifier": [
                    {
                        "use": "usual",
                        "system": "urn:oid:1.2.840.114350.1.13.0.1.7.2.798268",
                        "value": "976231"
                    }
                ],
                "status": "active",
                "intent": "order",
                "category": [
                    {
                        "coding": [
                            {
                                "system": "http://terminology.hl7.org/CodeSystem/medicationrequest-category",
                                "code": "inpatient",
                                "display": "Inpatient"
                            }
                        ],
                        "text": "Inpatient"
                    }
                ],
                "medicationReference": {
                    "reference": "Medication/etXm34L2tBSgW3YmrH5959l2b3dSqbwN4p-I2kQiQQqIKnSfPTUpsT74f7JpW1Nya3",
                    "display": "enoxaparin (LOVENOX) injection 40 mg"
                },
                "subject": {
                    "reference": "Patient/eeHhbXMeUnGl9r.EsaVt2kg3",
                    "display": "Infection Control, Levi"
                },
                "encounter": {
                    "reference": "Encounter/exYMITMkHMHnCetfW6XU5-w3",
                    "display": "Hospital Encounter"
                },
                "authoredOn": "2015-10-08T23:14:38Z",
                "requester": {
                    "reference": "Practitioner/e9s-IdXQOUVywHOVoisd6xQ3",
                    "type": "Practitioner",
                    "display": "Attending Physician Inpatient, MD"
                },
                "recorder": {
                    "reference": "Practitioner/e9s-IdXQOUVywHOVoisd6xQ3",
                    "type": "Practitioner",
                    "display": "Attending Physician Inpatient, MD"
                },
                "courseOfTherapyType": {
                    "coding": [
                        {
                            "system": "http://terminology.hl7.org/CodeSystem/medicationrequest-course-of-therapy",
                            "code": "acute",
                            "display": "Short course (acute) therapy"
                        }
                    ],
                    "text": "Short course (acute) therapy"
                },
                "dosageInstruction": [
                    {
                        "text": "40 mg, Subcutaneous, Every 24 hours scheduled, First dose on Thu 10/8/15 at 1815",
                        "timing": {
                            "repeat": {
                                "boundsPeriod": {
                                    "start": "2015-10-08T23:15:00Z"
                                },
                                "frequency": 1,
                                "period": 1,
                                "periodUnit": "d"
                            },
                            "code": {
                                "text": "0900"
                            }
                        },
                        "asNeededBoolean": false,
                        "route": {
                            "coding": [
                                {
                                    "system": "urn:oid:1.2.840.114350.1.13.0.1.7.4.798268.7025",
                                    "code": "18",
                                    "display": "Subcutaneous"
                                }
                            ],
                            "text": "Subcutaneous"
                        },
                        "doseAndRate": [
                            {
                                "type": {
                                    "coding": [
                                        {
                                            "system": "http://epic.com/CodeSystem/dose-rate-type",
                                            "code": "calculated",
                                            "display": "calculated"
                                        }
                                    ],
                                    "text": "calculated"
                                },
                                "doseQuantity": {
                                    "value": 40,
                                    "unit": "mg",
                                    "system": "http://unitsofmeasure.org",
                                    "code": "mg"
                                }
                            },
                            {
                                "type": {
                                    "coding": [
                                        {
                                            "system": "http://epic.com/CodeSystem/dose-rate-type",
                                            "code": "admin-amount",
                                            "display": "admin-amount"
                                        }
                                    ],
                                    "text": "admin-amount"
                                },
                                "doseQuantity": {
                                    "value": 0.4,
                                    "unit": "mL",
                                    "system": "http://unitsofmeasure.org",
                                    "code": "mL"
                                }
                            },
                            {
                                "type": {
                                    "coding": [
                                        {
                                            "system": "http://epic.com/CodeSystem/dose-rate-type",
                                            "code": "ordered",
                                            "display": "ordered"
                                        }
                                    ],
                                    "text": "ordered"
                                },
                                "doseQuantity": {
                                    "value": 40,
                                    "unit": "mg",
                                    "system": "http://unitsofmeasure.org",
                                    "code": "mg"
                                }
                            }
                        ]
                    }
                ]
            },
            "search": {
                "mode": "match"
            }
        },
        {
            "link": [
                {
                    "relation": "self",
                    "url": "https://apporchard.epic.com/interconnect-aocurprd-oauth/api/FHIR/R4/MedicationRequest/eJYl6YaD3BYYzyBDzEN11kg3"
                }
            ],
            "fullUrl": "https://apporchard.epic.com/interconnect-aocurprd-oauth/api/FHIR/R4/MedicationRequest/eJYl6YaD3BYYzyBDzEN11kg3",
            "resource": {
                "resourceType": "MedicationRequest",
                "id": "eJYl6YaD3BYYzyBDzEN11kg3",
                "identifier": [
                    {
                        "use": "usual",
                        "system": "urn:oid:1.2.840.114350.1.13.0.1.7.2.798268",
                        "value": "976229"
                    }
                ],
                "status": "active",
                "intent": "order",
                "category": [
                    {
                        "coding": [
                            {
                                "system": "http://terminology.hl7.org/CodeSystem/medicationrequest-category",
                                "code": "inpatient",
                                "display": "Inpatient"
                            }
                        ],
                        "text": "Inpatient"
                    }
                ],
                "medicationReference": {
                    "reference": "Medication/eJ.zXtFYg5qHt-CqLZ86FyedyXKZaoxqjLhE9s8iQKW9w4MSZNb5WrQmZXrGN.Geg3",
                    "display": "piperacillin-tazobactam (ZOSYN) IVPB 3.375 g in 50 mL (premix)"
                },
                "subject": {
                    "reference": "Patient/eeHhbXMeUnGl9r.EsaVt2kg3",
                    "display": "Infection Control, Levi"
                },
                "encounter": {
                    "reference": "Encounter/exYMITMkHMHnCetfW6XU5-w3",
                    "display": "Hospital Encounter"
                },
                "authoredOn": "2015-10-08T23:14:38Z",
                "requester": {
                    "reference": "Practitioner/e9s-IdXQOUVywHOVoisd6xQ3",
                    "type": "Practitioner",
                    "display": "Attending Physician Inpatient, MD"
                },
                "recorder": {
                    "reference": "Practitioner/e9s-IdXQOUVywHOVoisd6xQ3",
                    "type": "Practitioner",
                    "display": "Attending Physician Inpatient, MD"
                },
                "courseOfTherapyType": {
                    "coding": [
                        {
                            "system": "http://terminology.hl7.org/CodeSystem/medicationrequest-course-of-therapy",
                            "code": "acute",
                            "display": "Short course (acute) therapy"
                        }
                    ],
                    "text": "Short course (acute) therapy"
                },
                "dosageInstruction": [
                    {
                        "text": "3.375 g, Intravenous, for 0.5 Hours, Every 6 hours, First dose on Mon 10/5/15 at 0000\npremix bag\n",
                        "timing": {
                            "repeat": {
                                "boundsPeriod": {
                                    "start": "2015-10-05T05:00:00Z"
                                },
                                "duration": 0.5,
                                "durationUnit": "h",
                                "frequency": 1,
                                "period": 6,
                                "periodUnit": "h"
                            },
                            "code": {
                                "text": "Every 6 (six) hours"
                            }
                        },
                        "asNeededBoolean": false,
                        "route": {
                            "coding": [
                                {
                                    "system": "http://snomed.info/sct",
                                    "code": "418114005",
                                    "display": "Intravenous central route (qualifier value)"
                                },
                                {
                                    "system": "urn:oid:1.2.840.114350.1.13.0.1.7.4.798268.7025",
                                    "code": "11",
                                    "display": "Intravenous"
                                }
                            ],
                            "text": "Intravenous"
                        },
                        "doseAndRate": [
                            {
                                "type": {
                                    "coding": [
                                        {
                                            "system": "http://epic.com/CodeSystem/dose-rate-type",
                                            "code": "calculated",
                                            "display": "calculated"
                                        }
                                    ],
                                    "text": "calculated"
                                },
                                "doseQuantity": {
                                    "value": 3.375,
                                    "unit": "g",
                                    "system": "http://unitsofmeasure.org",
                                    "code": "g"
                                }
                            },
                            {
                                "type": {
                                    "coding": [
                                        {
                                            "system": "http://epic.com/CodeSystem/dose-rate-type",
                                            "code": "admin-amount",
                                            "display": "admin-amount"
                                        }
                                    ],
                                    "text": "admin-amount"
                                },
                                "doseQuantity": {
                                    "value": 50,
                                    "unit": "mL",
                                    "system": "http://unitsofmeasure.org",
                                    "code": "mL"
                                }
                            },
                            {
                                "type": {
                                    "coding": [
                                        {
                                            "system": "http://epic.com/CodeSystem/dose-rate-type",
                                            "code": "ordered",
                                            "display": "ordered"
                                        }
                                    ],
                                    "text": "ordered"
                                },
                                "doseQuantity": {
                                    "value": 3.375,
                                    "unit": "g",
                                    "system": "http://unitsofmeasure.org",
                                    "code": "g"
                                }
                            }
                        ]
                    }
                ]
            },
            "search": {
                "mode": "match"
            }
        },
        {
            "link": [
                {
                    "relation": "self",
                    "url": "https://apporchard.epic.com/interconnect-aocurprd-oauth/api/FHIR/R4/MedicationRequest/eNA6XHfVIhafGBjav-UXVag3"
                }
            ],
            "fullUrl": "https://apporchard.epic.com/interconnect-aocurprd-oauth/api/FHIR/R4/MedicationRequest/eNA6XHfVIhafGBjav-UXVag3",
            "resource": {
                "resourceType": "MedicationRequest",
                "id": "eNA6XHfVIhafGBjav-UXVag3",
                "identifier": [
                    {
                        "use": "usual",
                        "system": "urn:oid:1.2.840.114350.1.13.0.1.7.2.798268",
                        "value": "976215"
                    }
                ],
                "status": "on-hold",
                "intent": "plan",
                "category": [
                    {
                        "coding": [
                            {
                                "system": "http://terminology.hl7.org/CodeSystem/medicationrequest-category",
                                "code": "community",
                                "display": "Community"
                            }
                        ],
                        "text": "Community"
                    }
                ],
                "reportedReference": {
                    "display": "Self"
                },
                "medicationReference": {
                    "reference": "Medication/ehtHesPihqUVktT1V0vpVFGjnDy1wLxZL96mA-xh7X.XlJgI57w4IdhcFuT13iqFE3",
                    "display": "multivitamin tablet"
                },
                "subject": {
                    "reference": "Patient/eeHhbXMeUnGl9r.EsaVt2kg3",
                    "display": "Infection Control, Levi"
                },
                "encounter": {
                    "reference": "Encounter/exYMITMkHMHnCetfW6XU5-w3",
                    "display": "Hospital Encounter"
                },
                "authoredOn": "2015-10-08T20:41:17Z",
                "requester": {
                    "extension": [
                        {
                            "valueCode": "unknown",
                            "url": "http://hl7.org/fhir/StructureDefinition/data-absent-reason"
                        }
                    ]
                },
                "recorder": {
                    "reference": "Practitioner/exAJI2s53wwSDac-DZlyA.g3",
                    "type": "Practitioner",
                    "display": "Physician Internal Medicine, MD"
                },
                "courseOfTherapyType": {
                    "coding": [
                        {
                            "system": "http://terminology.hl7.org/CodeSystem/medicationrequest-course-of-therapy",
                            "code": "acute",
                            "display": "Short course (acute) therapy"
                        }
                    ],
                    "text": "Short course (acute) therapy"
                },
                "dosageInstruction": [
                    {
                        "text": "Take 1 tablet by mouth daily., Historical Med",
                        "patientInstruction": "Take 1 tablet by mouth daily.",
                        "timing": {
                            "repeat": {
                                "timeOfDay": [
                                    "09:00:00"
                                ]
                            },
                            "code": {
                                "text": "0900"
                            }
                        },
                        "asNeededBoolean": false,
                        "route": {
                            "coding": [
                                {
                                    "system": "http://snomed.info/sct",
                                    "code": "260548002",
                                    "display": "Oral (qualifier value)"
                                },
                                {
                                    "system": "urn:oid:1.2.840.114350.1.13.0.1.7.4.798268.7025",
                                    "code": "15",
                                    "display": "Oral"
                                }
                            ],
                            "text": "Oral"
                        },
                        "method": {
                            "coding": [
                                {
                                    "system": "http://snomed.info/sct",
                                    "code": "419652001",
                                    "display": "Take"
                                }
                            ],
                            "text": "Take"
                        },
                        "doseAndRate": [
                            {
                                "type": {
                                    "coding": [
                                        {
                                            "system": "http://epic.com/CodeSystem/dose-rate-type",
                                            "code": "ordered",
                                            "display": "ordered"
                                        }
                                    ],
                                    "text": "ordered"
                                },
                                "doseQuantity": {
                                    "value": 1,
                                    "unit": "tablet",
                                    "system": "http://unitsofmeasure.org",
                                    "code": "{tbl}"
                                }
                            }
                        ]
                    }
                ]
            },
            "search": {
                "mode": "match"
            }
        },
        {
            "link": [
                {
                    "relation": "self",
                    "url": "https://apporchard.epic.com/interconnect-aocurprd-oauth/api/FHIR/R4/MedicationRequest/eQmxEm9eK8VwUftCzynZJkg3"
                }
            ],
            "fullUrl": "https://apporchard.epic.com/interconnect-aocurprd-oauth/api/FHIR/R4/MedicationRequest/eQmxEm9eK8VwUftCzynZJkg3",
            "resource": {
                "resourceType": "MedicationRequest",
                "id": "eQmxEm9eK8VwUftCzynZJkg3",
                "identifier": [
                    {
                        "use": "usual",
                        "system": "urn:oid:1.2.840.114350.1.13.0.1.7.2.798268",
                        "value": "976244"
                    }
                ],
                "status": "active",
                "intent": "order",
                "category": [
                    {
                        "coding": [
                            {
                                "system": "http://terminology.hl7.org/CodeSystem/medicationrequest-category",
                                "code": "inpatient",
                                "display": "Inpatient"
                            }
                        ],
                        "text": "Inpatient"
                    }
                ],
                "medicationReference": {
                    "reference": "Medication/eDskUwt1n2cJOXIb9PGceaGiTzCSL2tZzNgRGkCq3eoAGuzxpKQKAph5BFKhswuA13",
                    "display": "glucagon injection"
                },
                "subject": {
                    "reference": "Patient/eeHhbXMeUnGl9r.EsaVt2kg3",
                    "display": "Infection Control, Levi"
                },
                "encounter": {
                    "reference": "Encounter/exYMITMkHMHnCetfW6XU5-w3",
                    "display": "Hospital Encounter"
                },
                "authoredOn": "2015-10-08T23:33:54Z",
                "requester": {
                    "reference": "Practitioner/e9s-IdXQOUVywHOVoisd6xQ3",
                    "type": "Practitioner",
                    "display": "Attending Physician Inpatient, MD"
                },
                "recorder": {
                    "reference": "Practitioner/eWi23CFKIZBN49H--0z4GVw3",
                    "type": "Practitioner",
                    "display": "Nurse Inpatient, RN"
                },
                "courseOfTherapyType": {
                    "coding": [
                        {
                            "system": "http://terminology.hl7.org/CodeSystem/medicationrequest-course-of-therapy",
                            "code": "acute",
                            "display": "Short course (acute) therapy"
                        }
                    ],
                    "text": "Short course (acute) therapy"
                },
                "dosageInstruction": [
                    {
                        "text": "1 mg, Intramuscular, As needed, low blood sugar, Starting Thu 10/8/15 at 1833\nFor blood glucose less than 60 if the patient is NPO and/or non-responsive and no IV is in place.\n",
                        "timing": {
                            "repeat": {
                                "boundsPeriod": {
                                    "start": "2015-10-08T23:33:28Z"
                                },
                                "frequency": 1,
                                "period": 1,
                                "periodUnit": "d"
                            },
                            "code": {
                                "text": "As needed"
                            }
                        },
                        "asNeededBoolean": true,
                        "route": {
                            "coding": [
                                {
                                    "system": "urn:oid:1.2.840.114350.1.13.0.1.7.4.798268.7025",
                                    "code": "6",
                                    "display": "Intramuscular"
                                }
                            ],
                            "text": "Intramuscular"
                        },
                        "doseAndRate": [
                            {
                                "type": {
                                    "coding": [
                                        {
                                            "system": "http://epic.com/CodeSystem/dose-rate-type",
                                            "code": "calculated",
                                            "display": "calculated"
                                        }
                                    ],
                                    "text": "calculated"
                                },
                                "doseQuantity": {
                                    "value": 1,
                                    "unit": "mg",
                                    "system": "http://unitsofmeasure.org",
                                    "code": "mg"
                                }
                            },
                            {
                                "type": {
                                    "coding": [
                                        {
                                            "system": "http://epic.com/CodeSystem/dose-rate-type",
                                            "code": "admin-amount",
                                            "display": "admin-amount"
                                        }
                                    ],
                                    "text": "admin-amount"
                                },
                                "doseQuantity": {
                                    "value": 1,
                                    "unit": "mg",
                                    "system": "http://unitsofmeasure.org",
                                    "code": "mg"
                                }
                            },
                            {
                                "type": {
                                    "coding": [
                                        {
                                            "system": "http://epic.com/CodeSystem/dose-rate-type",
                                            "code": "ordered",
                                            "display": "ordered"
                                        }
                                    ],
                                    "text": "ordered"
                                },
                                "doseQuantity": {
                                    "value": 1,
                                    "unit": "mg",
                                    "system": "http://unitsofmeasure.org",
                                    "code": "mg"
                                }
                            }
                        ]
                    }
                ]
            },
            "search": {
                "mode": "match"
            }
        },
        {
            "link": [
                {
                    "relation": "self",
                    "url": "https://apporchard.epic.com/interconnect-aocurprd-oauth/api/FHIR/R4/MedicationRequest/eU3dlTrWKX14UcX7AxAZwqQ3"
                }
            ],
            "fullUrl": "https://apporchard.epic.com/interconnect-aocurprd-oauth/api/FHIR/R4/MedicationRequest/eU3dlTrWKX14UcX7AxAZwqQ3",
            "resource": {
                "resourceType": "MedicationRequest",
                "id": "eU3dlTrWKX14UcX7AxAZwqQ3",
                "identifier": [
                    {
                        "use": "usual",
                        "system": "urn:oid:1.2.840.114350.1.13.0.1.7.2.798268",
                        "value": "976230"
                    }
                ],
                "status": "active",
                "intent": "order",
                "category": [
                    {
                        "coding": [
                            {
                                "system": "http://terminology.hl7.org/CodeSystem/medicationrequest-category",
                                "code": "inpatient",
                                "display": "Inpatient"
                            }
                        ],
                        "text": "Inpatient"
                    }
                ],
                "medicationReference": {
                    "reference": "Medication/eK6Ht7zNuQt.yIdD6D.SKx8LtH1AsexWnt32Vvu5HfYLY7yQrhy8JbzCHIaU1FfZM3",
                    "display": "DOPamine infusion 1600 mcg/mL"
                },
                "subject": {
                    "reference": "Patient/eeHhbXMeUnGl9r.EsaVt2kg3",
                    "display": "Infection Control, Levi"
                },
                "encounter": {
                    "reference": "Encounter/exYMITMkHMHnCetfW6XU5-w3",
                    "display": "Hospital Encounter"
                },
                "authoredOn": "2015-10-08T23:14:38Z",
                "requester": {
                    "reference": "Practitioner/e9s-IdXQOUVywHOVoisd6xQ3",
                    "type": "Practitioner",
                    "display": "Attending Physician Inpatient, MD"
                },
                "recorder": {
                    "reference": "Practitioner/e9s-IdXQOUVywHOVoisd6xQ3",
                    "type": "Practitioner",
                    "display": "Attending Physician Inpatient, MD"
                },
                "courseOfTherapyType": {
                    "coding": [
                        {
                            "system": "http://terminology.hl7.org/CodeSystem/medicationrequest-course-of-therapy",
                            "code": "acute",
                            "display": "Short course (acute) therapy"
                        }
                    ],
                    "text": "Short course (acute) therapy"
                },
                "dosageInstruction": [
                    {
                        "text": "2-20 mcg/kg/min \u00d7 97.5 kg (7.3125-73.125 mL/hr, rounded to 7.31-73.13 mL/hr), Intravenous, at 7.31-73.13 mL/hr, Titrated, Starting Mon 10/5/15 at 0000\nInitiate dopamine infusion at 2 mcg/kg/min if SBP less than 90 mmHg. Titrate to keep MAP above 65 mmHg. Titrate by 2 mcg/kg/min every 5 minutes. Do not exceed 20 mcg/kg/min.\n",
                        "timing": {
                            "repeat": {
                                "boundsPeriod": {
                                    "start": "2015-10-05T05:00:00Z"
                                }
                            },
                            "code": {
                                "text": "Titrated continuously"
                            }
                        },
                        "asNeededBoolean": false,
                        "route": {
                            "coding": [
                                {
                                    "system": "http://snomed.info/sct",
                                    "code": "418114005",
                                    "display": "Intravenous central route (qualifier value)"
                                },
                                {
                                    "system": "urn:oid:1.2.840.114350.1.13.0.1.7.4.798268.7025",
                                    "code": "11",
                                    "display": "Intravenous"
                                }
                            ],
                            "text": "Intravenous"
                        },
                        "doseAndRate": [
                            {
                                "type": {
                                    "coding": [
                                        {
                                            "system": "http://epic.com/CodeSystem/dose-rate-type",
                                            "code": "calculated",
                                            "display": "calculated"
                                        }
                                    ],
                                    "text": "calculated"
                                },
                                "doseRange": {
                                    "low": {
                                        "value": 195,
                                        "unit": "mcg/min",
                                        "system": "http://unitsofmeasure.org",
                                        "code": "ug/min"
                                    },
                                    "high": {
                                        "value": 1950,
                                        "unit": "mcg/min",
                                        "system": "http://unitsofmeasure.org",
                                        "code": "ug/min"
                                    }
                                }
                            },
                            {
                                "type": {
                                    "coding": [
                                        {
                                            "system": "http://epic.com/CodeSystem/dose-rate-type",
                                            "code": "ordered",
                                            "display": "ordered"
                                        }
                                    ],
                                    "text": "ordered"
                                },
                                "doseRange": {
                                    "low": {
                                        "value": 2,
                                        "unit": "mcg/kg/min",
                                        "system": "http://unitsofmeasure.org",
                                        "code": "ug/kg/min"
                                    },
                                    "high": {
                                        "value": 20,
                                        "unit": "mcg/kg/min",
                                        "system": "http://unitsofmeasure.org",
                                        "code": "ug/kg/min"
                                    }
                                }
                            }
                        ]
                    }
                ]
            },
            "search": {
                "mode": "match"
            }
        },
        {
            "link": [
                {
                    "relation": "self",
                    "url": "https://apporchard.epic.com/interconnect-aocurprd-oauth/api/FHIR/R4/MedicationRequest/ed6xLcxiOIFLONcO.UCfo-Q3"
                }
            ],
            "fullUrl": "https://apporchard.epic.com/interconnect-aocurprd-oauth/api/FHIR/R4/MedicationRequest/ed6xLcxiOIFLONcO.UCfo-Q3",
            "resource": {
                "resourceType": "MedicationRequest",
                "id": "ed6xLcxiOIFLONcO.UCfo-Q3",
                "identifier": [
                    {
                        "use": "usual",
                        "system": "urn:oid:1.2.840.114350.1.13.0.1.7.2.798268",
                        "value": "976245"
                    }
                ],
                "status": "active",
                "intent": "order",
                "category": [
                    {
                        "coding": [
                            {
                                "system": "http://terminology.hl7.org/CodeSystem/medicationrequest-category",
                                "code": "inpatient",
                                "display": "Inpatient"
                            }
                        ],
                        "text": "Inpatient"
                    }
                ],
                "medicationReference": {
                    "reference": "Medication/eDS.4Kghzf6DEgjL-.XI3PQnFys51Gj7vDcbV4YmugK5ElHdkh3CrBFCBjtj22ptf3",
                    "display": "INSULIN PUMP - insulin regular (HumuLIN R,NovoLIN R)"
                },
                "subject": {
                    "reference": "Patient/eeHhbXMeUnGl9r.EsaVt2kg3",
                    "display": "Infection Control, Levi"
                },
                "encounter": {
                    "reference": "Encounter/exYMITMkHMHnCetfW6XU5-w3",
                    "display": "Hospital Encounter"
                },
                "authoredOn": "2015-10-08T23:33:54Z",
                "requester": {
                    "reference": "Practitioner/e9s-IdXQOUVywHOVoisd6xQ3",
                    "type": "Practitioner",
                    "display": "Attending Physician Inpatient, MD"
                },
                "recorder": {
                    "reference": "Practitioner/eWi23CFKIZBN49H--0z4GVw3",
                    "type": "Practitioner",
                    "display": "Nurse Inpatient, RN"
                },
                "courseOfTherapyType": {
                    "coding": [
                        {
                            "system": "http://terminology.hl7.org/CodeSystem/medicationrequest-course-of-therapy",
                            "code": "acute",
                            "display": "Short course (acute) therapy"
                        }
                    ],
                    "text": "Short course (acute) therapy"
                },
                "dosageInstruction": [
                    {
                        "text": "Subcutaneous, Continuous, Starting Thu 10/8/15 at 1845\nContinue with patient managed pump.\n",
                        "timing": {
                            "repeat": {
                                "boundsPeriod": {
                                    "start": "2015-10-08T23:45:00Z"
                                }
                            },
                            "code": {
                                "text": "Continuous"
                            }
                        },
                        "asNeededBoolean": false,
                        "route": {
                            "coding": [
                                {
                                    "system": "urn:oid:1.2.840.114350.1.13.0.1.7.4.798268.7025",
                                    "code": "18",
                                    "display": "Subcutaneous"
                                }
                            ],
                            "text": "Subcutaneous"
                        }
                    }
                ]
            },
            "search": {
                "mode": "match"
            }
        },
        {
            "link": [
                {
                    "relation": "self",
                    "url": "https://apporchard.epic.com/interconnect-aocurprd-oauth/api/FHIR/R4/MedicationRequest/elDUX6FueJkUO6-mGFGMQtw3"
                }
            ],
            "fullUrl": "https://apporchard.epic.com/interconnect-aocurprd-oauth/api/FHIR/R4/MedicationRequest/elDUX6FueJkUO6-mGFGMQtw3",
            "resource": {
                "resourceType": "MedicationRequest",
                "id": "elDUX6FueJkUO6-mGFGMQtw3",
                "identifier": [
                    {
                        "use": "usual",
                        "system": "urn:oid:1.2.840.114350.1.13.0.1.7.2.798268",
                        "value": "976220"
                    }
                ],
                "status": "completed",
                "intent": "order",
                "category": [
                    {
                        "coding": [
                            {
                                "system": "http://terminology.hl7.org/CodeSystem/medicationrequest-category",
                                "code": "inpatient",
                                "display": "Inpatient"
                            }
                        ],
                        "text": "Inpatient"
                    }
                ],
                "medicationReference": {
                    "reference": "Medication/exHanMETCXgFAY3EgA6vg-5YhYxuaBBS04Smq08yioJZygcSF0NxYrpDykXKZNG0b3",
                    "display": "sodium chloride 0.9 % bolus"
                },
                "subject": {
                    "reference": "Patient/eeHhbXMeUnGl9r.EsaVt2kg3",
                    "display": "Infection Control, Levi"
                },
                "encounter": {
                    "reference": "Encounter/exYMITMkHMHnCetfW6XU5-w3",
                    "display": "Hospital Encounter"
                },
                "authoredOn": "2015-10-08T23:14:38Z",
                "requester": {
                    "reference": "Practitioner/e9s-IdXQOUVywHOVoisd6xQ3",
                    "type": "Practitioner",
                    "display": "Attending Physician Inpatient, MD"
                },
                "recorder": {
                    "reference": "Practitioner/e9s-IdXQOUVywHOVoisd6xQ3",
                    "type": "Practitioner",
                    "display": "Attending Physician Inpatient, MD"
                },
                "courseOfTherapyType": {
                    "coding": [
                        {
                            "system": "http://terminology.hl7.org/CodeSystem/medicationrequest-course-of-therapy",
                            "code": "acute",
                            "display": "Short course (acute) therapy"
                        }
                    ],
                    "text": "Short course (acute) therapy"
                },
                "dosageInstruction": [
                    {
                        "text": "1,000 mL, Intravenous, at 500 mL/hr, for 2 Hours, Once, Thu 10/8/15 at 1815, For 1 dose",
                        "timing": {
                            "repeat": {
                                "boundsPeriod": {
                                    "start": "2015-10-06T07:01:00Z",
                                    "end": "2015-10-06T07:01:00Z"
                                },
                                "count": 1,
                                "duration": 2,
                                "durationUnit": "h"
                            },
                            "code": {
                                "text": "Once"
                            }
                        },
                        "asNeededBoolean": false,
                        "route": {
                            "coding": [
                                {
                                    "system": "http://snomed.info/sct",
                                    "code": "418114005",
                                    "display": "Intravenous central route (qualifier value)"
                                },
                                {
                                    "system": "urn:oid:1.2.840.114350.1.13.0.1.7.4.798268.7025",
                                    "code": "11",
                                    "display": "Intravenous"
                                }
                            ],
                            "text": "Intravenous"
                        },
                        "doseAndRate": [
                            {
                                "type": {
                                    "coding": [
                                        {
                                            "system": "http://epic.com/CodeSystem/dose-rate-type",
                                            "code": "calculated",
                                            "display": "calculated"
                                        }
                                    ],
                                    "text": "calculated"
                                },
                                "doseQuantity": {
                                    "value": 1000,
                                    "unit": "mL",
                                    "system": "http://unitsofmeasure.org",
                                    "code": "mL"
                                }
                            },
                            {
                                "type": {
                                    "coding": [
                                        {
                                            "system": "http://epic.com/CodeSystem/dose-rate-type",
                                            "code": "admin-amount",
                                            "display": "admin-amount"
                                        }
                                    ],
                                    "text": "admin-amount"
                                },
                                "doseQuantity": {
                                    "value": 1000,
                                    "unit": "mL",
                                    "system": "http://unitsofmeasure.org",
                                    "code": "mL"
                                }
                            },
                            {
                                "type": {
                                    "coding": [
                                        {
                                            "system": "http://epic.com/CodeSystem/dose-rate-type",
                                            "code": "ordered",
                                            "display": "ordered"
                                        }
                                    ],
                                    "text": "ordered"
                                },
                                "doseQuantity": {
                                    "value": 1000,
                                    "unit": "mL",
                                    "system": "http://unitsofmeasure.org",
                                    "code": "mL"
                                }
                            }
                        ]
                    }
                ]
            },
            "search": {
                "mode": "match"
            }
        },
        {
            "link": [
                {
                    "relation": "self",
                    "url": "https://apporchard.epic.com/interconnect-aocurprd-oauth/api/FHIR/R4/MedicationRequest/end7Ft8xQwyxub8hoZm5h-g3"
                }
            ],
            "fullUrl": "https://apporchard.epic.com/interconnect-aocurprd-oauth/api/FHIR/R4/MedicationRequest/end7Ft8xQwyxub8hoZm5h-g3",
            "resource": {
                "resourceType": "MedicationRequest",
                "id": "end7Ft8xQwyxub8hoZm5h-g3",
                "identifier": [
                    {
                        "use": "usual",
                        "system": "urn:oid:1.2.840.114350.1.13.0.1.7.2.798268",
                        "value": "976228"
                    }
                ],
                "status": "active",
                "intent": "order",
                "category": [
                    {
                        "coding": [
                            {
                                "system": "http://terminology.hl7.org/CodeSystem/medicationrequest-category",
                                "code": "inpatient",
                                "display": "Inpatient"
                            }
                        ],
                        "text": "Inpatient"
                    }
                ],
                "medicationReference": {
                    "reference": "Medication/ecxc2wzfPi-.DXHHKgVkLnsn0XdzHc76U-O54qXhRonYWbyWpsruN.tMnToxkc2ec3",
                    "display": "esomeprazole (NexIUM) DR capsule"
                },
                "subject": {
                    "reference": "Patient/eeHhbXMeUnGl9r.EsaVt2kg3",
                    "display": "Infection Control, Levi"
                },
                "encounter": {
                    "reference": "Encounter/exYMITMkHMHnCetfW6XU5-w3",
                    "display": "Hospital Encounter"
                },
                "authoredOn": "2015-10-08T23:14:38Z",
                "requester": {
                    "reference": "Practitioner/e9s-IdXQOUVywHOVoisd6xQ3",
                    "type": "Practitioner",
                    "display": "Attending Physician Inpatient, MD"
                },
                "recorder": {
                    "reference": "Practitioner/e9s-IdXQOUVywHOVoisd6xQ3",
                    "type": "Practitioner",
                    "display": "Attending Physician Inpatient, MD"
                },
                "courseOfTherapyType": {
                    "coding": [
                        {
                            "system": "http://terminology.hl7.org/CodeSystem/medicationrequest-course-of-therapy",
                            "code": "acute",
                            "display": "Short course (acute) therapy"
                        }
                    ],
                    "text": "Short course (acute) therapy"
                },
                "dosageInstruction": [
                    {
                        "text": "20 mg, Oral, Every morning before breakfast, First dose on Mon 10/5/15 at 0800",
                        "timing": {
                            "repeat": {
                                "boundsPeriod": {
                                    "start": "2015-10-05T13:00:00Z"
                                },
                                "frequency": 1,
                                "period": 1,
                                "periodUnit": "d"
                            },
                            "code": {
                                "text": "0730"
                            }
                        },
                        "asNeededBoolean": false,
                        "route": {
                            "coding": [
                                {
                                    "system": "http://snomed.info/sct",
                                    "code": "260548002",
                                    "display": "Oral (qualifier value)"
                                },
                                {
                                    "system": "urn:oid:1.2.840.114350.1.13.0.1.7.4.798268.7025",
                                    "code": "15",
                                    "display": "Oral"
                                }
                            ],
                            "text": "Oral"
                        },
                        "doseAndRate": [
                            {
                                "type": {
                                    "coding": [
                                        {
                                            "system": "http://epic.com/CodeSystem/dose-rate-type",
                                            "code": "calculated",
                                            "display": "calculated"
                                        }
                                    ],
                                    "text": "calculated"
                                },
                                "doseQuantity": {
                                    "value": 20,
                                    "unit": "mg",
                                    "system": "http://unitsofmeasure.org",
                                    "code": "mg"
                                }
                            },
                            {
                                "type": {
                                    "coding": [
                                        {
                                            "system": "http://epic.com/CodeSystem/dose-rate-type",
                                            "code": "admin-amount",
                                            "display": "admin-amount"
                                        }
                                    ],
                                    "text": "admin-amount"
                                },
                                "doseQuantity": {
                                    "value": 1,
                                    "unit": "capsule",
                                    "system": "http://unitsofmeasure.org",
                                    "code": "{capsule}"
                                }
                            },
                            {
                                "type": {
                                    "coding": [
                                        {
                                            "system": "http://epic.com/CodeSystem/dose-rate-type",
                                            "code": "ordered",
                                            "display": "ordered"
                                        }
                                    ],
                                    "text": "ordered"
                                },
                                "doseQuantity": {
                                    "value": 20,
                                    "unit": "mg",
                                    "system": "http://unitsofmeasure.org",
                                    "code": "mg"
                                }
                            }
                        ]
                    }
                ]
            },
            "search": {
                "mode": "match"
            }
        },
        {
            "link": [
                {
                    "relation": "self",
                    "url": "https://apporchard.epic.com/interconnect-aocurprd-oauth/api/FHIR/R4/MedicationRequest/errvcpT1ECDn.ne9gwS...g3"
                }
            ],
            "fullUrl": "https://apporchard.epic.com/interconnect-aocurprd-oauth/api/FHIR/R4/MedicationRequest/errvcpT1ECDn.ne9gwS...g3",
            "resource": {
                "resourceType": "MedicationRequest",
                "id": "errvcpT1ECDn.ne9gwS...g3",
                "identifier": [
                    {
                        "use": "usual",
                        "system": "urn:oid:1.2.840.114350.1.13.0.1.7.2.798268",
                        "value": "976243"
                    }
                ],
                "status": "active",
                "intent": "order",
                "category": [
                    {
                        "coding": [
                            {
                                "system": "http://terminology.hl7.org/CodeSystem/medicationrequest-category",
                                "code": "inpatient",
                                "display": "Inpatient"
                            }
                        ],
                        "text": "Inpatient"
                    }
                ],
                "medicationReference": {
                    "reference": "Medication/enHFaby3kHXk94VS-Kt5DVbkbf9-0crEjT5H2D2BdhY2-lfPPH772BkC2Ih7LlJDC3",
                    "display": "dextrose 50 % infusion"
                },
                "subject": {
                    "reference": "Patient/eeHhbXMeUnGl9r.EsaVt2kg3",
                    "display": "Infection Control, Levi"
                },
                "encounter": {
                    "reference": "Encounter/exYMITMkHMHnCetfW6XU5-w3",
                    "display": "Hospital Encounter"
                },
                "authoredOn": "2015-10-08T23:33:54Z",
                "requester": {
                    "reference": "Practitioner/e9s-IdXQOUVywHOVoisd6xQ3",
                    "type": "Practitioner",
                    "display": "Attending Physician Inpatient, MD"
                },
                "recorder": {
                    "reference": "Practitioner/eWi23CFKIZBN49H--0z4GVw3",
                    "type": "Practitioner",
                    "display": "Nurse Inpatient, RN"
                },
                "courseOfTherapyType": {
                    "coding": [
                        {
                            "system": "http://terminology.hl7.org/CodeSystem/medicationrequest-course-of-therapy",
                            "code": "acute",
                            "display": "Short course (acute) therapy"
                        }
                    ],
                    "text": "Short course (acute) therapy"
                },
                "dosageInstruction": [
                    {
                        "text": "25 mL, Intravenous, As needed, low blood sugar, Starting Thu 10/8/15 at 1833\nFor blood glucose less than 60 if the patient is NPO and/or non-responsive and an IV is in place.\n",
                        "timing": {
                            "repeat": {
                                "boundsPeriod": {
                                    "start": "2015-10-08T23:33:28Z"
                                },
                                "frequency": 1,
                                "period": 1,
                                "periodUnit": "d"
                            },
                            "code": {
                                "text": "As needed"
                            }
                        },
                        "asNeededBoolean": true,
                        "route": {
                            "coding": [
                                {
                                    "system": "http://snomed.info/sct",
                                    "code": "418114005",
                                    "display": "Intravenous central route (qualifier value)"
                                },
                                {
                                    "system": "urn:oid:1.2.840.114350.1.13.0.1.7.4.798268.7025",
                                    "code": "11",
                                    "display": "Intravenous"
                                }
                            ],
                            "text": "Intravenous"
                        },
                        "doseAndRate": [
                            {
                                "type": {
                                    "coding": [
                                        {
                                            "system": "http://epic.com/CodeSystem/dose-rate-type",
                                            "code": "calculated",
                                            "display": "calculated"
                                        }
                                    ],
                                    "text": "calculated"
                                },
                                "doseQuantity": {
                                    "value": 25,
                                    "unit": "mL",
                                    "system": "http://unitsofmeasure.org",
                                    "code": "mL"
                                }
                            },
                            {
                                "type": {
                                    "coding": [
                                        {
                                            "system": "http://epic.com/CodeSystem/dose-rate-type",
                                            "code": "admin-amount",
                                            "display": "admin-amount"
                                        }
                                    ],
                                    "text": "admin-amount"
                                },
                                "doseQuantity": {
                                    "value": 25,
                                    "unit": "mL",
                                    "system": "http://unitsofmeasure.org",
                                    "code": "mL"
                                }
                            },
                            {
                                "type": {
                                    "coding": [
                                        {
                                            "system": "http://epic.com/CodeSystem/dose-rate-type",
                                            "code": "ordered",
                                            "display": "ordered"
                                        }
                                    ],
                                    "text": "ordered"
                                },
                                "doseQuantity": {
                                    "value": 25,
                                    "unit": "mL",
                                    "system": "http://unitsofmeasure.org",
                                    "code": "mL"
                                }
                            }
                        ]
                    }
                ]
            },
            "search": {
                "mode": "match"
            }
        },
        {
            "link": [
                {
                    "relation": "self",
                    "url": "https://apporchard.epic.com/interconnect-aocurprd-oauth/api/FHIR/R4/MedicationRequest/evLO5OW788pVuKmNNl8vwSQ3"
                }
            ],
            "fullUrl": "https://apporchard.epic.com/interconnect-aocurprd-oauth/api/FHIR/R4/MedicationRequest/evLO5OW788pVuKmNNl8vwSQ3",
            "resource": {
                "resourceType": "MedicationRequest",
                "id": "evLO5OW788pVuKmNNl8vwSQ3",
                "identifier": [
                    {
                        "type": {
                            "text": "Index in Group ID"
                        },
                        "system": "urn:oid:1.2.840.114350.1.13.0.1.7.3.767875.60",
                        "value": "4"
                    },
                    {
                        "use": "usual",
                        "system": "urn:oid:1.2.840.114350.1.13.0.1.7.2.798268",
                        "value": "976224"
                    }
                ],
                "status": "active",
                "intent": "order",
                "category": [
                    {
                        "coding": [
                            {
                                "system": "http://terminology.hl7.org/CodeSystem/medicationrequest-category",
                                "code": "inpatient",
                                "display": "Inpatient"
                            }
                        ],
                        "text": "Inpatient"
                    }
                ],
                "medicationReference": {
                    "reference": "Medication/epp29ihRWB4bFEdeS2DWntIEUiKSUI9XYjDJhvpclOVGUF5btaAsTAJpLuyLzIbOC3",
                    "display": "sodium chloride 0.9 % flush"
                },
                "subject": {
                    "reference": "Patient/eeHhbXMeUnGl9r.EsaVt2kg3",
                    "display": "Infection Control, Levi"
                },
                "encounter": {
                    "reference": "Encounter/exYMITMkHMHnCetfW6XU5-w3",
                    "display": "Hospital Encounter"
                },
                "supportingInformation": [
                    {
                        "identifier": {
                            "use": "usual",
                            "system": "urn:oid:1.2.840.114350.1.13.0.1.7.2.798268",
                            "value": "976221"
                        }
                    },
                    {
                        "identifier": {
                            "use": "usual",
                            "system": "urn:oid:1.2.840.114350.1.13.0.1.7.2.798268",
                            "value": "976222"
                        }
                    },
                    {
                        "identifier": {
                            "use": "usual",
                            "system": "urn:oid:1.2.840.114350.1.13.0.1.7.2.798268",
                            "value": "976223"
                        }
                    }
                ],
                "authoredOn": "2015-10-08T23:14:38Z",
                "requester": {
                    "reference": "Practitioner/e9s-IdXQOUVywHOVoisd6xQ3",
                    "type": "Practitioner",
                    "display": "Attending Physician Inpatient, MD"
                },
                "recorder": {
                    "reference": "Practitioner/e9s-IdXQOUVywHOVoisd6xQ3",
                    "type": "Practitioner",
                    "display": "Attending Physician Inpatient, MD"
                },
                "groupIdentifier": {
                    "system": "urn:oid:1.2.840.114350.1.13.0.1.7.2.767875",
                    "value": "20"
                },
                "courseOfTherapyType": {
                    "coding": [
                        {
                            "system": "http://terminology.hl7.org/CodeSystem/medicationrequest-course-of-therapy",
                            "code": "acute",
                            "display": "Short course (acute) therapy"
                        }
                    ],
                    "text": "Short course (acute) therapy"
                },
                "dosageInstruction": [
                    {
                        "text": "3 mL, Intravenous, As needed, line care, Starting Thu 10/8/15 at 1808",
                        "timing": {
                            "repeat": {
                                "boundsPeriod": {
                                    "start": "2015-10-08T23:08:43Z"
                                },
                                "frequency": 1,
                                "period": 1,
                                "periodUnit": "d"
                            },
                            "code": {
                                "text": "As needed"
                            }
                        },
                        "asNeededBoolean": true,
                        "route": {
                            "coding": [
                                {
                                    "system": "http://snomed.info/sct",
                                    "code": "418114005",
                                    "display": "Intravenous central route (qualifier value)"
                                },
                                {
                                    "system": "urn:oid:1.2.840.114350.1.13.0.1.7.4.798268.7025",
                                    "code": "11",
                                    "display": "Intravenous"
                                }
                            ],
                            "text": "Intravenous"
                        },
                        "doseAndRate": [
                            {
                                "type": {
                                    "coding": [
                                        {
                                            "system": "http://epic.com/CodeSystem/dose-rate-type",
                                            "code": "calculated",
                                            "display": "calculated"
                                        }
                                    ],
                                    "text": "calculated"
                                },
                                "doseQuantity": {
                                    "value": 3,
                                    "unit": "mL",
                                    "system": "http://unitsofmeasure.org",
                                    "code": "mL"
                                }
                            },
                            {
                                "type": {
                                    "coding": [
                                        {
                                            "system": "http://epic.com/CodeSystem/dose-rate-type",
                                            "code": "admin-amount",
                                            "display": "admin-amount"
                                        }
                                    ],
                                    "text": "admin-amount"
                                },
                                "doseQuantity": {
                                    "value": 3,
                                    "unit": "mL",
                                    "system": "http://unitsofmeasure.org",
                                    "code": "mL"
                                }
                            },
                            {
                                "type": {
                                    "coding": [
                                        {
                                            "system": "http://epic.com/CodeSystem/dose-rate-type",
                                            "code": "ordered",
                                            "display": "ordered"
                                        }
                                    ],
                                    "text": "ordered"
                                },
                                "doseQuantity": {
                                    "value": 3,
                                    "unit": "mL",
                                    "system": "http://unitsofmeasure.org",
                                    "code": "mL"
                                }
                            }
                        ]
                    }
                ]
            },
            "search": {
                "mode": "match"
            }
        }
    ]
}