{
    "resourceType": "Bundle",
    "type": "searchset",
    "total": 8,
    "link": [
        {
            "relation": "self",
            "url": "https://apporchard.epic.com/interconnect-aocurprd-oauth/api/FHIR/R4/MedicationRequest?_format=json&patient=eHa6a5t9vPsld6q3F0-0-QQ3"
        }
    ],
    "entry": [
        {
            "link": [
                {
                    "relation": "self",
                    "url": "https://apporchard.epic.com/interconnect-aocurprd-oauth/api/FHIR/R4/MedicationRequest/e5UT9UqtC5bcY5vMwF5hThA3"
                }
            ],
            "fullUrl": "https://apporchard.epic.com/interconnect-aocurprd-oauth/api/FHIR/R4/MedicationRequest/e5UT9UqtC5bcY5vMwF5hThA3",
            "resource": {
                "resourceType": "MedicationRequest",
                "id": "e5UT9UqtC5bcY5vMwF5hThA3",
                "identifier": [
                    {
                        "use": "usual",
                        "system": "urn:oid:1.2.840.114350.1.13.0.1.7.2.798268",
                        "value": "835527"
                    }
                ],
                "status": "stopped",
                "intent": "order",
                "category": [
                    {
                        "coding": [
                            {
                                "system": "http://terminology.hl7.org/CodeSystem/medicationrequest-category",
                                "code": "outpatient",
                                "display": "Outpatient"
                            }
                        ],
                        "text": "Outpatient"
                    }
                ],
                "medicationReference": {
                    "reference": "Medication/etzXHI-28NW9GeRa0JFjJ-h.KdY8lHzfJ3rRQ3FhKepNeqmNYqkDfMIWuAoeYJ3WZ3",
                    "display": "cetirizine (ZyrTEC) tablet"
                },
                "subject": {
                    "reference": "Patient/eHa6a5t9vPsld6q3F0-0-QQ3",
                    "display": "Him, Julie"
                },
                "encounter": {
                    "reference": "Encounter/ePUT1vz3wYZTNn0TRDRvZzw3",
                    "display": "Hospital Encounter"
                },
                "authoredOn": "2010-01-07T13:00:28Z",
                "requester": {
                    "reference": "Practitioner/eRgcOyrDHZihisGGw-jg1lA3",
                    "type": "Practitioner",
                    "display": "Physician Orthopaedics, MD"
                },
                "recorder": {
                    "reference": "Practitioner/exfo6E4EXjWsnhA1OGVElgw3",
                    "type": "Practitioner",
                    "display": "User Epic"
                },
                "courseOfTherapyType": {
                    "coding": [
                        {
                            "system": "http://terminology.hl7.org/CodeSystem/medicationrequest-course-of-therapy",
                            "code": "acute",
                            "display": "Short course (acute) therapy"
                        }
                    ],
                    "text": "Short course (acute) therapy"
                },
                "dosageInstruction": [
                    {
                        "text": "5 mg, Oral, Daily, First dose on Thu 1/7/10 at 0900",
                        "timing": {
                            "repeat": {
                                "boundsPeriod": {
                                    "start": "2010-01-07T15:00:00Z",
                                    "end": "2010-03-31T16:47:16Z"
                                },
                                "frequency": 1,
                                "period": 1,
                                "periodUnit": "d"
                            },
                            "code": {
                                "text": "0900"
                            }
                        },
                        "asNeededBoolean": false,
                        "route": {
                            "coding": [
                                {
                                    "system": "http://snomed.info/sct",
                                    "code": "260548002",
                                    "display": "Oral (qualifier value)"
                                },
                                {
                                    "system": "urn:oid:1.2.840.114350.1.13.0.1.7.4.798268.7025",
                                    "code": "15",
                                    "display": "Oral"
                                }
                            ],
                            "text": "Oral"
                        },
                        "doseAndRate": [
                            {
                                "type": {
                                    "coding": [
                                        {
                                            "system": "http://epic.com/CodeSystem/dose-rate-type",
                                            "code": "calculated",
                                            "display": "calculated"
                                        }
                                    ],
                                    "text": "calculated"
                                },
                                "doseQuantity": {
                                    "value": 5,
                                    "unit": "mg",
                                    "system": "http://unitsofmeasure.org",
                                    "code": "mg"
                                }
                            },
                            {
                                "type": {
                                    "coding": [
                                        {
                                            "system": "http://epic.com/CodeSystem/dose-rate-type",
                                            "code": "admin-amount",
                                            "display": "admin-amount"
                                        }
                                    ],
                                    "text": "admin-amount"
                                },
                                "doseQuantity": {
                                    "value": 1,
                                    "unit": "tablet",
                                    "system": "http://unitsofmeasure.org",
                                    "code": "{tbl}"
                                }
                            },
                            {
                                "type": {
                                    "coding": [
                                        {
                                            "system": "http://epic.com/CodeSystem/dose-rate-type",
                                            "code": "ordered",
                                            "display": "ordered"
                                        }
                                    ],
                                    "text": "ordered"
                                },
                                "doseQuantity": {
                                    "value": 5,
                                    "unit": "mg",
                                    "system": "http://unitsofmeasure.org",
                                    "code": "mg"
                                }
                            }
                        ]
                    }
                ]
            },
            "search": {
                "mode": "match"
            }
        },
        {
            "link": [
                {
                    "relation": "self",
                    "url": "https://apporchard.epic.com/interconnect-aocurprd-oauth/api/FHIR/R4/MedicationRequest/e7AVzWAv2aXigyPoTdK.YbA3"
                }
            ],
            "fullUrl": "https://apporchard.epic.com/interconnect-aocurprd-oauth/api/FHIR/R4/MedicationRequest/e7AVzWAv2aXigyPoTdK.YbA3",
            "resource": {
                "resourceType": "MedicationRequest",
                "id": "e7AVzWAv2aXigyPoTdK.YbA3",
                "identifier": [
                    {
                        "use": "usual",
                        "system": "urn:oid:1.2.840.114350.1.13.0.1.7.2.798268",
                        "value": "835538"
                    }
                ],
                "status": "stopped",
                "intent": "order",
                "category": [
                    {
                        "coding": [
                            {
                                "system": "http://terminology.hl7.org/CodeSystem/medicationrequest-category",
                                "code": "outpatient",
                                "display": "Outpatient"
                            }
                        ],
                        "text": "Outpatient"
                    }
                ],
                "medicationReference": {
                    "reference": "Medication/eyP7rhmZ2MmGSJjvIuuqVE5VhTgk-4Fg97jnKoGpkfUMwkIpwphq8dzdJ3rfJnRh13",
                    "display": "morphine injection 2 mg/mL"
                },
                "subject": {
                    "reference": "Patient/eHa6a5t9vPsld6q3F0-0-QQ3",
                    "display": "Him, Julie"
                },
                "encounter": {
                    "reference": "Encounter/ePUT1vz3wYZTNn0TRDRvZzw3",
                    "display": "Hospital Encounter"
                },
                "authoredOn": "2010-01-07T15:41:26Z",
                "requester": {
                    "reference": "Practitioner/e9s-IdXQOUVywHOVoisd6xQ3",
                    "type": "Practitioner",
                    "display": "Attending Physician Inpatient, MD"
                },
                "recorder": {
                    "reference": "Practitioner/exfo6E4EXjWsnhA1OGVElgw3",
                    "type": "Practitioner",
                    "display": "User Epic"
                },
                "courseOfTherapyType": {
                    "coding": [
                        {
                            "system": "http://terminology.hl7.org/CodeSystem/medicationrequest-course-of-therapy",
                            "code": "acute",
                            "display": "Short course (acute) therapy"
                        }
                    ],
                    "text": "Short course (acute) therapy"
                },
                "dosageInstruction": [
                    {
                        "text": "2 mg, Intravenous, Every 4 hours PRN, pain, Starting Thu 1/7/10 at 0940, For 4 doses",
                        "timing": {
                            "repeat": {
                                "boundsPeriod": {
                                    "start": "2010-01-07T15:40:25Z",
                                    "end": "2010-03-31T16:47:15Z"
                                },
                                "count": 1,
                                "countMax": 4,
                                "frequency": 1,
                                "period": 4,
                                "periodUnit": "h"
                            },
                            "code": {
                                "text": "Every 4 (four) hours as needed"
                            }
                        },
                        "asNeededBoolean": true,
                        "route": {
                            "coding": [
                                {
                                    "system": "http://snomed.info/sct",
                                    "code": "418114005",
                                    "display": "Intravenous central route (qualifier value)"
                                },
                                {
                                    "system": "urn:oid:1.2.840.114350.1.13.0.1.7.4.798268.7025",
                                    "code": "11",
                                    "display": "Intravenous"
                                }
                            ],
                            "text": "Intravenous"
                        },
                        "doseAndRate": [
                            {
                                "type": {
                                    "coding": [
                                        {
                                            "system": "http://epic.com/CodeSystem/dose-rate-type",
                                            "code": "calculated",
                                            "display": "calculated"
                                        }
                                    ],
                                    "text": "calculated"
                                },
                                "doseQuantity": {
                                    "value": 2,
                                    "unit": "mg",
                                    "system": "http://unitsofmeasure.org",
                                    "code": "mg"
                                }
                            },
                            {
                                "type": {
                                    "coding": [
                                        {
                                            "system": "http://epic.com/CodeSystem/dose-rate-type",
                                            "code": "admin-amount",
                                            "display": "admin-amount"
                                        }
                                    ],
                                    "text": "admin-amount"
                                },
                                "doseQuantity": {
                                    "value": 1,
                                    "unit": "mL",
                                    "system": "http://unitsofmeasure.org",
                                    "code": "mL"
                                }
                            },
                            {
                                "type": {
                                    "coding": [
                                        {
                                            "system": "http://epic.com/CodeSystem/dose-rate-type",
                                            "code": "ordered",
                                            "display": "ordered"
                                        }
                                    ],
                                    "text": "ordered"
                                },
                                "doseQuantity": {
                                    "value": 2,
                                    "unit": "mg",
                                    "system": "http://unitsofmeasure.org",
                                    "code": "mg"
                                }
                            }
                        ]
                    }
                ]
            },
            "search": {
                "mode": "match"
            }
        },
        {
            "link": [
                {
                    "relation": "self",
                    "url": "https://apporchard.epic.com/interconnect-aocurprd-oauth/api/FHIR/R4/MedicationRequest/eEBWPPJHSQaZPT5RDh1cVew3"
                }
            ],
            "fullUrl": "https://apporchard.epic.com/interconnect-aocurprd-oauth/api/FHIR/R4/MedicationRequest/eEBWPPJHSQaZPT5RDh1cVew3",
            "resource": {
                "resourceType": "MedicationRequest",
                "id": "eEBWPPJHSQaZPT5RDh1cVew3",
                "identifier": [
                    {
                        "use": "usual",
                        "system": "urn:oid:1.2.840.114350.1.13.0.1.7.2.798268",
                        "value": "835528"
                    }
                ],
                "status": "stopped",
                "intent": "order",
                "category": [
                    {
                        "coding": [
                            {
                                "system": "http://terminology.hl7.org/CodeSystem/medicationrequest-category",
                                "code": "outpatient",
                                "display": "Outpatient"
                            }
                        ],
                        "text": "Outpatient"
                    }
                ],
                "medicationReference": {
                    "reference": "Medication/e2EZ-EIWL0MgLNKiu82bBi2Wms2jvdXIloZ1dqzpoKHNbhSW0nuNXKt5sNCTeZqjV3",
                    "display": "ampicillin IVPB 1 g  in 50 mL (Mini-Bag Plus)"
                },
                "subject": {
                    "reference": "Patient/eHa6a5t9vPsld6q3F0-0-QQ3",
                    "display": "Him, Julie"
                },
                "encounter": {
                    "reference": "Encounter/ePUT1vz3wYZTNn0TRDRvZzw3",
                    "display": "Hospital Encounter"
                },
                "authoredOn": "2010-01-07T13:00:28Z",
                "requester": {
                    "reference": "Practitioner/eRgcOyrDHZihisGGw-jg1lA3",
                    "type": "Practitioner",
                    "display": "Physician Orthopaedics, MD"
                },
                "recorder": {
                    "reference": "Practitioner/exfo6E4EXjWsnhA1OGVElgw3",
                    "type": "Practitioner",
                    "display": "User Epic"
                },
                "courseOfTherapyType": {
                    "coding": [
                        {
                            "system": "http://terminology.hl7.org/CodeSystem/medicationrequest-course-of-therapy",
                            "code": "acute",
                            "display": "Short course (acute) therapy"
                        }
                    ],
                    "text": "Short course (acute) therapy"
                },
                "dosageInstruction": [
                    {
                        "text": "1 g, Intravenous, for 30 Minutes, Every 8 hours, First dose on Thu 1/7/10 at 0800",
                        "timing": {
                            "repeat": {
                                "boundsPeriod": {
                                    "start": "2010-01-07T14:00:00Z",
                                    "end": "2010-03-31T16:47:16Z"
                                },
                                "duration": 30,
                                "durationMax": 60,
                                "durationUnit": "min",
                                "frequency": 1,
                                "period": 8,
                                "periodUnit": "h"
                            },
                            "code": {
                                "text": "Every 8 hours"
                            }
                        },
                        "asNeededBoolean": false,
                        "route": {
                            "coding": [
                                {
                                    "system": "http://snomed.info/sct",
                                    "code": "418114005",
                                    "display": "Intravenous central route (qualifier value)"
                                },
                                {
                                    "system": "urn:oid:1.2.840.114350.1.13.0.1.7.4.798268.7025",
                                    "code": "11",
                                    "display": "Intravenous"
                                }
                            ],
                            "text": "Intravenous"
                        },
                        "doseAndRate": [
                            {
                                "type": {
                                    "coding": [
                                        {
                                            "system": "http://epic.com/CodeSystem/dose-rate-type",
                                            "code": "calculated",
                                            "display": "calculated"
                                        }
                                    ],
                                    "text": "calculated"
                                },
                                "doseQuantity": {
                                    "value": 1,
                                    "unit": "g",
                                    "system": "http://unitsofmeasure.org",
                                    "code": "g"
                                }
                            },
                            {
                                "type": {
                                    "coding": [
                                        {
                                            "system": "http://epic.com/CodeSystem/dose-rate-type",
                                            "code": "admin-amount",
                                            "display": "admin-amount"
                                        }
                                    ],
                                    "text": "admin-amount"
                                },
                                "doseQuantity": {
                                    "value": 1,
                                    "unit": "g",
                                    "system": "http://unitsofmeasure.org",
                                    "code": "g"
                                }
                            },
                            {
                                "type": {
                                    "coding": [
                                        {
                                            "system": "http://epic.com/CodeSystem/dose-rate-type",
                                            "code": "ordered",
                                            "display": "ordered"
                                        }
                                    ],
                                    "text": "ordered"
                                },
                                "doseQuantity": {
                                    "value": 1,
                                    "unit": "g",
                                    "system": "http://unitsofmeasure.org",
                                    "code": "g"
                                }
                            }
                        ]
                    }
                ]
            },
            "search": {
                "mode": "match"
            }
        },
        {
            "link": [
                {
                    "relation": "self",
                    "url": "https://apporchard.epic.com/interconnect-aocurprd-oauth/api/FHIR/R4/MedicationRequest/eMI3zqRU41PaxUSHxq7eXGg3"
                }
            ],
            "fullUrl": "https://apporchard.epic.com/interconnect-aocurprd-oauth/api/FHIR/R4/MedicationRequest/eMI3zqRU41PaxUSHxq7eXGg3",
            "resource": {
                "resourceType": "MedicationRequest",
                "id": "eMI3zqRU41PaxUSHxq7eXGg3",
                "identifier": [
                    {
                        "use": "usual",
                        "system": "urn:oid:1.2.840.114350.1.13.0.1.7.2.798268",
                        "value": "835537"
                    }
                ],
                "status": "stopped",
                "intent": "order",
                "category": [
                    {
                        "coding": [
                            {
                                "system": "http://terminology.hl7.org/CodeSystem/medicationrequest-category",
                                "code": "outpatient",
                                "display": "Outpatient"
                            }
                        ],
                        "text": "Outpatient"
                    }
                ],
                "medicationReference": {
                    "reference": "Medication/eLSmw4.Hohw6Y.tKyg5VnVbIg8yZfgYSMNDb.53NtyBNkguwl02AchhjdcuC.LLkc3",
                    "display": "lactated Ringer's infusion"
                },
                "subject": {
                    "reference": "Patient/eHa6a5t9vPsld6q3F0-0-QQ3",
                    "display": "Him, Julie"
                },
                "encounter": {
                    "reference": "Encounter/ePUT1vz3wYZTNn0TRDRvZzw3",
                    "display": "Hospital Encounter"
                },
                "authoredOn": "2010-01-07T15:41:26Z",
                "requester": {
                    "reference": "Practitioner/e9s-IdXQOUVywHOVoisd6xQ3",
                    "type": "Practitioner",
                    "display": "Attending Physician Inpatient, MD"
                },
                "recorder": {
                    "reference": "Practitioner/exfo6E4EXjWsnhA1OGVElgw3",
                    "type": "Practitioner",
                    "display": "User Epic"
                },
                "courseOfTherapyType": {
                    "coding": [
                        {
                            "system": "http://terminology.hl7.org/CodeSystem/medicationrequest-course-of-therapy",
                            "code": "acute",
                            "display": "Short course (acute) therapy"
                        }
                    ],
                    "text": "Short course (acute) therapy"
                },
                "dosageInstruction": [
                    {
                        "text": "75 mL/hr, Intravenous, Continuous, Starting Thu 1/7/10 at 0945",
                        "timing": {
                            "repeat": {
                                "boundsPeriod": {
                                    "start": "2010-01-07T15:39:59Z",
                                    "end": "2010-03-31T16:47:15Z"
                                }
                            },
                            "code": {
                                "text": "Continuous"
                            }
                        },
                        "asNeededBoolean": false,
                        "route": {
                            "coding": [
                                {
                                    "system": "http://snomed.info/sct",
                                    "code": "418114005",
                                    "display": "Intravenous central route (qualifier value)"
                                },
                                {
                                    "system": "urn:oid:1.2.840.114350.1.13.0.1.7.4.798268.7025",
                                    "code": "11",
                                    "display": "Intravenous"
                                }
                            ],
                            "text": "Intravenous"
                        },
                        "doseAndRate": [
                            {
                                "type": {
                                    "coding": [
                                        {
                                            "system": "http://epic.com/CodeSystem/dose-rate-type",
                                            "code": "calculated",
                                            "display": "calculated"
                                        }
                                    ],
                                    "text": "calculated"
                                },
                                "doseQuantity": {
                                    "value": 75,
                                    "unit": "mL/hr",
                                    "system": "http://unitsofmeasure.org",
                                    "code": "mL/h"
                                }
                            },
                            {
                                "type": {
                                    "coding": [
                                        {
                                            "system": "http://epic.com/CodeSystem/dose-rate-type",
                                            "code": "ordered",
                                            "display": "ordered"
                                        }
                                    ],
                                    "text": "ordered"
                                },
                                "doseQuantity": {
                                    "value": 75,
                                    "unit": "mL/hr",
                                    "system": "http://unitsofmeasure.org",
                                    "code": "mL/h"
                                }
                            }
                        ]
                    }
                ]
            },
            "search": {
                "mode": "match"
            }
        },
        {
            "link": [
                {
                    "relation": "self",
                    "url": "https://apporchard.epic.com/interconnect-aocurprd-oauth/api/FHIR/R4/MedicationRequest/efiHImfTQAmePgNspWgXJqA3"
                }
            ],
            "fullUrl": "https://apporchard.epic.com/interconnect-aocurprd-oauth/api/FHIR/R4/MedicationRequest/efiHImfTQAmePgNspWgXJqA3",
            "resource": {
                "resourceType": "MedicationRequest",
                "id": "efiHImfTQAmePgNspWgXJqA3",
                "identifier": [
                    {
                        "use": "usual",
                        "system": "urn:oid:1.2.840.114350.1.13.0.1.7.2.798268",
                        "value": "837957"
                    }
                ],
                "status": "completed",
                "intent": "order",
                "category": [
                    {
                        "coding": [
                            {
                                "system": "http://terminology.hl7.org/CodeSystem/medicationrequest-category",
                                "code": "community",
                                "display": "Community"
                            }
                        ],
                        "text": "Community"
                    }
                ],
                "medicationReference": {
                    "reference": "Medication/ehw0RYFBlYnBUftA1yy7YcCp32iFqpqCTz-fan2hGcX0P1zB5i0qV0wz-9X2RNh013",
                    "display": "insulin lispro (HumaLOG) injection"
                },
                "subject": {
                    "reference": "Patient/eHa6a5t9vPsld6q3F0-0-QQ3",
                    "display": "Him, Julie"
                },
                "encounter": {
                    "reference": "Encounter/eJPS6IA10Oni60Xy7PpCvfA3",
                    "display": "Office Visit"
                },
                "authoredOn": "2009-06-08T21:22:46Z",
                "requester": {
                    "reference": "Practitioner/eM5CWtq15N0WJeuCet5bJlQ3",
                    "type": "Practitioner",
                    "display": "Physician Family Medicine, MD"
                },
                "recorder": {
                    "reference": "Practitioner/eM5CWtq15N0WJeuCet5bJlQ3",
                    "type": "Practitioner",
                    "display": "Physician Family Medicine, MD"
                },
                "courseOfTherapyType": {
                    "coding": [
                        {
                            "system": "http://terminology.hl7.org/CodeSystem/medicationrequest-course-of-therapy",
                            "code": "acute",
                            "display": "Short course (acute) therapy"
                        }
                    ],
                    "text": "Short course (acute) therapy"
                },
                "dosageInstruction": [
                    {
                        "text": "3 Units by Subcutaneous route 3 times daily (before meals). , Starting 6/8/2009, Until Tue 6/8/10, Normal",
                        "patientInstruction": "3 Units by Subcutaneous route 3 times daily (before meals). ",
                        "timing": {
                            "repeat": {
                                "boundsPeriod": {
                                    "start": "2009-06-08"
                                },
                                "timeOfDay": [
                                    "07:30:00",
                                    "11:30:00",
                                    "17:30:00"
                                ]
                            },
                            "code": {
                                "text": "0730, 1130, 1730"
                            }
                        },
                        "asNeededBoolean": false,
                        "route": {
                            "coding": [
                                {
                                    "system": "urn:oid:1.2.840.114350.1.13.0.1.7.4.798268.7025",
                                    "code": "18",
                                    "display": "Subcutaneous"
                                }
                            ],
                            "text": "Subcutaneous"
                        },
                        "doseAndRate": [
                            {
                                "type": {
                                    "coding": [
                                        {
                                            "system": "http://epic.com/CodeSystem/dose-rate-type",
                                            "code": "ordered",
                                            "display": "ordered"
                                        }
                                    ],
                                    "text": "ordered"
                                },
                                "doseQuantity": {
                                    "value": 3,
                                    "unit": "Units",
                                    "system": "http://unitsofmeasure.org",
                                    "code": "U"
                                }
                            }
                        ]
                    }
                ],
                "dispenseRequest": {
                    "validityPeriod": {
                        "start": "2009-06-08"
                    },
                    "numberOfRepeatsAllowed": 10
                }
            },
            "search": {
                "mode": "match"
            }
        },
        {
            "link": [
                {
                    "relation": "self",
                    "url": "https://apporchard.epic.com/interconnect-aocurprd-oauth/api/FHIR/R4/MedicationRequest/eiJweLyoeKjJjgRUbIeoSBA3"
                }
            ],
            "fullUrl": "https://apporchard.epic.com/interconnect-aocurprd-oauth/api/FHIR/R4/MedicationRequest/eiJweLyoeKjJjgRUbIeoSBA3",
            "resource": {
                "resourceType": "MedicationRequest",
                "id": "eiJweLyoeKjJjgRUbIeoSBA3",
                "identifier": [
                    {
                        "use": "usual",
                        "system": "urn:oid:1.2.840.114350.1.13.0.1.7.2.798268",
                        "value": "837952"
                    }
                ],
                "status": "completed",
                "intent": "order",
                "category": [
                    {
                        "coding": [
                            {
                                "system": "http://terminology.hl7.org/CodeSystem/medicationrequest-category",
                                "code": "community",
                                "display": "Community"
                            }
                        ],
                        "text": "Community"
                    }
                ],
                "medicationReference": {
                    "reference": "Medication/e9ymKPXih7ol1Q8P0Duld7D0XDz5b3-7QNx1ZrwJUR7Jruuh-sH-S8lz.WhaD.6FE3",
                    "display": "cetirizine (ZyrTEC) chewable tablet"
                },
                "subject": {
                    "reference": "Patient/eHa6a5t9vPsld6q3F0-0-QQ3",
                    "display": "Him, Julie"
                },
                "encounter": {
                    "reference": "Encounter/e33RChAbQlbiDWmLycZqQzg3",
                    "display": "Office Visit"
                },
                "authoredOn": "2009-10-29T01:13:05Z",
                "requester": {
                    "reference": "Practitioner/eM5CWtq15N0WJeuCet5bJlQ3",
                    "type": "Practitioner",
                    "display": "Physician Family Medicine, MD"
                },
                "recorder": {
                    "reference": "Practitioner/eM5CWtq15N0WJeuCet5bJlQ3",
                    "type": "Practitioner",
                    "display": "Physician Family Medicine, MD"
                },
                "reasonCode": [
                    {
                        "coding": [
                            {
                                "system": "http://snomed.info/sct",
                                "code": "21719001",
                                "display": "Allergic rhinitis caused by pollen (disorder)"
                            },
                            {
                                "system": "http://hl7.org/fhir/sid/icd-9-cm/diagnosis",
                                "code": "477.9",
                                "display": "Hayfever"
                            },
                            {
                                "system": "urn:oid:2.16.840.1.113883.6.90",
                                "code": "J30.1",
                                "display": "Hayfever"
                            }
                        ],
                        "text": "Hayfever"
                    }
                ],
                "courseOfTherapyType": {
                    "coding": [
                        {
                            "system": "http://terminology.hl7.org/CodeSystem/medicationrequest-course-of-therapy",
                            "code": "acute",
                            "display": "Short course (acute) therapy"
                        }
                    ],
                    "text": "Short course (acute) therapy"
                },
                "dosageInstruction": [
                    {
                        "text": "take 5 mg by mouth Daily. , Starting 10/28/2009, Until Thu 10/28/10, Normal",
                        "patientInstruction": "take 5 mg by mouth Daily. ",
                        "timing": {
                            "repeat": {
                                "boundsPeriod": {
                                    "start": "2009-10-28"
                                },
                                "timeOfDay": [
                                    "09:00:00"
                                ]
                            },
                            "code": {
                                "text": "0900"
                            }
                        },
                        "asNeededBoolean": false,
                        "route": {
                            "coding": [
                                {
                                    "system": "http://snomed.info/sct",
                                    "code": "260548002",
                                    "display": "Oral (qualifier value)"
                                },
                                {
                                    "system": "urn:oid:1.2.840.114350.1.13.0.1.7.4.798268.7025",
                                    "code": "15",
                                    "display": "Oral"
                                }
                            ],
                            "text": "Oral"
                        },
                        "doseAndRate": [
                            {
                                "type": {
                                    "coding": [
                                        {
                                            "system": "http://epic.com/CodeSystem/dose-rate-type",
                                            "code": "ordered",
                                            "display": "ordered"
                                        }
                                    ],
                                    "text": "ordered"
                                },
                                "doseQuantity": {
                                    "value": 5,
                                    "unit": "mg",
                                    "system": "http://unitsofmeasure.org",
                                    "code": "mg"
                                }
                            }
                        ]
                    }
                ],
                "dispenseRequest": {
                    "validityPeriod": {
                        "start": "2009-10-28"
                    },
                    "numberOfRepeatsAllowed": 5
                }
            },
            "search": {
                "mode": "match"
            }
        },
        {
            "link": [
                {
                    "relation": "self",
                    "url": "https://apporchard.epic.com/interconnect-aocurprd-oauth/api/FHIR/R4/MedicationRequest/em771u77fcWzKNWj6ui3atQ3"
                }
            ],
            "fullUrl": "https://apporchard.epic.com/interconnect-aocurprd-oauth/api/FHIR/R4/MedicationRequest/em771u77fcWzKNWj6ui3atQ3",
            "resource": {
                "resourceType": "MedicationRequest",
                "id": "em771u77fcWzKNWj6ui3atQ3",
                "identifier": [
                    {
                        "use": "usual",
                        "system": "urn:oid:1.2.840.114350.1.13.0.1.7.2.798268",
                        "value": "837958"
                    }
                ],
                "status": "completed",
                "intent": "order",
                "category": [
                    {
                        "coding": [
                            {
                                "system": "http://terminology.hl7.org/CodeSystem/medicationrequest-category",
                                "code": "community",
                                "display": "Community"
                            }
                        ],
                        "text": "Community"
                    }
                ],
                "medicationReference": {
                    "reference": "Medication/eN6Y1osDAsdsz9B9WfbXFVUos10KTocV-eTVPlgubzMQThEX7vmwccgwQcHODtB4-3",
                    "display": "insulin glargine (LANTUS) injection"
                },
                "subject": {
                    "reference": "Patient/eHa6a5t9vPsld6q3F0-0-QQ3",
                    "display": "Him, Julie"
                },
                "encounter": {
                    "reference": "Encounter/eJPS6IA10Oni60Xy7PpCvfA3",
                    "display": "Office Visit"
                },
                "authoredOn": "2009-06-08T21:22:47Z",
                "requester": {
                    "reference": "Practitioner/eM5CWtq15N0WJeuCet5bJlQ3",
                    "type": "Practitioner",
                    "display": "Physician Family Medicine, MD"
                },
                "recorder": {
                    "reference": "Practitioner/eM5CWtq15N0WJeuCet5bJlQ3",
                    "type": "Practitioner",
                    "display": "Physician Family Medicine, MD"
                },
                "courseOfTherapyType": {
                    "coding": [
                        {
                            "system": "http://terminology.hl7.org/CodeSystem/medicationrequest-course-of-therapy",
                            "code": "acute",
                            "display": "Short course (acute) therapy"
                        }
                    ],
                    "text": "Short course (acute) therapy"
                },
                "dosageInstruction": [
                    {
                        "text": "10 Unitses by Subcutaneous route Every evening. , Starting 6/8/2009, Until Tue 6/8/10, Normal",
                        "patientInstruction": "10 Unitses by Subcutaneous route Every evening. ",
                        "timing": {
                            "repeat": {
                                "boundsPeriod": {
                                    "start": "2009-06-08"
                                },
                                "timeOfDay": [
                                    "17:00:00"
                                ]
                            },
                            "code": {
                                "text": "1700"
                            }
                        },
                        "asNeededBoolean": false,
                        "route": {
                            "coding": [
                                {
                                    "system": "urn:oid:1.2.840.114350.1.13.0.1.7.4.798268.7025",
                                    "code": "18",
                                    "display": "Subcutaneous"
                                }
                            ],
                            "text": "Subcutaneous"
                        },
                        "doseAndRate": [
                            {
                                "type": {
                                    "coding": [
                                        {
                                            "system": "http://epic.com/CodeSystem/dose-rate-type",
                                            "code": "calculated",
                                            "display": "calculated"
                                        }
                                    ],
                                    "text": "calculated"
                                },
                                "doseQuantity": {
                                    "value": 10,
                                    "unit": "Units",
                                    "system": "http://unitsofmeasure.org",
                                    "code": "U"
                                }
                            },
                            {
                                "type": {
                                    "coding": [
                                        {
                                            "system": "http://epic.com/CodeSystem/dose-rate-type",
                                            "code": "admin-amount",
                                            "display": "admin-amount"
                                        }
                                    ],
                                    "text": "admin-amount"
                                },
                                "doseQuantity": {
                                    "value": 10,
                                    "unit": "Units",
                                    "system": "http://unitsofmeasure.org",
                                    "code": "U"
                                }
                            },
                            {
                                "type": {
                                    "coding": [
                                        {
                                            "system": "http://epic.com/CodeSystem/dose-rate-type",
                                            "code": "ordered",
                                            "display": "ordered"
                                        }
                                    ],
                                    "text": "ordered"
                                },
                                "doseQuantity": {
                                    "value": 10,
                                    "unit": "Units",
                                    "system": "http://unitsofmeasure.org",
                                    "code": "U"
                                }
                            }
                        ]
                    }
                ],
                "dispenseRequest": {
                    "validityPeriod": {
                        "start": "2009-06-08"
                    },
                    "numberOfRepeatsAllowed": 10
                }
            },
            "search": {
                "mode": "match"
            }
        },
        {
            "link": [
                {
                    "relation": "self",
                    "url": "https://apporchard.epic.com/interconnect-aocurprd-oauth/api/FHIR/R4/MedicationRequest/ewY7OIbe8F-UxmtDGUpnCtw3"
                }
            ],
            "fullUrl": "https://apporchard.epic.com/interconnect-aocurprd-oauth/api/FHIR/R4/MedicationRequest/ewY7OIbe8F-UxmtDGUpnCtw3",
            "resource": {
                "resourceType": "MedicationRequest",
                "id": "ewY7OIbe8F-UxmtDGUpnCtw3",
                "identifier": [
                    {
                        "use": "usual",
                        "system": "urn:oid:1.2.840.114350.1.13.0.1.7.2.798268",
                        "value": "835524"
                    }
                ],
                "status": "stopped",
                "intent": "order",
                "category": [
                    {
                        "coding": [
                            {
                                "system": "http://terminology.hl7.org/CodeSystem/medicationrequest-category",
                                "code": "outpatient",
                                "display": "Outpatient"
                            }
                        ],
                        "text": "Outpatient"
                    }
                ],
                "medicationReference": {
                    "reference": "Medication/e8h2QLuf9R4UG31qMYcEj.mBWwOni2iWwuvPHFlmTxVzE9nD3HIb0MuHbrJX8M6YY3",
                    "display": "gentamicin IVPB 80 mg (premix)"
                },
                "subject": {
                    "reference": "Patient/eHa6a5t9vPsld6q3F0-0-QQ3",
                    "display": "Him, Julie"
                },
                "encounter": {
                    "reference": "Encounter/ePUT1vz3wYZTNn0TRDRvZzw3",
                    "display": "Hospital Encounter"
                },
                "authoredOn": "2010-01-07T12:57:52Z",
                "requester": {
                    "reference": "Practitioner/eRgcOyrDHZihisGGw-jg1lA3",
                    "type": "Practitioner",
                    "display": "Physician Orthopaedics, MD"
                },
                "recorder": {
                    "reference": "Practitioner/exfo6E4EXjWsnhA1OGVElgw3",
                    "type": "Practitioner",
                    "display": "User Epic"
                },
                "courseOfTherapyType": {
                    "coding": [
                        {
                            "system": "http://terminology.hl7.org/CodeSystem/medicationrequest-course-of-therapy",
                            "code": "acute",
                            "display": "Short course (acute) therapy"
                        }
                    ],
                    "text": "Short course (acute) therapy"
                },
                "dosageInstruction": [
                    {
                        "text": "80 mg, Intravenous, Every 8 hours, First dose on Thu 1/7/10 at 0700",
                        "timing": {
                            "repeat": {
                                "boundsPeriod": {
                                    "start": "2010-01-07T13:00:00Z",
                                    "end": "2010-03-31T16:47:16Z"
                                },
                                "frequency": 1,
                                "period": 8,
                                "periodUnit": "h"
                            },
                            "code": {
                                "text": "Every 8 hours"
                            }
                        },
                        "asNeededBoolean": false,
                        "route": {
                            "coding": [
                                {
                                    "system": "http://snomed.info/sct",
                                    "code": "418114005",
                                    "display": "Intravenous central route (qualifier value)"
                                },
                                {
                                    "system": "urn:oid:1.2.840.114350.1.13.0.1.7.4.798268.7025",
                                    "code": "11",
                                    "display": "Intravenous"
                                }
                            ],
                            "text": "Intravenous"
                        },
                        "doseAndRate": [
                            {
                                "type": {
                                    "coding": [
                                        {
                                            "system": "http://epic.com/CodeSystem/dose-rate-type",
                                            "code": "calculated",
                                            "display": "calculated"
                                        }
                                    ],
                                    "text": "calculated"
                                },
                                "doseQuantity": {
                                    "value": 80,
                                    "unit": "mg",
                                    "system": "http://unitsofmeasure.org",
                                    "code": "mg"
                                }
                            },
                            {
                                "type": {
                                    "coding": [
                                        {
                                            "system": "http://epic.com/CodeSystem/dose-rate-type",
                                            "code": "admin-amount",
                                            "display": "admin-amount"
                                        }
                                    ],
                                    "text": "admin-amount"
                                },
                                "doseQuantity": {
                                    "value": 100,
                                    "unit": "mL",
                                    "system": "http://unitsofmeasure.org",
                                    "code": "mL"
                                }
                            },
                            {
                                "type": {
                                    "coding": [
                                        {
                                            "system": "http://epic.com/CodeSystem/dose-rate-type",
                                            "code": "ordered",
                                            "display": "ordered"
                                        }
                                    ],
                                    "text": "ordered"
                                },
                                "doseQuantity": {
                                    "value": 80,
                                    "unit": "mg",
                                    "system": "http://unitsofmeasure.org",
                                    "code": "mg"
                                }
                            }
                        ]
                    }
                ]
            },
            "search": {
                "mode": "match"
            }
        }
    ]
}