{
    "resourceType": "Bundle",
    "type": "searchset",
    "total": 1,
    "link": [
        {
            "relation": "self",
            "url": "https://apporchard.epic.com/interconnect-aocurprd-oauth/api/FHIR/R4/MedicationRequest?_format=json&patient=eoErUIZcHymACnOHTbJ2p8g3"
        }
    ],
    "entry": [
        {
            "link": [
                {
                    "relation": "self",
                    "url": "https://apporchard.epic.com/interconnect-aocurprd-oauth/api/FHIR/R4/MedicationRequest/e8Ao.cNk0vmuYBZl3F9KxoQ3"
                }
            ],
            "fullUrl": "https://apporchard.epic.com/interconnect-aocurprd-oauth/api/FHIR/R4/MedicationRequest/e8Ao.cNk0vmuYBZl3F9KxoQ3",
            "resource": {
                "resourceType": "MedicationRequest",
                "id": "e8Ao.cNk0vmuYBZl3F9KxoQ3",
                "identifier": [
                    {
                        "use": "usual",
                        "system": "urn:oid:1.2.840.114350.1.13.0.1.7.2.798268",
                        "value": "901902"
                    }
                ],
                "status": "active",
                "intent": "order",
                "category": [
                    {
                        "coding": [
                            {
                                "system": "http://terminology.hl7.org/CodeSystem/medicationrequest-category",
                                "code": "inpatient",
                                "display": "Inpatient"
                            }
                        ],
                        "text": "Inpatient"
                    }
                ],
                "medicationReference": {
                    "reference": "Medication/eevOyLDLFMh16E-eK1jx2bv9avYcZJ80u9MMH8NTK8F1nEdP65bLR2MO9zKnN.eAj3",
                    "display": "gadopentetate dimeglumine (MAGNEVIST) injection 46.9%"
                },
                "subject": {
                    "reference": "Patient/eoErUIZcHymACnOHTbJ2p8g3",
                    "display": "Radiant, Julie"
                },
                "encounter": {
                    "reference": "Encounter/eeP88KgLoPtr..OMBkCvOuw3",
                    "display": "Emergency"
                },
                "authoredOn": "2015-03-13T19:53:56Z",
                "requester": {
                    "reference": "Practitioner/e8bM9BibcJ25SLe6lJi5i9Q3",
                    "type": "Practitioner",
                    "display": "Attending Physician Emergency, MD"
                },
                "recorder": {
                    "reference": "Practitioner/efjdOHomcPctcCffcE015Tg3",
                    "type": "Practitioner",
                    "display": "Technologist Radiology, RT"
                },
                "courseOfTherapyType": {
                    "coding": [
                        {
                            "system": "http://terminology.hl7.org/CodeSystem/medicationrequest-course-of-therapy",
                            "code": "acute",
                            "display": "Short course (acute) therapy"
                        }
                    ],
                    "text": "Short course (acute) therapy"
                },
                "dosageInstruction": [
                    {
                        "text": "0.1 mmol/kg, Intravenous, Once in imaging, contrast, Starting Fri 3/13/15 at 1452, For 1 dose",
                        "timing": {
                            "repeat": {
                                "boundsPeriod": {
                                    "start": "2015-03-13T19:52:53Z"
                                },
                                "count": 1,
                                "countMax": 1,
                                "frequency": 1,
                                "period": 1,
                                "periodUnit": "d"
                            },
                            "code": {
                                "text": "Imaging use only - as needed"
                            }
                        },
                        "asNeededBoolean": true,
                        "route": {
                            "coding": [
                                {
                                    "system": "http://snomed.info/sct",
                                    "code": "418114005",
                                    "display": "Intravenous central route (qualifier value)"
                                },
                                {
                                    "system": "urn:oid:1.2.840.114350.1.13.0.1.7.4.798268.7025",
                                    "code": "11",
                                    "display": "Intravenous"
                                }
                            ],
                            "text": "Intravenous"
                        },
                        "doseAndRate": [
                            {
                                "type": {
                                    "coding": [
                                        {
                                            "system": "http://epic.com/CodeSystem/dose-rate-type",
                                            "code": "ordered",
                                            "display": "ordered"
                                        }
                                    ],
                                    "text": "ordered"
                                },
                                "doseQuantity": {
                                    "value": 0.1,
                                    "unit": "mmol/kg",
                                    "system": "http://unitsofmeasure.org",
                                    "code": "mmol/kg"
                                }
                            }
                        ]
                    }
                ]
            },
            "search": {
                "mode": "match"
            }
        }
    ]
}