{
    "resourceType": "Bundle",
    "type": "searchset",
    "total": 1,
    "link": [
        {
            "relation": "self",
            "url": "https://apporchard.epic.com/interconnect-aocurprd-oauth/api/FHIR/R4/MedicationRequest?_format=json&patient=e2m-5sRZgy6oWicuAd5.YIg3"
        }
    ],
    "entry": [
        {
            "link": [
                {
                    "relation": "self",
                    "url": "https://apporchard.epic.com/interconnect-aocurprd-oauth/api/FHIR/R4/MedicationRequest/e2vvVBuLeXegY.tqHOAK37ljfSMaXzJcC-7tswdj78kg3"
                }
            ],
            "fullUrl": "https://apporchard.epic.com/interconnect-aocurprd-oauth/api/FHIR/R4/MedicationRequest/e2vvVBuLeXegY.tqHOAK37ljfSMaXzJcC-7tswdj78kg3",
            "resource": {
                "resourceType": "MedicationRequest",
                "id": "e2vvVBuLeXegY.tqHOAK37ljfSMaXzJcC-7tswdj78kg3",
                "identifier": [
                    {
                        "use": "usual",
                        "system": "urn:oid:1.2.840.114350.1.13.0.1.7.2.798268",
                        "value": "1066006"
                    }
                ],
                "status": "active",
                "intent": "order",
                "category": [
                    {
                        "coding": [
                            {
                                "system": "http://terminology.hl7.org/CodeSystem/medicationrequest-category",
                                "code": "inpatient",
                                "display": "Inpatient"
                            }
                        ],
                        "text": "Inpatient"
                    }
                ],
                "medicationReference": {
                    "reference": "Medication/ekjEt5ZzF8kpvrV4w0y4KKgIgqg09vEah7zAHGfzrM4-M7cg8a8TDJVmWn-2AFYpE3",
                    "display": "vancomycin IVPB 500 mg in 100 mL (premix)"
                },
                "subject": {
                    "reference": "Patient/e2m-5sRZgy6oWicuAd5.YIg3",
                    "display": "Clin Doc, Sally"
                },
                "encounter": {
                    "reference": "Encounter/eOTmNoqm7hZTcrBaFxe9wRg3",
                    "display": "Hospital Encounter"
                },
                "authoredOn": "2021-12-30T16:39:19Z",
                "requester": {
                    "reference": "Practitioner/e9s-IdXQOUVywHOVoisd6xQ3",
                    "type": "Practitioner",
                    "display": "Attending Physician Inpatient, MD"
                },
                "recorder": {
                    "reference": "Practitioner/e3Dt5qIBhMpHNwBK2q370pg3",
                    "type": "Practitioner",
                    "display": "Justin Hewitt, MD"
                },
                "courseOfTherapyType": {
                    "coding": [
                        {
                            "system": "http://terminology.hl7.org/CodeSystem/medicationrequest-course-of-therapy",
                            "code": "acute",
                            "display": "Short course (acute) therapy"
                        }
                    ],
                    "text": "Short course (acute) therapy"
                },
                "dosageInstruction": [
                    {
                        "text": "500 mg (rounded from 590 mg = 10 mg/kg \u00d7 59 kg), Intravenous, at 100 mL/hr, Administer over 60 Minutes, Every 6 hours, First dose on Thu 12/30/21 at 1045\npremix bag\n",
                        "timing": {
                            "repeat": {
                                "boundsPeriod": {
                                    "start": "2021-12-30T16:45:00Z"
                                },
                                "duration": 60,
                                "durationUnit": "min",
                                "frequency": 1,
                                "period": 6,
                                "periodUnit": "h"
                            },
                            "code": {
                                "text": "Every 6 (six) hours"
                            }
                        },
                        "asNeededBoolean": false,
                        "route": {
                            "coding": [
                                {
                                    "system": "http://snomed.info/sct",
                                    "code": "418114005",
                                    "display": "Intravenous central route (qualifier value)"
                                },
                                {
                                    "system": "urn:oid:1.2.840.114350.1.13.0.1.7.4.798268.7025",
                                    "code": "11",
                                    "display": "Intravenous"
                                }
                            ],
                            "text": "Intravenous"
                        },
                        "doseAndRate": [
                            {
                                "type": {
                                    "coding": [
                                        {
                                            "system": "http://epic.com/CodeSystem/dose-rate-type",
                                            "code": "calculated",
                                            "display": "calculated"
                                        }
                                    ],
                                    "text": "calculated"
                                },
                                "doseQuantity": {
                                    "value": 500,
                                    "unit": "mg",
                                    "system": "http://unitsofmeasure.org",
                                    "code": "mg"
                                }
                            },
                            {
                                "type": {
                                    "coding": [
                                        {
                                            "system": "http://epic.com/CodeSystem/dose-rate-type",
                                            "code": "admin-amount",
                                            "display": "admin-amount"
                                        }
                                    ],
                                    "text": "admin-amount"
                                },
                                "doseQuantity": {
                                    "value": 100,
                                    "unit": "mL",
                                    "system": "http://unitsofmeasure.org",
                                    "code": "mL"
                                }
                            },
                            {
                                "type": {
                                    "coding": [
                                        {
                                            "system": "http://epic.com/CodeSystem/dose-rate-type",
                                            "code": "ordered",
                                            "display": "ordered"
                                        }
                                    ],
                                    "text": "ordered"
                                },
                                "doseQuantity": {
                                    "value": 10,
                                    "unit": "mg/kg",
                                    "system": "http://unitsofmeasure.org",
                                    "code": "mg/kg"
                                }
                            }
                        ]
                    }
                ]
            },
            "search": {
                "mode": "match"
            }
        }
    ]
}