{
    "resourceType": "Bundle",
    "type": "searchset",
    "total": 3,
    "link": [
        {
            "relation": "self",
            "url": "https://apporchard.epic.com/interconnect-aocurprd-oauth/api/FHIR/R4/MedicationRequest?_format=json&patient=ezJ3xydHVDnXn1sVJA5rCiA3"
        }
    ],
    "entry": [
        {
            "link": [
                {
                    "relation": "self",
                    "url": "https://apporchard.epic.com/interconnect-aocurprd-oauth/api/FHIR/R4/MedicationRequest/eF6Wi9pi-3GGL3Bki0nWVtw3"
                }
            ],
            "fullUrl": "https://apporchard.epic.com/interconnect-aocurprd-oauth/api/FHIR/R4/MedicationRequest/eF6Wi9pi-3GGL3Bki0nWVtw3",
            "resource": {
                "resourceType": "MedicationRequest",
                "id": "eF6Wi9pi-3GGL3Bki0nWVtw3",
                "identifier": [
                    {
                        "use": "usual",
                        "system": "urn:oid:1.2.840.114350.1.13.0.1.7.2.798268",
                        "value": "879416"
                    }
                ],
                "status": "active",
                "intent": "order",
                "category": [
                    {
                        "coding": [
                            {
                                "system": "http://terminology.hl7.org/CodeSystem/medicationrequest-category",
                                "code": "inpatient",
                                "display": "Inpatient"
                            }
                        ],
                        "text": "Inpatient"
                    }
                ],
                "medicationReference": {
                    "reference": "Medication/eHU8Hpcpm5bOGGO4WplufhOEcKioWP7uoV0mftb6p3Q2.bU06.4gg5lOGo05WAb2q3",
                    "display": "sodium chloride 0.9 % infusion"
                },
                "subject": {
                    "reference": "Patient/ezJ3xydHVDnXn1sVJA5rCiA3",
                    "display": "Orders, Charles"
                },
                "encounter": {
                    "reference": "Encounter/ePITxHFbv4a.zn3MUMV5kqA3",
                    "display": "Hospital Encounter"
                },
                "authoredOn": "2013-11-15T15:33:21Z",
                "requester": {
                    "reference": "Practitioner/e9s-IdXQOUVywHOVoisd6xQ3",
                    "type": "Practitioner",
                    "display": "Attending Physician Inpatient, MD"
                },
                "recorder": {
                    "reference": "Practitioner/eWi23CFKIZBN49H--0z4GVw3",
                    "type": "Practitioner",
                    "display": "Nurse Inpatient, RN"
                },
                "courseOfTherapyType": {
                    "coding": [
                        {
                            "system": "http://terminology.hl7.org/CodeSystem/medicationrequest-course-of-therapy",
                            "code": "acute",
                            "display": "Short course (acute) therapy"
                        }
                    ],
                    "text": "Short course (acute) therapy"
                },
                "dosageInstruction": [
                    {
                        "text": "Intravenous, at 100 mL/hr, Continuous, Starting on Fri 11/15/13 at 0945",
                        "timing": {
                            "repeat": {
                                "boundsPeriod": {
                                    "start": "2013-11-15T15:45:00Z"
                                }
                            },
                            "code": {
                                "text": "Continuous"
                            }
                        },
                        "asNeededBoolean": false,
                        "route": {
                            "coding": [
                                {
                                    "system": "http://snomed.info/sct",
                                    "code": "418114005",
                                    "display": "Intravenous central route (qualifier value)"
                                },
                                {
                                    "system": "urn:oid:1.2.840.114350.1.13.0.1.7.4.798268.7025",
                                    "code": "11",
                                    "display": "Intravenous"
                                }
                            ],
                            "text": "Intravenous"
                        }
                    }
                ]
            },
            "search": {
                "mode": "match"
            }
        },
        {
            "link": [
                {
                    "relation": "self",
                    "url": "https://apporchard.epic.com/interconnect-aocurprd-oauth/api/FHIR/R4/MedicationRequest/ed6dgmUQTTCmmM9PwQQpC.Q3"
                }
            ],
            "fullUrl": "https://apporchard.epic.com/interconnect-aocurprd-oauth/api/FHIR/R4/MedicationRequest/ed6dgmUQTTCmmM9PwQQpC.Q3",
            "resource": {
                "resourceType": "MedicationRequest",
                "id": "ed6dgmUQTTCmmM9PwQQpC.Q3",
                "identifier": [
                    {
                        "use": "usual",
                        "system": "urn:oid:1.2.840.114350.1.13.0.1.7.2.798268",
                        "value": "879415"
                    }
                ],
                "status": "active",
                "intent": "order",
                "category": [
                    {
                        "coding": [
                            {
                                "system": "http://terminology.hl7.org/CodeSystem/medicationrequest-category",
                                "code": "inpatient",
                                "display": "Inpatient"
                            }
                        ],
                        "text": "Inpatient"
                    }
                ],
                "medicationReference": {
                    "reference": "Medication/eWsLe1Oy1sGigN-S13IvXNocCnkQcYmPKMOq1RVPg7Wbx-lUMDBryYTLRlQ-qYfKj3",
                    "display": "acetaminophen (TYLENOL) tablet"
                },
                "subject": {
                    "reference": "Patient/ezJ3xydHVDnXn1sVJA5rCiA3",
                    "display": "Orders, Charles"
                },
                "encounter": {
                    "reference": "Encounter/ePITxHFbv4a.zn3MUMV5kqA3",
                    "display": "Hospital Encounter"
                },
                "authoredOn": "2013-11-15T15:31:26Z",
                "requester": {
                    "reference": "Practitioner/e9s-IdXQOUVywHOVoisd6xQ3",
                    "type": "Practitioner",
                    "display": "Attending Physician Inpatient, MD"
                },
                "recorder": {
                    "reference": "Practitioner/e9s-IdXQOUVywHOVoisd6xQ3",
                    "type": "Practitioner",
                    "display": "Attending Physician Inpatient, MD"
                },
                "courseOfTherapyType": {
                    "coding": [
                        {
                            "system": "http://terminology.hl7.org/CodeSystem/medicationrequest-course-of-therapy",
                            "code": "acute",
                            "display": "Short course (acute) therapy"
                        }
                    ],
                    "text": "Short course (acute) therapy"
                },
                "dosageInstruction": [
                    {
                        "text": "650 mg, Oral, Every 6 hours PRN, mild pain, Starting Fri 11/15/13 at 0931\nMaximum dose of acetaminophen is 4000 mg from all sources in 24 hours.\n",
                        "timing": {
                            "repeat": {
                                "boundsPeriod": {
                                    "start": "2013-11-15T15:31:14Z"
                                },
                                "frequency": 1,
                                "period": 6,
                                "periodUnit": "h"
                            },
                            "code": {
                                "text": "Every 6 hours as needed"
                            }
                        },
                        "asNeededBoolean": true,
                        "route": {
                            "coding": [
                                {
                                    "system": "http://snomed.info/sct",
                                    "code": "260548002",
                                    "display": "Oral (qualifier value)"
                                },
                                {
                                    "system": "urn:oid:1.2.840.114350.1.13.0.1.7.4.798268.7025",
                                    "code": "15",
                                    "display": "Oral"
                                }
                            ],
                            "text": "Oral"
                        },
                        "doseAndRate": [
                            {
                                "type": {
                                    "coding": [
                                        {
                                            "system": "http://epic.com/CodeSystem/dose-rate-type",
                                            "code": "calculated",
                                            "display": "calculated"
                                        }
                                    ],
                                    "text": "calculated"
                                },
                                "doseQuantity": {
                                    "value": 650,
                                    "unit": "mg",
                                    "system": "http://unitsofmeasure.org",
                                    "code": "mg"
                                }
                            },
                            {
                                "type": {
                                    "coding": [
                                        {
                                            "system": "http://epic.com/CodeSystem/dose-rate-type",
                                            "code": "admin-amount",
                                            "display": "admin-amount"
                                        }
                                    ],
                                    "text": "admin-amount"
                                },
                                "doseQuantity": {
                                    "value": 2,
                                    "unit": "tablet",
                                    "system": "http://unitsofmeasure.org",
                                    "code": "{tbl}"
                                }
                            },
                            {
                                "type": {
                                    "coding": [
                                        {
                                            "system": "http://epic.com/CodeSystem/dose-rate-type",
                                            "code": "ordered",
                                            "display": "ordered"
                                        }
                                    ],
                                    "text": "ordered"
                                },
                                "doseQuantity": {
                                    "value": 650,
                                    "unit": "mg",
                                    "system": "http://unitsofmeasure.org",
                                    "code": "mg"
                                }
                            }
                        ]
                    }
                ]
            },
            "search": {
                "mode": "match"
            }
        },
        {
            "link": [
                {
                    "relation": "self",
                    "url": "https://apporchard.epic.com/interconnect-aocurprd-oauth/api/FHIR/R4/MedicationRequest/ekf4JTUiqFOWSOHrs.IFtyg3"
                }
            ],
            "fullUrl": "https://apporchard.epic.com/interconnect-aocurprd-oauth/api/FHIR/R4/MedicationRequest/ekf4JTUiqFOWSOHrs.IFtyg3",
            "resource": {
                "resourceType": "MedicationRequest",
                "id": "ekf4JTUiqFOWSOHrs.IFtyg3",
                "identifier": [
                    {
                        "use": "usual",
                        "system": "urn:oid:1.2.840.114350.1.13.0.1.7.2.798268",
                        "value": "879414"
                    }
                ],
                "status": "completed",
                "intent": "order",
                "category": [
                    {
                        "coding": [
                            {
                                "system": "http://terminology.hl7.org/CodeSystem/medicationrequest-category",
                                "code": "inpatient",
                                "display": "Inpatient"
                            }
                        ],
                        "text": "Inpatient"
                    }
                ],
                "medicationReference": {
                    "reference": "Medication/e-e7rF1gpTp3iYJeSJW.Z5FBF7oi-fvrKqbEStEJshQL97raXJjwoiDNrBGVz5ykH3",
                    "display": "morphine PF injection 1 mg/mL"
                },
                "subject": {
                    "reference": "Patient/ezJ3xydHVDnXn1sVJA5rCiA3",
                    "display": "Orders, Charles"
                },
                "encounter": {
                    "reference": "Encounter/ePITxHFbv4a.zn3MUMV5kqA3",
                    "display": "Hospital Encounter"
                },
                "authoredOn": "2013-11-15T15:31:25Z",
                "requester": {
                    "reference": "Practitioner/e9s-IdXQOUVywHOVoisd6xQ3",
                    "type": "Practitioner",
                    "display": "Attending Physician Inpatient, MD"
                },
                "recorder": {
                    "reference": "Practitioner/e9s-IdXQOUVywHOVoisd6xQ3",
                    "type": "Practitioner",
                    "display": "Attending Physician Inpatient, MD"
                },
                "courseOfTherapyType": {
                    "coding": [
                        {
                            "system": "http://terminology.hl7.org/CodeSystem/medicationrequest-course-of-therapy",
                            "code": "acute",
                            "display": "Short course (acute) therapy"
                        }
                    ],
                    "text": "Short course (acute) therapy"
                },
                "dosageInstruction": [
                    {
                        "text": "2 mg, Intravenous, Once, On Fri 11/15/13 at 0945, For 1 dose",
                        "timing": {
                            "repeat": {
                                "boundsPeriod": {
                                    "start": "2013-11-15T15:32:00Z",
                                    "end": "2013-11-15T15:32:00Z"
                                },
                                "count": 1
                            },
                            "code": {
                                "text": "Once"
                            }
                        },
                        "asNeededBoolean": false,
                        "route": {
                            "coding": [
                                {
                                    "system": "http://snomed.info/sct",
                                    "code": "418114005",
                                    "display": "Intravenous central route (qualifier value)"
                                },
                                {
                                    "system": "urn:oid:1.2.840.114350.1.13.0.1.7.4.798268.7025",
                                    "code": "11",
                                    "display": "Intravenous"
                                }
                            ],
                            "text": "Intravenous"
                        },
                        "doseAndRate": [
                            {
                                "type": {
                                    "coding": [
                                        {
                                            "system": "http://epic.com/CodeSystem/dose-rate-type",
                                            "code": "calculated",
                                            "display": "calculated"
                                        }
                                    ],
                                    "text": "calculated"
                                },
                                "doseQuantity": {
                                    "value": 2,
                                    "unit": "mg",
                                    "system": "http://unitsofmeasure.org",
                                    "code": "mg"
                                }
                            },
                            {
                                "type": {
                                    "coding": [
                                        {
                                            "system": "http://epic.com/CodeSystem/dose-rate-type",
                                            "code": "admin-amount",
                                            "display": "admin-amount"
                                        }
                                    ],
                                    "text": "admin-amount"
                                },
                                "doseQuantity": {
                                    "value": 2,
                                    "unit": "mL",
                                    "system": "http://unitsofmeasure.org",
                                    "code": "mL"
                                }
                            },
                            {
                                "type": {
                                    "coding": [
                                        {
                                            "system": "http://epic.com/CodeSystem/dose-rate-type",
                                            "code": "ordered",
                                            "display": "ordered"
                                        }
                                    ],
                                    "text": "ordered"
                                },
                                "doseQuantity": {
                                    "value": 2,
                                    "unit": "mg",
                                    "system": "http://unitsofmeasure.org",
                                    "code": "mg"
                                }
                            }
                        ]
                    }
                ]
            },
            "search": {
                "mode": "match"
            }
        }
    ]
}