{
    "resourceType": "Bundle",
    "type": "searchset",
    "total": 6,
    "link": [
        {
            "relation": "self",
            "url": "https://apporchard.epic.com/interconnect-aocurprd-oauth/api/FHIR/R4/MedicationRequest?_format=json&patient=eLo.BEqBUkcGLkn5atmR7zw3"
        }
    ],
    "entry": [
        {
            "link": [
                {
                    "relation": "self",
                    "url": "https://apporchard.epic.com/interconnect-aocurprd-oauth/api/FHIR/R4/MedicationRequest/e0UW01-5ZvZMLutBtfIfxRQ3"
                }
            ],
            "fullUrl": "https://apporchard.epic.com/interconnect-aocurprd-oauth/api/FHIR/R4/MedicationRequest/e0UW01-5ZvZMLutBtfIfxRQ3",
            "resource": {
                "resourceType": "MedicationRequest",
                "id": "e0UW01-5ZvZMLutBtfIfxRQ3",
                "identifier": [
                    {
                        "use": "usual",
                        "system": "urn:oid:1.2.840.114350.1.13.0.1.7.2.798268",
                        "value": "899662"
                    }
                ],
                "status": "active",
                "intent": "order",
                "category": [
                    {
                        "coding": [
                            {
                                "system": "http://terminology.hl7.org/CodeSystem/medicationrequest-category",
                                "code": "inpatient",
                                "display": "Inpatient"
                            }
                        ],
                        "text": "Inpatient"
                    }
                ],
                "medicationReference": {
                    "reference": "Medication/eBQbIRqmHguWneK5v8Og9E0fSQ533ZvbeMAA-mqMynGak0bUuScvkm6IG6fjbJrZN3",
                    "display": "nicotine (NICODERM CQ) patch 14 mg/24 hr"
                },
                "subject": {
                    "reference": "Patient/eLo.BEqBUkcGLkn5atmR7zw3",
                    "display": "Clin Doc, Edmond"
                },
                "encounter": {
                    "reference": "Encounter/eiWvRiCA3NcXhJcUmLeUPPg3",
                    "display": "Hospital Encounter"
                },
                "authoredOn": "2013-11-15T14:53:32Z",
                "requester": {
                    "reference": "Practitioner/e9s-IdXQOUVywHOVoisd6xQ3",
                    "type": "Practitioner",
                    "display": "Attending Physician Inpatient, MD"
                },
                "recorder": {
                    "reference": "Practitioner/eWi23CFKIZBN49H--0z4GVw3",
                    "type": "Practitioner",
                    "display": "Nurse Inpatient, RN"
                },
                "courseOfTherapyType": {
                    "coding": [
                        {
                            "system": "http://terminology.hl7.org/CodeSystem/medicationrequest-course-of-therapy",
                            "code": "acute",
                            "display": "Short course (acute) therapy"
                        }
                    ],
                    "text": "Short course (acute) therapy"
                },
                "dosageInstruction": [
                    {
                        "text": "1 patch, Transdermal, Administer over 16 Hours, Daily, First dose on Fri 11/15/13 at 0900\nTime to remove patch: 9:00 PM",
                        "timing": {
                            "repeat": {
                                "boundsPeriod": {
                                    "start": "2013-11-15T15:00:00Z"
                                },
                                "duration": 16,
                                "durationUnit": "h",
                                "frequency": 1,
                                "period": 1,
                                "periodUnit": "d"
                            },
                            "code": {
                                "text": "0900"
                            }
                        },
                        "asNeededBoolean": false,
                        "route": {
                            "coding": [
                                {
                                    "system": "urn:oid:1.2.840.114350.1.13.0.1.7.4.798268.7025",
                                    "code": "20",
                                    "display": "Transdermal"
                                }
                            ],
                            "text": "Transdermal"
                        },
                        "doseAndRate": [
                            {
                                "type": {
                                    "coding": [
                                        {
                                            "system": "http://epic.com/CodeSystem/dose-rate-type",
                                            "code": "calculated",
                                            "display": "calculated"
                                        }
                                    ],
                                    "text": "calculated"
                                },
                                "doseQuantity": {
                                    "value": 1,
                                    "unit": "patch",
                                    "system": "http://unitsofmeasure.org",
                                    "code": "{patch}"
                                }
                            },
                            {
                                "type": {
                                    "coding": [
                                        {
                                            "system": "http://epic.com/CodeSystem/dose-rate-type",
                                            "code": "admin-amount",
                                            "display": "admin-amount"
                                        }
                                    ],
                                    "text": "admin-amount"
                                },
                                "doseQuantity": {
                                    "value": 1,
                                    "unit": "patch",
                                    "system": "http://unitsofmeasure.org",
                                    "code": "{patch}"
                                }
                            },
                            {
                                "type": {
                                    "coding": [
                                        {
                                            "system": "http://epic.com/CodeSystem/dose-rate-type",
                                            "code": "ordered",
                                            "display": "ordered"
                                        }
                                    ],
                                    "text": "ordered"
                                },
                                "doseQuantity": {
                                    "value": 1,
                                    "unit": "patch",
                                    "system": "http://unitsofmeasure.org",
                                    "code": "{patch}"
                                }
                            }
                        ]
                    }
                ]
            },
            "search": {
                "mode": "match"
            }
        },
        {
            "link": [
                {
                    "relation": "self",
                    "url": "https://apporchard.epic.com/interconnect-aocurprd-oauth/api/FHIR/R4/MedicationRequest/e42cCb0FcqJyskaj5UyRH6A3"
                }
            ],
            "fullUrl": "https://apporchard.epic.com/interconnect-aocurprd-oauth/api/FHIR/R4/MedicationRequest/e42cCb0FcqJyskaj5UyRH6A3",
            "resource": {
                "resourceType": "MedicationRequest",
                "id": "e42cCb0FcqJyskaj5UyRH6A3",
                "identifier": [
                    {
                        "use": "usual",
                        "system": "urn:oid:1.2.840.114350.1.13.0.1.7.2.798268",
                        "value": "899661"
                    }
                ],
                "status": "on-hold",
                "intent": "plan",
                "category": [
                    {
                        "coding": [
                            {
                                "system": "http://terminology.hl7.org/CodeSystem/medicationrequest-category",
                                "code": "community",
                                "display": "Community"
                            }
                        ],
                        "text": "Community"
                    }
                ],
                "reportedBoolean": true,
                "medicationReference": {
                    "reference": "Medication/ebpNPov4hHPJyDeKoEX9idXTMq4zPl9jHhV5BMJfo73Tw8xaJXZA93K7JFhs9k-k13",
                    "display": "aspirin EC tablet"
                },
                "subject": {
                    "reference": "Patient/eLo.BEqBUkcGLkn5atmR7zw3",
                    "display": "Clin Doc, Edmond"
                },
                "encounter": {
                    "reference": "Encounter/eiWvRiCA3NcXhJcUmLeUPPg3",
                    "display": "Hospital Encounter"
                },
                "authoredOn": "2012-08-18T16:44:21Z",
                "requester": {
                    "extension": [
                        {
                            "valueCode": "unknown",
                            "url": "http://hl7.org/fhir/StructureDefinition/data-absent-reason"
                        }
                    ]
                },
                "recorder": {
                    "reference": "Practitioner/e9s-IdXQOUVywHOVoisd6xQ3",
                    "type": "Practitioner",
                    "display": "Attending Physician Inpatient, MD"
                },
                "courseOfTherapyType": {
                    "coding": [
                        {
                            "system": "http://terminology.hl7.org/CodeSystem/medicationrequest-course-of-therapy",
                            "code": "acute",
                            "display": "Short course (acute) therapy"
                        }
                    ],
                    "text": "Short course (acute) therapy"
                },
                "dosageInstruction": [
                    {
                        "text": "Take 162 mg by mouth daily.  , Until Discontinued, Historical Med",
                        "patientInstruction": "Take 162 mg by mouth daily.  ",
                        "timing": {
                            "repeat": {
                                "timeOfDay": [
                                    "09:00:00"
                                ]
                            },
                            "code": {
                                "text": "0900"
                            }
                        },
                        "asNeededBoolean": false,
                        "route": {
                            "coding": [
                                {
                                    "system": "http://snomed.info/sct",
                                    "code": "260548002",
                                    "display": "Oral (qualifier value)"
                                },
                                {
                                    "system": "urn:oid:1.2.840.114350.1.13.0.1.7.4.798268.7025",
                                    "code": "15",
                                    "display": "Oral"
                                }
                            ],
                            "text": "Oral"
                        },
                        "doseAndRate": [
                            {
                                "type": {
                                    "coding": [
                                        {
                                            "system": "http://epic.com/CodeSystem/dose-rate-type",
                                            "code": "ordered",
                                            "display": "ordered"
                                        }
                                    ],
                                    "text": "ordered"
                                },
                                "doseQuantity": {
                                    "value": 162,
                                    "unit": "mg",
                                    "system": "http://unitsofmeasure.org",
                                    "code": "mg"
                                }
                            }
                        ]
                    }
                ]
            },
            "search": {
                "mode": "match"
            }
        },
        {
            "link": [
                {
                    "relation": "self",
                    "url": "https://apporchard.epic.com/interconnect-aocurprd-oauth/api/FHIR/R4/MedicationRequest/e66tpId5.56P2ui208rlBnCXL8c7ETvIvw3c7B3gezio3"
                }
            ],
            "fullUrl": "https://apporchard.epic.com/interconnect-aocurprd-oauth/api/FHIR/R4/MedicationRequest/e66tpId5.56P2ui208rlBnCXL8c7ETvIvw3c7B3gezio3",
            "resource": {
                "resourceType": "MedicationRequest",
                "id": "e66tpId5.56P2ui208rlBnCXL8c7ETvIvw3c7B3gezio3",
                "identifier": [
                    {
                        "use": "usual",
                        "system": "urn:oid:1.2.840.114350.1.13.0.1.7.2.798268",
                        "value": "1006535"
                    }
                ],
                "status": "active",
                "intent": "order",
                "category": [
                    {
                        "coding": [
                            {
                                "system": "http://terminology.hl7.org/CodeSystem/medicationrequest-category",
                                "code": "community",
                                "display": "Community"
                            }
                        ],
                        "text": "Community"
                    }
                ],
                "medicationReference": {
                    "reference": "Medication/e.LXHYUhKafD4VXBvv9kq-9dxo7WlVaeftuAZkTsNy36kAfaree.CxPXbpkDSOZQG3",
                    "display": "dilTIAZem (CARDIZEM CD) 24 hr capsule"
                },
                "subject": {
                    "reference": "Patient/eLo.BEqBUkcGLkn5atmR7zw3",
                    "display": "Clin Doc, Edmond"
                },
                "encounter": {
                    "reference": "Encounter/ehZkfIl0JIxSICGPxp7SnXA3",
                    "display": "Office Visit"
                },
                "authoredOn": "2021-11-23",
                "requester": {
                    "reference": "Practitioner/elpRiy0AYgjhdjAhTBJ3Aiw3",
                    "type": "Practitioner",
                    "display": "Np Family Medicine, NP"
                },
                "recorder": {
                    "reference": "Practitioner/ei3hXIGeoxDxlLN5LKro4oQ3",
                    "type": "Practitioner",
                    "display": "Jenn Scott"
                },
                "courseOfTherapyType": {
                    "coding": [
                        {
                            "system": "http://terminology.hl7.org/CodeSystem/medicationrequest-course-of-therapy",
                            "code": "continuous",
                            "display": "Continuous long term therapy"
                        }
                    ],
                    "text": "Continuous long term therapy"
                },
                "dosageInstruction": [
                    {
                        "text": "Take 1 capsule (180 mg total) by mouth 1 (one) time each day., Starting Tue 11/23/2021, Until Sun 5/22/2022, Normal",
                        "patientInstruction": "Take 1 capsule (180 mg total) by mouth 1 (one) time each day.",
                        "timing": {
                            "repeat": {
                                "boundsPeriod": {
                                    "start": "2021-11-23"
                                },
                                "count": 180,
                                "timeOfDay": [
                                    "09:00:00"
                                ]
                            },
                            "code": {
                                "text": "0900"
                            }
                        },
                        "asNeededBoolean": false,
                        "route": {
                            "coding": [
                                {
                                    "system": "http://snomed.info/sct",
                                    "code": "260548002",
                                    "display": "Oral (qualifier value)"
                                },
                                {
                                    "system": "urn:oid:1.2.840.114350.1.13.0.1.7.4.798268.7025",
                                    "code": "15",
                                    "display": "Oral"
                                }
                            ],
                            "text": "Oral"
                        },
                        "method": {
                            "coding": [
                                {
                                    "system": "http://snomed.info/sct",
                                    "code": "419652001",
                                    "display": "Take"
                                }
                            ],
                            "text": "Take"
                        },
                        "doseAndRate": [
                            {
                                "type": {
                                    "coding": [
                                        {
                                            "system": "http://epic.com/CodeSystem/dose-rate-type",
                                            "code": "calculated",
                                            "display": "calculated"
                                        }
                                    ],
                                    "text": "calculated"
                                },
                                "doseQuantity": {
                                    "value": 180,
                                    "unit": "mg",
                                    "system": "http://unitsofmeasure.org",
                                    "code": "mg"
                                }
                            },
                            {
                                "type": {
                                    "coding": [
                                        {
                                            "system": "http://epic.com/CodeSystem/dose-rate-type",
                                            "code": "admin-amount",
                                            "display": "admin-amount"
                                        }
                                    ],
                                    "text": "admin-amount"
                                },
                                "doseQuantity": {
                                    "value": 1,
                                    "unit": "capsule",
                                    "system": "http://unitsofmeasure.org",
                                    "code": "{capsule}"
                                }
                            },
                            {
                                "type": {
                                    "coding": [
                                        {
                                            "system": "http://epic.com/CodeSystem/dose-rate-type",
                                            "code": "ordered",
                                            "display": "ordered"
                                        }
                                    ],
                                    "text": "ordered"
                                },
                                "doseQuantity": {
                                    "value": 180,
                                    "unit": "mg",
                                    "system": "http://unitsofmeasure.org",
                                    "code": "mg"
                                }
                            }
                        ]
                    }
                ],
                "dispenseRequest": {
                    "validityPeriod": {
                        "start": "2021-11-23"
                    },
                    "numberOfRepeatsAllowed": 5,
                    "quantity": {
                        "value": 30,
                        "unit": "capsule"
                    },
                    "expectedSupplyDuration": {
                        "value": 30,
                        "unit": "Day",
                        "system": "http://unitsofmeasure.org",
                        "code": "d"
                    }
                }
            },
            "search": {
                "mode": "match"
            }
        },
        {
            "link": [
                {
                    "relation": "self",
                    "url": "https://apporchard.epic.com/interconnect-aocurprd-oauth/api/FHIR/R4/MedicationRequest/eTYOZLTZ0Dnq04BeDxoKcAGiS-hXfd9UuVjXkX8DHnMk3"
                }
            ],
            "fullUrl": "https://apporchard.epic.com/interconnect-aocurprd-oauth/api/FHIR/R4/MedicationRequest/eTYOZLTZ0Dnq04BeDxoKcAGiS-hXfd9UuVjXkX8DHnMk3",
            "resource": {
                "resourceType": "MedicationRequest",
                "id": "eTYOZLTZ0Dnq04BeDxoKcAGiS-hXfd9UuVjXkX8DHnMk3",
                "identifier": [
                    {
                        "use": "usual",
                        "system": "urn:oid:1.2.840.114350.1.13.0.1.7.2.798268",
                        "value": "1006540"
                    }
                ],
                "status": "completed",
                "intent": "order",
                "category": [
                    {
                        "coding": [
                            {
                                "system": "http://terminology.hl7.org/CodeSystem/medicationrequest-category",
                                "code": "community",
                                "display": "Community"
                            }
                        ],
                        "text": "Community"
                    }
                ],
                "medicationReference": {
                    "reference": "Medication/ejnbRZXZea4.-yLd3bc0Epp5s4OjzuVfV8ahVg8.y0t8kittZGWPaNoe1ZCOZP0gG3",
                    "display": "KINRIX IM SUSP"
                },
                "subject": {
                    "reference": "Patient/eLo.BEqBUkcGLkn5atmR7zw3",
                    "display": "Clin Doc, Edmond"
                },
                "encounter": {
                    "reference": "Encounter/ehZkfIl0JIxSICGPxp7SnXA3",
                    "display": "Office Visit"
                },
                "authoredOn": "2021-11-23",
                "requester": {
                    "reference": "Practitioner/eM5CWtq15N0WJeuCet5bJlQ3",
                    "type": "Practitioner",
                    "display": "Physician Family Medicine, MD"
                },
                "recorder": {
                    "reference": "Practitioner/eiGtAGAYuev3M0OjRIjwNJg3",
                    "type": "Practitioner",
                    "display": "Matthew Sargent"
                },
                "courseOfTherapyType": {
                    "coding": [
                        {
                            "system": "http://terminology.hl7.org/CodeSystem/medicationrequest-course-of-therapy",
                            "code": "acute",
                            "display": "Short course (acute) therapy"
                        }
                    ],
                    "text": "Short course (acute) therapy"
                },
                "dosageInstruction": [
                    {
                        "text": "Inject 0.5 mL into the shoulder, thigh, or buttocks 1 (one) time for 1 dose., Starting Tue 11/23/2021, Normal",
                        "patientInstruction": "Inject 0.5 mL into the shoulder, thigh, or buttocks 1 (one) time for 1 dose.",
                        "timing": {
                            "repeat": {
                                "boundsPeriod": {
                                    "start": "2021-11-23"
                                },
                                "count": 1
                            },
                            "code": {
                                "text": "Once"
                            }
                        },
                        "asNeededBoolean": false,
                        "route": {
                            "coding": [
                                {
                                    "system": "urn:oid:1.2.840.114350.1.13.0.1.7.4.798268.7025",
                                    "code": "6",
                                    "display": "Intramuscular"
                                }
                            ],
                            "text": "Intramuscular"
                        },
                        "method": {
                            "coding": [
                                {
                                    "system": "http://snomed.info/sct",
                                    "code": "422145002",
                                    "display": "Inject"
                                }
                            ],
                            "text": "Inject"
                        },
                        "doseAndRate": [
                            {
                                "type": {
                                    "coding": [
                                        {
                                            "system": "http://epic.com/CodeSystem/dose-rate-type",
                                            "code": "calculated",
                                            "display": "calculated"
                                        }
                                    ],
                                    "text": "calculated"
                                },
                                "doseQuantity": {
                                    "value": 0.5,
                                    "unit": "mL",
                                    "system": "http://unitsofmeasure.org",
                                    "code": "mL"
                                }
                            },
                            {
                                "type": {
                                    "coding": [
                                        {
                                            "system": "http://epic.com/CodeSystem/dose-rate-type",
                                            "code": "admin-amount",
                                            "display": "admin-amount"
                                        }
                                    ],
                                    "text": "admin-amount"
                                },
                                "doseQuantity": {
                                    "value": 0.5,
                                    "unit": "mL",
                                    "system": "http://unitsofmeasure.org",
                                    "code": "mL"
                                }
                            },
                            {
                                "type": {
                                    "coding": [
                                        {
                                            "system": "http://epic.com/CodeSystem/dose-rate-type",
                                            "code": "ordered",
                                            "display": "ordered"
                                        }
                                    ],
                                    "text": "ordered"
                                },
                                "doseQuantity": {
                                    "value": 0.5,
                                    "unit": "mL",
                                    "system": "http://unitsofmeasure.org",
                                    "code": "mL"
                                }
                            }
                        ]
                    }
                ],
                "dispenseRequest": {
                    "validityPeriod": {
                        "start": "2021-11-23"
                    },
                    "numberOfRepeatsAllowed": 0,
                    "quantity": {
                        "value": 0.5,
                        "unit": "mL"
                    },
                    "expectedSupplyDuration": {
                        "value": 1,
                        "unit": "Day",
                        "system": "http://unitsofmeasure.org",
                        "code": "d"
                    }
                }
            },
            "search": {
                "mode": "match"
            }
        },
        {
            "link": [
                {
                    "relation": "self",
                    "url": "https://apporchard.epic.com/interconnect-aocurprd-oauth/api/FHIR/R4/MedicationRequest/eV9-2h70Cr1kqsrYqC9dY2NqsTn3OWBrbYlSWNXqTAm43"
                }
            ],
            "fullUrl": "https://apporchard.epic.com/interconnect-aocurprd-oauth/api/FHIR/R4/MedicationRequest/eV9-2h70Cr1kqsrYqC9dY2NqsTn3OWBrbYlSWNXqTAm43",
            "resource": {
                "resourceType": "MedicationRequest",
                "id": "eV9-2h70Cr1kqsrYqC9dY2NqsTn3OWBrbYlSWNXqTAm43",
                "identifier": [
                    {
                        "use": "usual",
                        "system": "urn:oid:1.2.840.114350.1.13.0.1.7.2.798268",
                        "value": "1006537"
                    }
                ],
                "status": "on-hold",
                "intent": "order",
                "category": [
                    {
                        "coding": [
                            {
                                "system": "http://terminology.hl7.org/CodeSystem/medicationrequest-category",
                                "code": "community",
                                "display": "Community"
                            }
                        ],
                        "text": "Community"
                    }
                ],
                "medicationReference": {
                    "reference": "Medication/e9L2g7AoFfGohX51Rc9Tp02xFPR7i7.ZL4kKBVj658KtFeL5n18bia4BRCng.IcSv3",
                    "display": "ipratropium-albuterol (DUO-NEB) nebulizer solution 0.5-2.5 mg/3 mL"
                },
                "subject": {
                    "reference": "Patient/eLo.BEqBUkcGLkn5atmR7zw3",
                    "display": "Clin Doc, Edmond"
                },
                "encounter": {
                    "reference": "Encounter/ehZkfIl0JIxSICGPxp7SnXA3",
                    "display": "Office Visit"
                },
                "authoredOn": "2021-11-23",
                "requester": {
                    "reference": "Practitioner/elpRiy0AYgjhdjAhTBJ3Aiw3",
                    "type": "Practitioner",
                    "display": "Np Family Medicine, NP"
                },
                "recorder": {
                    "reference": "Practitioner/ei3hXIGeoxDxlLN5LKro4oQ3",
                    "type": "Practitioner",
                    "display": "Jenn Scott"
                },
                "courseOfTherapyType": {
                    "coding": [
                        {
                            "system": "http://terminology.hl7.org/CodeSystem/medicationrequest-course-of-therapy",
                            "code": "continuous",
                            "display": "Continuous long term therapy"
                        }
                    ],
                    "text": "Continuous long term therapy"
                },
                "dosageInstruction": [
                    {
                        "text": "Take 3 mL by nebulization 4 (four) times a day if needed for wheezing or shortness of breath., Starting Tue 11/23/2021, Until Wed 11/23/2022 at 2359, Normal",
                        "patientInstruction": "Take 3 mL by nebulization 4 (four) times a day if needed for wheezing or shortness of breath.",
                        "timing": {
                            "repeat": {
                                "boundsPeriod": {
                                    "start": "2021-11-23"
                                },
                                "frequency": 4,
                                "period": 1,
                                "periodUnit": "d"
                            },
                            "code": {
                                "text": "4 times daily as needed"
                            }
                        },
                        "asNeededBoolean": true,
                        "route": {
                            "coding": [
                                {
                                    "system": "urn:oid:1.2.840.114350.1.13.0.1.7.4.798268.7025",
                                    "code": "82",
                                    "display": "Nebulization"
                                }
                            ],
                            "text": "Nebulization"
                        },
                        "method": {
                            "coding": [
                                {
                                    "system": "http://snomed.info/sct",
                                    "code": "419652001",
                                    "display": "Take"
                                }
                            ],
                            "text": "Take"
                        },
                        "doseAndRate": [
                            {
                                "type": {
                                    "coding": [
                                        {
                                            "system": "http://epic.com/CodeSystem/dose-rate-type",
                                            "code": "calculated",
                                            "display": "calculated"
                                        }
                                    ],
                                    "text": "calculated"
                                },
                                "doseQuantity": {
                                    "value": 3,
                                    "unit": "mL",
                                    "system": "http://unitsofmeasure.org",
                                    "code": "mL"
                                }
                            },
                            {
                                "type": {
                                    "coding": [
                                        {
                                            "system": "http://epic.com/CodeSystem/dose-rate-type",
                                            "code": "admin-amount",
                                            "display": "admin-amount"
                                        }
                                    ],
                                    "text": "admin-amount"
                                },
                                "doseQuantity": {
                                    "value": 3,
                                    "unit": "mL",
                                    "system": "http://unitsofmeasure.org",
                                    "code": "mL"
                                }
                            },
                            {
                                "type": {
                                    "coding": [
                                        {
                                            "system": "http://epic.com/CodeSystem/dose-rate-type",
                                            "code": "ordered",
                                            "display": "ordered"
                                        }
                                    ],
                                    "text": "ordered"
                                },
                                "doseQuantity": {
                                    "value": 3,
                                    "unit": "mL",
                                    "system": "http://unitsofmeasure.org",
                                    "code": "mL"
                                }
                            }
                        ]
                    }
                ],
                "dispenseRequest": {
                    "validityPeriod": {
                        "start": "2021-11-23"
                    },
                    "numberOfRepeatsAllowed": 3,
                    "quantity": {
                        "value": 1080,
                        "unit": "mL"
                    },
                    "expectedSupplyDuration": {
                        "value": 90,
                        "unit": "Day",
                        "system": "http://unitsofmeasure.org",
                        "code": "d"
                    }
                }
            },
            "search": {
                "mode": "match"
            }
        },
        {
            "link": [
                {
                    "relation": "self",
                    "url": "https://apporchard.epic.com/interconnect-aocurprd-oauth/api/FHIR/R4/MedicationRequest/eXlAroYZxxo.EA5zrl4AGIbIvH4eFrqvM4BjutWujwKE3"
                }
            ],
            "fullUrl": "https://apporchard.epic.com/interconnect-aocurprd-oauth/api/FHIR/R4/MedicationRequest/eXlAroYZxxo.EA5zrl4AGIbIvH4eFrqvM4BjutWujwKE3",
            "resource": {
                "resourceType": "MedicationRequest",
                "id": "eXlAroYZxxo.EA5zrl4AGIbIvH4eFrqvM4BjutWujwKE3",
                "identifier": [
                    {
                        "use": "usual",
                        "system": "urn:oid:1.2.840.114350.1.13.0.1.7.2.798268",
                        "value": "1006538"
                    }
                ],
                "status": "stopped",
                "intent": "order",
                "category": [
                    {
                        "coding": [
                            {
                                "system": "http://terminology.hl7.org/CodeSystem/medicationrequest-category",
                                "code": "community",
                                "display": "Community"
                            }
                        ],
                        "text": "Community"
                    }
                ],
                "medicationReference": {
                    "reference": "Medication/es996eh6eF0mSmE0k5JDb7-32nWKh1tBB3MAlaW5R3mCC1bQXh.mh6mGFTeX60Wzl3",
                    "display": "influenza split vaccine (FLUZONE) injection"
                },
                "subject": {
                    "reference": "Patient/eLo.BEqBUkcGLkn5atmR7zw3",
                    "display": "Clin Doc, Edmond"
                },
                "encounter": {
                    "reference": "Encounter/ehZkfIl0JIxSICGPxp7SnXA3",
                    "display": "Office Visit"
                },
                "authoredOn": "2021-11-23",
                "requester": {
                    "reference": "Practitioner/elpRiy0AYgjhdjAhTBJ3Aiw3",
                    "type": "Practitioner",
                    "display": "Np Family Medicine, NP"
                },
                "recorder": {
                    "reference": "Practitioner/ei3hXIGeoxDxlLN5LKro4oQ3",
                    "type": "Practitioner",
                    "display": "Jenn Scott"
                },
                "courseOfTherapyType": {
                    "coding": [
                        {
                            "system": "http://terminology.hl7.org/CodeSystem/medicationrequest-course-of-therapy",
                            "code": "acute",
                            "display": "Short course (acute) therapy"
                        }
                    ],
                    "text": "Short course (acute) therapy"
                },
                "dosageInstruction": [
                    {
                        "text": "Inject 0.5 mL under the skin 1 (one) time for 1 dose., Starting Tue 11/23/2021, Normal",
                        "patientInstruction": "Inject 0.5 mL under the skin 1 (one) time for 1 dose.",
                        "timing": {
                            "repeat": {
                                "boundsPeriod": {
                                    "start": "2021-11-23",
                                    "end": "2021-11-23"
                                },
                                "count": 1
                            },
                            "code": {
                                "text": "Once"
                            }
                        },
                        "asNeededBoolean": false,
                        "route": {
                            "coding": [
                                {
                                    "system": "urn:oid:1.2.840.114350.1.13.0.1.7.4.798268.7025",
                                    "code": "18",
                                    "display": "Subcutaneous"
                                }
                            ],
                            "text": "Subcutaneous"
                        },
                        "method": {
                            "coding": [
                                {
                                    "system": "http://snomed.info/sct",
                                    "code": "422145002",
                                    "display": "Inject"
                                }
                            ],
                            "text": "Inject"
                        },
                        "doseAndRate": [
                            {
                                "type": {
                                    "coding": [
                                        {
                                            "system": "http://epic.com/CodeSystem/dose-rate-type",
                                            "code": "calculated",
                                            "display": "calculated"
                                        }
                                    ],
                                    "text": "calculated"
                                },
                                "doseQuantity": {
                                    "value": 0.5,
                                    "unit": "mL",
                                    "system": "http://unitsofmeasure.org",
                                    "code": "mL"
                                }
                            },
                            {
                                "type": {
                                    "coding": [
                                        {
                                            "system": "http://epic.com/CodeSystem/dose-rate-type",
                                            "code": "admin-amount",
                                            "display": "admin-amount"
                                        }
                                    ],
                                    "text": "admin-amount"
                                },
                                "doseQuantity": {
                                    "value": 0.5,
                                    "unit": "mL",
                                    "system": "http://unitsofmeasure.org",
                                    "code": "mL"
                                }
                            },
                            {
                                "type": {
                                    "coding": [
                                        {
                                            "system": "http://epic.com/CodeSystem/dose-rate-type",
                                            "code": "ordered",
                                            "display": "ordered"
                                        }
                                    ],
                                    "text": "ordered"
                                },
                                "doseQuantity": {
                                    "value": 0.5,
                                    "unit": "mL",
                                    "system": "http://unitsofmeasure.org",
                                    "code": "mL"
                                }
                            }
                        ]
                    }
                ],
                "dispenseRequest": {
                    "validityPeriod": {
                        "start": "2021-11-23",
                        "end": "2021-11-23"
                    },
                    "numberOfRepeatsAllowed": 0,
                    "quantity": {
                        "value": 0.5,
                        "unit": "mL"
                    },
                    "expectedSupplyDuration": {
                        "value": 1,
                        "unit": "Day",
                        "system": "http://unitsofmeasure.org",
                        "code": "d"
                    }
                }
            },
            "search": {
                "mode": "match"
            }
        }
    ]
}