{
    "resourceType": "Bundle",
    "type": "searchset",
    "total": 2,
    "link": [
        {
            "relation": "self",
            "url": "https://apporchard.epic.com/interconnect-aocurprd-oauth/api/FHIR/R4/MedicationRequest?_format=json&patient=eeA37o3r8BLNsNIg2rc.lIw3"
        }
    ],
    "entry": [
        {
            "link": [
                {
                    "relation": "self",
                    "url": "https://apporchard.epic.com/interconnect-aocurprd-oauth/api/FHIR/R4/MedicationRequest/efCa1vBEceU45uBqlDBGlEA3"
                }
            ],
            "fullUrl": "https://apporchard.epic.com/interconnect-aocurprd-oauth/api/FHIR/R4/MedicationRequest/efCa1vBEceU45uBqlDBGlEA3",
            "resource": {
                "resourceType": "MedicationRequest",
                "id": "efCa1vBEceU45uBqlDBGlEA3",
                "identifier": [
                    {
                        "use": "usual",
                        "system": "urn:oid:1.2.840.114350.1.13.0.1.7.2.798268",
                        "value": "895062"
                    }
                ],
                "status": "active",
                "intent": "order",
                "category": [
                    {
                        "coding": [
                            {
                                "system": "http://terminology.hl7.org/CodeSystem/medicationrequest-category",
                                "code": "inpatient",
                                "display": "Inpatient"
                            }
                        ],
                        "text": "Inpatient"
                    }
                ],
                "medicationReference": {
                    "reference": "Medication/euJxLEsImUcF7iWmwspVaXteKjTYY6IxDE3sM.d98GVAYX2TGPOgCQLUQiKJWHZmc3",
                    "display": "fentaNYL bolus from bag"
                },
                "subject": {
                    "reference": "Patient/eeA37o3r8BLNsNIg2rc.lIw3",
                    "display": "Integration, John"
                },
                "encounter": {
                    "reference": "Encounter/eenaOxONOIU534fVEbuHQqA3",
                    "display": "Hospital Encounter"
                },
                "authoredOn": "2015-04-16T13:12:12Z",
                "requester": {
                    "reference": "Practitioner/epqYbp6J8nBRvnn7gRqoW1g3",
                    "type": "Practitioner",
                    "display": "Audiologist Ancillary, AUD"
                },
                "recorder": {
                    "reference": "Practitioner/eWi23CFKIZBN49H--0z4GVw3",
                    "type": "Practitioner",
                    "display": "Nurse Inpatient, RN"
                },
                "courseOfTherapyType": {
                    "coding": [
                        {
                            "system": "http://terminology.hl7.org/CodeSystem/medicationrequest-course-of-therapy",
                            "code": "acute",
                            "display": "Short course (acute) therapy"
                        }
                    ],
                    "text": "Short course (acute) therapy"
                },
                "dosageInstruction": [
                    {
                        "text": "10 mcg, Intravenous, Every 1 hour PRN, severe pain, Starting on Thu 4/16/15 at 0810",
                        "timing": {
                            "repeat": {
                                "boundsPeriod": {
                                    "start": "2015-04-16T13:10:58Z"
                                },
                                "frequency": 1,
                                "period": 1,
                                "periodUnit": "h"
                            },
                            "code": {
                                "text": "Every 1 hour as needed"
                            }
                        },
                        "asNeededBoolean": true,
                        "route": {
                            "coding": [
                                {
                                    "system": "http://snomed.info/sct",
                                    "code": "418114005",
                                    "display": "Intravenous central route (qualifier value)"
                                },
                                {
                                    "system": "urn:oid:1.2.840.114350.1.13.0.1.7.4.798268.7025",
                                    "code": "11",
                                    "display": "Intravenous"
                                }
                            ],
                            "text": "Intravenous"
                        },
                        "doseAndRate": [
                            {
                                "type": {
                                    "coding": [
                                        {
                                            "system": "http://epic.com/CodeSystem/dose-rate-type",
                                            "code": "calculated",
                                            "display": "calculated"
                                        }
                                    ],
                                    "text": "calculated"
                                },
                                "doseQuantity": {
                                    "value": 10,
                                    "unit": "mcg",
                                    "system": "http://unitsofmeasure.org",
                                    "code": "ug"
                                }
                            },
                            {
                                "type": {
                                    "coding": [
                                        {
                                            "system": "http://epic.com/CodeSystem/dose-rate-type",
                                            "code": "admin-amount",
                                            "display": "admin-amount"
                                        }
                                    ],
                                    "text": "admin-amount"
                                },
                                "doseQuantity": {
                                    "value": 10,
                                    "unit": "mcg",
                                    "system": "http://unitsofmeasure.org",
                                    "code": "ug"
                                }
                            },
                            {
                                "type": {
                                    "coding": [
                                        {
                                            "system": "http://epic.com/CodeSystem/dose-rate-type",
                                            "code": "ordered",
                                            "display": "ordered"
                                        }
                                    ],
                                    "text": "ordered"
                                },
                                "doseQuantity": {
                                    "value": 10,
                                    "unit": "mcg",
                                    "system": "http://unitsofmeasure.org",
                                    "code": "ug"
                                }
                            }
                        ]
                    }
                ]
            },
            "search": {
                "mode": "match"
            }
        },
        {
            "link": [
                {
                    "relation": "self",
                    "url": "https://apporchard.epic.com/interconnect-aocurprd-oauth/api/FHIR/R4/MedicationRequest/ekx67zsb76VViV29cXAh8LQ3"
                }
            ],
            "fullUrl": "https://apporchard.epic.com/interconnect-aocurprd-oauth/api/FHIR/R4/MedicationRequest/ekx67zsb76VViV29cXAh8LQ3",
            "resource": {
                "resourceType": "MedicationRequest",
                "id": "ekx67zsb76VViV29cXAh8LQ3",
                "identifier": [
                    {
                        "use": "usual",
                        "system": "urn:oid:1.2.840.114350.1.13.0.1.7.2.798268",
                        "value": "895063"
                    }
                ],
                "status": "stopped",
                "intent": "order",
                "category": [
                    {
                        "coding": [
                            {
                                "system": "http://terminology.hl7.org/CodeSystem/medicationrequest-category",
                                "code": "inpatient",
                                "display": "Inpatient"
                            }
                        ],
                        "text": "Inpatient"
                    }
                ],
                "medicationReference": {
                    "reference": "Medication/e0y39DfclViUVacZzkjpiNPXxD5bWdWH-FdKh9cQ2J8URjsNp1BdDAYrREzIEC2cx3",
                    "display": "fentaNYL (SUBLIMAZE) infusion"
                },
                "subject": {
                    "reference": "Patient/eeA37o3r8BLNsNIg2rc.lIw3",
                    "display": "Integration, John"
                },
                "encounter": {
                    "reference": "Encounter/eenaOxONOIU534fVEbuHQqA3",
                    "display": "Hospital Encounter"
                },
                "authoredOn": "2015-04-16T13:12:14Z",
                "requester": {
                    "reference": "Practitioner/epqYbp6J8nBRvnn7gRqoW1g3",
                    "type": "Practitioner",
                    "display": "Audiologist Ancillary, AUD"
                },
                "recorder": {
                    "reference": "Practitioner/eWi23CFKIZBN49H--0z4GVw3",
                    "type": "Practitioner",
                    "display": "Nurse Inpatient, RN"
                },
                "courseOfTherapyType": {
                    "coding": [
                        {
                            "system": "http://terminology.hl7.org/CodeSystem/medicationrequest-course-of-therapy",
                            "code": "acute",
                            "display": "Short course (acute) therapy"
                        }
                    ],
                    "text": "Short course (acute) therapy"
                },
                "dosageInstruction": [
                    {
                        "text": "0.7-2 mcg/kg/hr, Intravenous, Continuous, Starting on Thu 4/16/15 at 0815",
                        "timing": {
                            "repeat": {
                                "boundsPeriod": {
                                    "start": "2015-04-16T13:15:00Z",
                                    "end": "2015-08-06T15:04:31Z"
                                }
                            },
                            "code": {
                                "text": "Continuous"
                            }
                        },
                        "asNeededBoolean": false,
                        "route": {
                            "coding": [
                                {
                                    "system": "http://snomed.info/sct",
                                    "code": "418114005",
                                    "display": "Intravenous central route (qualifier value)"
                                },
                                {
                                    "system": "urn:oid:1.2.840.114350.1.13.0.1.7.4.798268.7025",
                                    "code": "11",
                                    "display": "Intravenous"
                                }
                            ],
                            "text": "Intravenous"
                        },
                        "doseAndRate": [
                            {
                                "type": {
                                    "coding": [
                                        {
                                            "system": "http://epic.com/CodeSystem/dose-rate-type",
                                            "code": "ordered",
                                            "display": "ordered"
                                        }
                                    ],
                                    "text": "ordered"
                                },
                                "doseRange": {
                                    "low": {
                                        "value": 0.7,
                                        "unit": "mcg/kg/hr",
                                        "system": "http://unitsofmeasure.org",
                                        "code": "ug/kg/h"
                                    },
                                    "high": {
                                        "value": 2,
                                        "unit": "mcg/kg/hr",
                                        "system": "http://unitsofmeasure.org",
                                        "code": "ug/kg/h"
                                    }
                                }
                            }
                        ]
                    }
                ]
            },
            "search": {
                "mode": "match"
            }
        }
    ]
}