{
    "resourceType": "Bundle",
    "type": "searchset",
    "total": 2,
    "link": [
        {
            "relation": "self",
            "url": "https://apporchard.epic.com/interconnect-aocurprd-oauth/api/FHIR/R4/MedicationRequest?_format=json&patient=eyBZON4NYupVftm8p.k1XyA3"
        }
    ],
    "entry": [
        {
            "link": [
                {
                    "relation": "self",
                    "url": "https://apporchard.epic.com/interconnect-aocurprd-oauth/api/FHIR/R4/MedicationRequest/eWjZvGEqw7kH3Wy0ErD3oMw3"
                }
            ],
            "fullUrl": "https://apporchard.epic.com/interconnect-aocurprd-oauth/api/FHIR/R4/MedicationRequest/eWjZvGEqw7kH3Wy0ErD3oMw3",
            "resource": {
                "resourceType": "MedicationRequest",
                "id": "eWjZvGEqw7kH3Wy0ErD3oMw3",
                "identifier": [
                    {
                        "use": "usual",
                        "system": "urn:oid:1.2.840.114350.1.13.0.1.7.2.798268",
                        "value": "895082"
                    }
                ],
                "status": "completed",
                "intent": "order",
                "category": [
                    {
                        "coding": [
                            {
                                "system": "http://terminology.hl7.org/CodeSystem/medicationrequest-category",
                                "code": "community",
                                "display": "Community"
                            }
                        ],
                        "text": "Community"
                    }
                ],
                "medicationReference": {
                    "reference": "Medication/e.LXHYUhKafD4VXBvv9kq-2iXzshxUJsyamDl-LXSDilrp7DkUGHtDyvGFvMCn87V3",
                    "display": "dilTIAZem (CARDIZEM CD) 24 hr capsule"
                },
                "subject": {
                    "reference": "Patient/eyBZON4NYupVftm8p.k1XyA3",
                    "display": "Integration, Kai"
                },
                "encounter": {
                    "reference": "Encounter/eRFdFG0hDqsEKzB4myamxkQ3",
                    "display": "Office Visit"
                },
                "authoredOn": "2013-08-27T21:20:57Z",
                "requester": {
                    "reference": "Practitioner/eM5CWtq15N0WJeuCet5bJlQ3",
                    "type": "Practitioner",
                    "display": "Physician Family Medicine, MD"
                },
                "recorder": {
                    "reference": "Practitioner/eM5CWtq15N0WJeuCet5bJlQ3",
                    "type": "Practitioner",
                    "display": "Physician Family Medicine, MD"
                },
                "courseOfTherapyType": {
                    "coding": [
                        {
                            "system": "http://terminology.hl7.org/CodeSystem/medicationrequest-course-of-therapy",
                            "code": "acute",
                            "display": "Short course (acute) therapy"
                        }
                    ],
                    "text": "Short course (acute) therapy"
                },
                "dosageInstruction": [
                    {
                        "text": "take 1 Tab by mouth Daily. , Starting 8/27/2013, Until Wed 8/27/14, Normal",
                        "patientInstruction": "take 1 Tab by mouth Daily. ",
                        "timing": {
                            "repeat": {
                                "boundsPeriod": {
                                    "start": "2013-08-27"
                                },
                                "timeOfDay": [
                                    "09:00:00"
                                ]
                            },
                            "code": {
                                "text": "0900"
                            }
                        },
                        "asNeededBoolean": false,
                        "route": {
                            "coding": [
                                {
                                    "system": "http://snomed.info/sct",
                                    "code": "260548002",
                                    "display": "Oral (qualifier value)"
                                },
                                {
                                    "system": "urn:oid:1.2.840.114350.1.13.0.1.7.4.798268.7025",
                                    "code": "15",
                                    "display": "Oral"
                                }
                            ],
                            "text": "Oral"
                        },
                        "doseAndRate": [
                            {
                                "type": {
                                    "coding": [
                                        {
                                            "system": "http://epic.com/CodeSystem/dose-rate-type",
                                            "code": "ordered",
                                            "display": "ordered"
                                        }
                                    ],
                                    "text": "ordered"
                                },
                                "doseQuantity": {
                                    "value": 1,
                                    "unit": "tablet",
                                    "system": "http://unitsofmeasure.org",
                                    "code": "{tbl}"
                                }
                            }
                        ]
                    }
                ],
                "dispenseRequest": {
                    "validityPeriod": {
                        "start": "2013-08-27"
                    },
                    "numberOfRepeatsAllowed": 0
                }
            },
            "search": {
                "mode": "match"
            }
        },
        {
            "link": [
                {
                    "relation": "self",
                    "url": "https://apporchard.epic.com/interconnect-aocurprd-oauth/api/FHIR/R4/MedicationRequest/exuRWx4ruca9pcrOgHHR0RA3"
                }
            ],
            "fullUrl": "https://apporchard.epic.com/interconnect-aocurprd-oauth/api/FHIR/R4/MedicationRequest/exuRWx4ruca9pcrOgHHR0RA3",
            "resource": {
                "resourceType": "MedicationRequest",
                "id": "exuRWx4ruca9pcrOgHHR0RA3",
                "identifier": [
                    {
                        "use": "usual",
                        "system": "urn:oid:1.2.840.114350.1.13.0.1.7.2.798268",
                        "value": "895081"
                    }
                ],
                "status": "completed",
                "intent": "order",
                "category": [
                    {
                        "coding": [
                            {
                                "system": "http://terminology.hl7.org/CodeSystem/medicationrequest-category",
                                "code": "community",
                                "display": "Community"
                            }
                        ],
                        "text": "Community"
                    }
                ],
                "medicationReference": {
                    "reference": "Medication/eM1UcjWxYEMYw1RZILYqOg4KrYbBzTae3gZMEa7lwoL1MAWJHBeHZVH25I5hqD9ik3",
                    "display": "levothyroxine (SYNTHROID, LEVOTHROID) tablet"
                },
                "subject": {
                    "reference": "Patient/eyBZON4NYupVftm8p.k1XyA3",
                    "display": "Integration, Kai"
                },
                "encounter": {
                    "reference": "Encounter/eRFdFG0hDqsEKzB4myamxkQ3",
                    "display": "Office Visit"
                },
                "authoredOn": "2013-08-27T21:20:57Z",
                "requester": {
                    "reference": "Practitioner/eM5CWtq15N0WJeuCet5bJlQ3",
                    "type": "Practitioner",
                    "display": "Physician Family Medicine, MD"
                },
                "recorder": {
                    "reference": "Practitioner/eM5CWtq15N0WJeuCet5bJlQ3",
                    "type": "Practitioner",
                    "display": "Physician Family Medicine, MD"
                },
                "courseOfTherapyType": {
                    "coding": [
                        {
                            "system": "http://terminology.hl7.org/CodeSystem/medicationrequest-course-of-therapy",
                            "code": "acute",
                            "display": "Short course (acute) therapy"
                        }
                    ],
                    "text": "Short course (acute) therapy"
                },
                "dosageInstruction": [
                    {
                        "text": "take 1 Tab by mouth Daily. , Starting 8/27/2013, Until Wed 8/27/14, Normal",
                        "patientInstruction": "take 1 Tab by mouth Daily. ",
                        "timing": {
                            "repeat": {
                                "boundsPeriod": {
                                    "start": "2013-08-27"
                                },
                                "timeOfDay": [
                                    "09:00:00"
                                ]
                            },
                            "code": {
                                "text": "0900"
                            }
                        },
                        "asNeededBoolean": false,
                        "route": {
                            "coding": [
                                {
                                    "system": "http://snomed.info/sct",
                                    "code": "260548002",
                                    "display": "Oral (qualifier value)"
                                },
                                {
                                    "system": "urn:oid:1.2.840.114350.1.13.0.1.7.4.798268.7025",
                                    "code": "15",
                                    "display": "Oral"
                                }
                            ],
                            "text": "Oral"
                        },
                        "doseAndRate": [
                            {
                                "type": {
                                    "coding": [
                                        {
                                            "system": "http://epic.com/CodeSystem/dose-rate-type",
                                            "code": "calculated",
                                            "display": "calculated"
                                        }
                                    ],
                                    "text": "calculated"
                                },
                                "doseQuantity": {
                                    "value": 75,
                                    "unit": "mcg",
                                    "system": "http://unitsofmeasure.org",
                                    "code": "ug"
                                }
                            },
                            {
                                "type": {
                                    "coding": [
                                        {
                                            "system": "http://epic.com/CodeSystem/dose-rate-type",
                                            "code": "admin-amount",
                                            "display": "admin-amount"
                                        }
                                    ],
                                    "text": "admin-amount"
                                },
                                "doseQuantity": {
                                    "value": 1,
                                    "unit": "tablet",
                                    "system": "http://unitsofmeasure.org",
                                    "code": "{tbl}"
                                }
                            },
                            {
                                "type": {
                                    "coding": [
                                        {
                                            "system": "http://epic.com/CodeSystem/dose-rate-type",
                                            "code": "ordered",
                                            "display": "ordered"
                                        }
                                    ],
                                    "text": "ordered"
                                },
                                "doseQuantity": {
                                    "value": 75,
                                    "unit": "mcg",
                                    "system": "http://unitsofmeasure.org",
                                    "code": "ug"
                                }
                            }
                        ]
                    }
                ],
                "dispenseRequest": {
                    "validityPeriod": {
                        "start": "2013-08-27"
                    },
                    "numberOfRepeatsAllowed": 0
                }
            },
            "search": {
                "mode": "match"
            }
        }
    ]
}