{
    "resourceType": "Bundle",
    "type": "searchset",
    "total": 4,
    "link": [
        {
            "relation": "self",
            "url": "https://apporchard.epic.com/interconnect-aocurprd-oauth/api/FHIR/R4/MedicationRequest?_format=json&patient=ePQ4GAYILnTmoaNiCp2RXog3"
        }
    ],
    "entry": [
        {
            "link": [
                {
                    "relation": "self",
                    "url": "https://apporchard.epic.com/interconnect-aocurprd-oauth/api/FHIR/R4/MedicationRequest/eNxpLmJfsmv9ZNX-PyImuEQ3"
                }
            ],
            "fullUrl": "https://apporchard.epic.com/interconnect-aocurprd-oauth/api/FHIR/R4/MedicationRequest/eNxpLmJfsmv9ZNX-PyImuEQ3",
            "resource": {
                "resourceType": "MedicationRequest",
                "id": "eNxpLmJfsmv9ZNX-PyImuEQ3",
                "identifier": [
                    {
                        "use": "usual",
                        "system": "urn:oid:1.2.840.114350.1.13.0.1.7.2.798268",
                        "value": "838076"
                    }
                ],
                "status": "on-hold",
                "intent": "plan",
                "category": [
                    {
                        "coding": [
                            {
                                "system": "http://terminology.hl7.org/CodeSystem/medicationrequest-category",
                                "code": "community",
                                "display": "Community"
                            }
                        ],
                        "text": "Community"
                    }
                ],
                "reportedBoolean": true,
                "medicationReference": {
                    "reference": "Medication/eJVT7qw53lFHqNzhcodayb92JcDxBll8viI.RClQSCderAxwp5GmJufpr5kIOHkeO3",
                    "display": "multivitamin with minerals tablet"
                },
                "subject": {
                    "reference": "Patient/ePQ4GAYILnTmoaNiCp2RXog3",
                    "display": "Radiant, Ted"
                },
                "encounter": {
                    "reference": "Encounter/eKcx.ge4fGfChQfF4rWbjUw3",
                    "display": "Hospital Encounter"
                },
                "authoredOn": "2013-11-11T17:54:47Z",
                "requester": {
                    "extension": [
                        {
                            "valueCode": "unknown",
                            "url": "http://hl7.org/fhir/StructureDefinition/data-absent-reason"
                        }
                    ]
                },
                "recorder": {
                    "reference": "Practitioner/e7NvHbT1yipP-LcFkHyGq0g3",
                    "type": "Practitioner",
                    "display": "Pre-Procedure Nurse Optime, RN"
                },
                "courseOfTherapyType": {
                    "coding": [
                        {
                            "system": "http://terminology.hl7.org/CodeSystem/medicationrequest-course-of-therapy",
                            "code": "acute",
                            "display": "Short course (acute) therapy"
                        }
                    ],
                    "text": "Short course (acute) therapy"
                },
                "dosageInstruction": [
                    {
                        "text": "Take 1 tablet by mouth daily., Until Discontinued, Historical Med",
                        "patientInstruction": "Take 1 tablet by mouth daily.",
                        "timing": {
                            "repeat": {
                                "timeOfDay": [
                                    "09:00:00"
                                ]
                            },
                            "code": {
                                "text": "0900"
                            }
                        },
                        "asNeededBoolean": false,
                        "route": {
                            "coding": [
                                {
                                    "system": "http://snomed.info/sct",
                                    "code": "260548002",
                                    "display": "Oral (qualifier value)"
                                },
                                {
                                    "system": "urn:oid:1.2.840.114350.1.13.0.1.7.4.798268.7025",
                                    "code": "15",
                                    "display": "Oral"
                                }
                            ],
                            "text": "Oral"
                        },
                        "doseAndRate": [
                            {
                                "type": {
                                    "coding": [
                                        {
                                            "system": "http://epic.com/CodeSystem/dose-rate-type",
                                            "code": "ordered",
                                            "display": "ordered"
                                        }
                                    ],
                                    "text": "ordered"
                                },
                                "doseQuantity": {
                                    "value": 1,
                                    "unit": "tablet",
                                    "system": "http://unitsofmeasure.org",
                                    "code": "{tbl}"
                                }
                            }
                        ]
                    }
                ]
            },
            "search": {
                "mode": "match"
            }
        },
        {
            "link": [
                {
                    "relation": "self",
                    "url": "https://apporchard.epic.com/interconnect-aocurprd-oauth/api/FHIR/R4/MedicationRequest/eR-8kLEQJ7PHLsOqHDNjXiw3"
                }
            ],
            "fullUrl": "https://apporchard.epic.com/interconnect-aocurprd-oauth/api/FHIR/R4/MedicationRequest/eR-8kLEQJ7PHLsOqHDNjXiw3",
            "resource": {
                "resourceType": "MedicationRequest",
                "id": "eR-8kLEQJ7PHLsOqHDNjXiw3",
                "identifier": [
                    {
                        "use": "usual",
                        "system": "urn:oid:1.2.840.114350.1.13.0.1.7.2.798268",
                        "value": "838074"
                    }
                ],
                "status": "on-hold",
                "intent": "plan",
                "category": [
                    {
                        "coding": [
                            {
                                "system": "http://terminology.hl7.org/CodeSystem/medicationrequest-category",
                                "code": "community",
                                "display": "Community"
                            }
                        ],
                        "text": "Community"
                    }
                ],
                "reportedBoolean": true,
                "medicationReference": {
                    "reference": "Medication/eoIw-pQe79Sedl2L1X7dzmDBWn3u3h-AW3eAhXXdJNpbqtPv-j8Q6bp-fx1yBdygS3",
                    "display": "ibuprofen (MOTRIN) tablet"
                },
                "subject": {
                    "reference": "Patient/ePQ4GAYILnTmoaNiCp2RXog3",
                    "display": "Radiant, Ted"
                },
                "encounter": {
                    "reference": "Encounter/eKcx.ge4fGfChQfF4rWbjUw3",
                    "display": "Hospital Encounter"
                },
                "authoredOn": "2013-11-11T17:54:42Z",
                "requester": {
                    "extension": [
                        {
                            "valueCode": "unknown",
                            "url": "http://hl7.org/fhir/StructureDefinition/data-absent-reason"
                        }
                    ]
                },
                "recorder": {
                    "reference": "Practitioner/e7NvHbT1yipP-LcFkHyGq0g3",
                    "type": "Practitioner",
                    "display": "Pre-Procedure Nurse Optime, RN"
                },
                "courseOfTherapyType": {
                    "coding": [
                        {
                            "system": "http://terminology.hl7.org/CodeSystem/medicationrequest-course-of-therapy",
                            "code": "acute",
                            "display": "Short course (acute) therapy"
                        }
                    ],
                    "text": "Short course (acute) therapy"
                },
                "dosageInstruction": [
                    {
                        "text": "Take 200 mg by mouth every 6 hours as needed for Pain., Until Discontinued, Historical Med",
                        "patientInstruction": "Take 200 mg by mouth every 6 hours as needed for Pain.",
                        "timing": {
                            "repeat": {
                                "frequency": 1,
                                "period": 6,
                                "periodUnit": "h"
                            },
                            "code": {
                                "text": "Every 6 hours as needed"
                            }
                        },
                        "asNeededBoolean": true,
                        "route": {
                            "coding": [
                                {
                                    "system": "http://snomed.info/sct",
                                    "code": "260548002",
                                    "display": "Oral (qualifier value)"
                                },
                                {
                                    "system": "urn:oid:1.2.840.114350.1.13.0.1.7.4.798268.7025",
                                    "code": "15",
                                    "display": "Oral"
                                }
                            ],
                            "text": "Oral"
                        },
                        "doseAndRate": [
                            {
                                "type": {
                                    "coding": [
                                        {
                                            "system": "http://epic.com/CodeSystem/dose-rate-type",
                                            "code": "ordered",
                                            "display": "ordered"
                                        }
                                    ],
                                    "text": "ordered"
                                },
                                "doseQuantity": {
                                    "value": 200,
                                    "unit": "mg",
                                    "system": "http://unitsofmeasure.org",
                                    "code": "mg"
                                }
                            }
                        ]
                    }
                ],
                "dispenseRequest": {
                    "quantity": {
                        "value": 30,
                        "unit": "tablet"
                    },
                    "expectedSupplyDuration": {
                        "value": 8,
                        "unit": "Day",
                        "system": "http://unitsofmeasure.org",
                        "code": "d"
                    }
                }
            },
            "search": {
                "mode": "match"
            }
        },
        {
            "link": [
                {
                    "relation": "self",
                    "url": "https://apporchard.epic.com/interconnect-aocurprd-oauth/api/FHIR/R4/MedicationRequest/ev.v0USB13nktJIVzdR.dSA3"
                }
            ],
            "fullUrl": "https://apporchard.epic.com/interconnect-aocurprd-oauth/api/FHIR/R4/MedicationRequest/ev.v0USB13nktJIVzdR.dSA3",
            "resource": {
                "resourceType": "MedicationRequest",
                "id": "ev.v0USB13nktJIVzdR.dSA3",
                "identifier": [
                    {
                        "use": "usual",
                        "system": "urn:oid:1.2.840.114350.1.13.0.1.7.2.798268",
                        "value": "838081"
                    }
                ],
                "status": "active",
                "intent": "order",
                "category": [
                    {
                        "coding": [
                            {
                                "system": "http://terminology.hl7.org/CodeSystem/medicationrequest-category",
                                "code": "inpatient",
                                "display": "Inpatient"
                            }
                        ],
                        "text": "Inpatient"
                    }
                ],
                "medicationReference": {
                    "reference": "Medication/enHFaby3kHXk94VS-Kt5DVX3xrgREDA8DovWHb3rXr7GTdZRomLUWccuGsmImHi-d3",
                    "display": "dextrose 50 % infusion"
                },
                "subject": {
                    "reference": "Patient/ePQ4GAYILnTmoaNiCp2RXog3",
                    "display": "Radiant, Ted"
                },
                "encounter": {
                    "reference": "Encounter/eKcx.ge4fGfChQfF4rWbjUw3",
                    "display": "Hospital Encounter"
                },
                "authoredOn": "2013-11-11",
                "requester": {
                    "reference": "Practitioner/ekK9AsfvYqLnReaTbTwFKWg3",
                    "type": "Practitioner"
                },
                "recorder": {
                    "reference": "Practitioner/efjdOHomcPctcCffcE015Tg3",
                    "type": "Practitioner",
                    "display": "Technologist Radiology, RT"
                },
                "courseOfTherapyType": {
                    "coding": [
                        {
                            "system": "http://terminology.hl7.org/CodeSystem/medicationrequest-course-of-therapy",
                            "code": "acute",
                            "display": "Short course (acute) therapy"
                        }
                    ],
                    "text": "Short course (acute) therapy"
                },
                "dosageInstruction": [
                    {
                        "text": "Intravenous, As needed, low blood sugar, Starting Mon 11/11/13 at 1422, Anesthesia Intra-op",
                        "timing": {
                            "repeat": {
                                "boundsPeriod": {
                                    "start": "2013-11-11T20:22:00Z"
                                },
                                "frequency": 1,
                                "period": 1,
                                "periodUnit": "d"
                            },
                            "code": {
                                "text": "As needed"
                            }
                        },
                        "asNeededBoolean": true,
                        "route": {
                            "coding": [
                                {
                                    "system": "http://snomed.info/sct",
                                    "code": "418114005",
                                    "display": "Intravenous central route (qualifier value)"
                                },
                                {
                                    "system": "urn:oid:1.2.840.114350.1.13.0.1.7.4.798268.7025",
                                    "code": "11",
                                    "display": "Intravenous"
                                }
                            ],
                            "text": "Intravenous"
                        }
                    }
                ]
            },
            "search": {
                "mode": "match"
            }
        },
        {
            "link": [
                {
                    "relation": "self",
                    "url": "https://apporchard.epic.com/interconnect-aocurprd-oauth/api/FHIR/R4/MedicationRequest/evVhEtVKYT.iETIC3deqj0g3"
                }
            ],
            "fullUrl": "https://apporchard.epic.com/interconnect-aocurprd-oauth/api/FHIR/R4/MedicationRequest/evVhEtVKYT.iETIC3deqj0g3",
            "resource": {
                "resourceType": "MedicationRequest",
                "id": "evVhEtVKYT.iETIC3deqj0g3",
                "identifier": [
                    {
                        "use": "usual",
                        "system": "urn:oid:1.2.840.114350.1.13.0.1.7.2.798268",
                        "value": "838075"
                    }
                ],
                "status": "on-hold",
                "intent": "plan",
                "category": [
                    {
                        "coding": [
                            {
                                "system": "http://terminology.hl7.org/CodeSystem/medicationrequest-category",
                                "code": "community",
                                "display": "Community"
                            }
                        ],
                        "text": "Community"
                    }
                ],
                "reportedBoolean": true,
                "medicationReference": {
                    "reference": "Medication/eCVUWATktdzbe4twTCwnlMy2NtmcHRdMYR8yRzR8T2LPBrM.njdtUBlduFRrhnjt93",
                    "display": "loratadine (CLARITIN) tablet 10 mg"
                },
                "subject": {
                    "reference": "Patient/ePQ4GAYILnTmoaNiCp2RXog3",
                    "display": "Radiant, Ted"
                },
                "encounter": {
                    "reference": "Encounter/eKcx.ge4fGfChQfF4rWbjUw3",
                    "display": "Hospital Encounter"
                },
                "authoredOn": "2013-11-11T17:54:46Z",
                "requester": {
                    "extension": [
                        {
                            "valueCode": "unknown",
                            "url": "http://hl7.org/fhir/StructureDefinition/data-absent-reason"
                        }
                    ]
                },
                "recorder": {
                    "reference": "Practitioner/e7NvHbT1yipP-LcFkHyGq0g3",
                    "type": "Practitioner",
                    "display": "Pre-Procedure Nurse Optime, RN"
                },
                "courseOfTherapyType": {
                    "coding": [
                        {
                            "system": "http://terminology.hl7.org/CodeSystem/medicationrequest-course-of-therapy",
                            "code": "acute",
                            "display": "Short course (acute) therapy"
                        }
                    ],
                    "text": "Short course (acute) therapy"
                },
                "dosageInstruction": [
                    {
                        "text": "Take 10 mg by mouth daily., Until Discontinued, Historical Med",
                        "patientInstruction": "Take 10 mg by mouth daily.",
                        "timing": {
                            "repeat": {
                                "timeOfDay": [
                                    "09:00:00"
                                ]
                            },
                            "code": {
                                "text": "0900"
                            }
                        },
                        "asNeededBoolean": false,
                        "route": {
                            "coding": [
                                {
                                    "system": "http://snomed.info/sct",
                                    "code": "260548002",
                                    "display": "Oral (qualifier value)"
                                },
                                {
                                    "system": "urn:oid:1.2.840.114350.1.13.0.1.7.4.798268.7025",
                                    "code": "15",
                                    "display": "Oral"
                                }
                            ],
                            "text": "Oral"
                        },
                        "doseAndRate": [
                            {
                                "type": {
                                    "coding": [
                                        {
                                            "system": "http://epic.com/CodeSystem/dose-rate-type",
                                            "code": "ordered",
                                            "display": "ordered"
                                        }
                                    ],
                                    "text": "ordered"
                                },
                                "doseQuantity": {
                                    "value": 10,
                                    "unit": "mg",
                                    "system": "http://unitsofmeasure.org",
                                    "code": "mg"
                                }
                            }
                        ]
                    }
                ]
            },
            "search": {
                "mode": "match"
            }
        }
    ]
}