{
    "resourceType": "Bundle",
    "type": "searchset",
    "total": 4,
    "link": [
        {
            "relation": "self",
            "url": "https://apporchard.epic.com/interconnect-aocurprd-oauth/api/FHIR/R4/MedicationRequest?_format=json&patient=em4xSdOwgG5-rA5C3WPxYAg3"
        }
    ],
    "entry": [
        {
            "link": [
                {
                    "relation": "self",
                    "url": "https://apporchard.epic.com/interconnect-aocurprd-oauth/api/FHIR/R4/MedicationRequest/eG5iK3WG0C0CfnQ.BAZ5jYw3"
                }
            ],
            "fullUrl": "https://apporchard.epic.com/interconnect-aocurprd-oauth/api/FHIR/R4/MedicationRequest/eG5iK3WG0C0CfnQ.BAZ5jYw3",
            "resource": {
                "resourceType": "MedicationRequest",
                "id": "eG5iK3WG0C0CfnQ.BAZ5jYw3",
                "identifier": [
                    {
                        "use": "usual",
                        "system": "urn:oid:1.2.840.114350.1.13.0.1.7.2.798268",
                        "value": "795743"
                    }
                ],
                "status": "active",
                "intent": "order",
                "category": [
                    {
                        "coding": [
                            {
                                "system": "http://terminology.hl7.org/CodeSystem/medicationrequest-category",
                                "code": "inpatient",
                                "display": "Inpatient"
                            }
                        ],
                        "text": "Inpatient"
                    }
                ],
                "medicationReference": {
                    "reference": "Medication/eyP7rhmZ2MmGSJjvIuuqVE5F.oh5EpkITLFcZZ06U-peTEvxHLLcEGFcdoB0CKWtn3",
                    "display": "morphine injection 2 mg/mL"
                },
                "subject": {
                    "reference": "Patient/em4xSdOwgG5-rA5C3WPxYAg3",
                    "display": "Him, Leanne"
                },
                "encounter": {
                    "reference": "Encounter/eSksTdJYw-INJCcy0lZEZRg3",
                    "display": "Hospital Encounter"
                },
                "authoredOn": "2013-08-29T21:05:56Z",
                "requester": {
                    "reference": "Practitioner/e9s-IdXQOUVywHOVoisd6xQ3",
                    "type": "Practitioner",
                    "display": "Attending Physician Inpatient, MD"
                },
                "recorder": {
                    "reference": "Practitioner/exfo6E4EXjWsnhA1OGVElgw3",
                    "type": "Practitioner",
                    "display": "User Epic"
                },
                "courseOfTherapyType": {
                    "coding": [
                        {
                            "system": "http://terminology.hl7.org/CodeSystem/medicationrequest-course-of-therapy",
                            "code": "acute",
                            "display": "Short course (acute) therapy"
                        }
                    ],
                    "text": "Short course (acute) therapy"
                },
                "dosageInstruction": [
                    {
                        "text": "2 mg, Intravenous, Every 2 hour PRN, pain, Starting Thu 8/29/13 at 1604, For 4 doses",
                        "timing": {
                            "repeat": {
                                "boundsPeriod": {
                                    "start": "2013-08-29T21:04:46Z"
                                },
                                "count": 1,
                                "countMax": 4,
                                "frequency": 1,
                                "period": 2,
                                "periodUnit": "h"
                            },
                            "code": {
                                "text": "Every 2 hours as needed"
                            }
                        },
                        "asNeededBoolean": true,
                        "route": {
                            "coding": [
                                {
                                    "system": "http://snomed.info/sct",
                                    "code": "418114005",
                                    "display": "Intravenous central route (qualifier value)"
                                },
                                {
                                    "system": "urn:oid:1.2.840.114350.1.13.0.1.7.4.798268.7025",
                                    "code": "11",
                                    "display": "Intravenous"
                                }
                            ],
                            "text": "Intravenous"
                        },
                        "doseAndRate": [
                            {
                                "type": {
                                    "coding": [
                                        {
                                            "system": "http://epic.com/CodeSystem/dose-rate-type",
                                            "code": "calculated",
                                            "display": "calculated"
                                        }
                                    ],
                                    "text": "calculated"
                                },
                                "doseQuantity": {
                                    "value": 2,
                                    "unit": "mg",
                                    "system": "http://unitsofmeasure.org",
                                    "code": "mg"
                                }
                            },
                            {
                                "type": {
                                    "coding": [
                                        {
                                            "system": "http://epic.com/CodeSystem/dose-rate-type",
                                            "code": "admin-amount",
                                            "display": "admin-amount"
                                        }
                                    ],
                                    "text": "admin-amount"
                                },
                                "doseQuantity": {
                                    "value": 1,
                                    "unit": "mL",
                                    "system": "http://unitsofmeasure.org",
                                    "code": "mL"
                                }
                            },
                            {
                                "type": {
                                    "coding": [
                                        {
                                            "system": "http://epic.com/CodeSystem/dose-rate-type",
                                            "code": "ordered",
                                            "display": "ordered"
                                        }
                                    ],
                                    "text": "ordered"
                                },
                                "doseQuantity": {
                                    "value": 2,
                                    "unit": "mg",
                                    "system": "http://unitsofmeasure.org",
                                    "code": "mg"
                                }
                            }
                        ]
                    }
                ]
            },
            "search": {
                "mode": "match"
            }
        },
        {
            "link": [
                {
                    "relation": "self",
                    "url": "https://apporchard.epic.com/interconnect-aocurprd-oauth/api/FHIR/R4/MedicationRequest/eSqsBe6lzlpbNxGCyQGxFUw3"
                }
            ],
            "fullUrl": "https://apporchard.epic.com/interconnect-aocurprd-oauth/api/FHIR/R4/MedicationRequest/eSqsBe6lzlpbNxGCyQGxFUw3",
            "resource": {
                "resourceType": "MedicationRequest",
                "id": "eSqsBe6lzlpbNxGCyQGxFUw3",
                "identifier": [
                    {
                        "use": "usual",
                        "system": "urn:oid:1.2.840.114350.1.13.0.1.7.2.798268",
                        "value": "795730"
                    }
                ],
                "status": "completed",
                "intent": "order",
                "category": [
                    {
                        "coding": [
                            {
                                "system": "http://terminology.hl7.org/CodeSystem/medicationrequest-category",
                                "code": "inpatient",
                                "display": "Inpatient"
                            }
                        ],
                        "text": "Inpatient"
                    }
                ],
                "medicationReference": {
                    "reference": "Medication/e8h2QLuf9R4UG31qMYcEj.pLk7nk7Bxpcj9WmmAP4DCFYeHSMhSj00IuFpqtACXBd3",
                    "display": "gentamicin IVPB 80 mg (premix)"
                },
                "subject": {
                    "reference": "Patient/em4xSdOwgG5-rA5C3WPxYAg3",
                    "display": "Him, Leanne"
                },
                "encounter": {
                    "reference": "Encounter/eSksTdJYw-INJCcy0lZEZRg3",
                    "display": "Hospital Encounter"
                },
                "authoredOn": "2013-08-26T17:53:31Z",
                "requester": {
                    "reference": "Practitioner/e8bM9BibcJ25SLe6lJi5i9Q3",
                    "type": "Practitioner",
                    "display": "Attending Physician Emergency, MD"
                },
                "recorder": {
                    "reference": "Practitioner/e8bM9BibcJ25SLe6lJi5i9Q3",
                    "type": "Practitioner",
                    "display": "Attending Physician Emergency, MD"
                },
                "courseOfTherapyType": {
                    "coding": [
                        {
                            "system": "http://terminology.hl7.org/CodeSystem/medicationrequest-course-of-therapy",
                            "code": "acute",
                            "display": "Short course (acute) therapy"
                        }
                    ],
                    "text": "Short course (acute) therapy"
                },
                "dosageInstruction": [
                    {
                        "text": "80 mg, Intravenous, Every 8 hours, First dose on Mon 8/26/13 at 1300, For 1 day",
                        "timing": {
                            "repeat": {
                                "boundsPeriod": {
                                    "start": "2013-08-26T18:00:00Z",
                                    "end": "2013-08-27T17:59:00Z"
                                },
                                "count": 3,
                                "frequency": 1,
                                "period": 8,
                                "periodUnit": "h"
                            },
                            "code": {
                                "text": "Every 8 hours"
                            }
                        },
                        "asNeededBoolean": false,
                        "route": {
                            "coding": [
                                {
                                    "system": "http://snomed.info/sct",
                                    "code": "418114005",
                                    "display": "Intravenous central route (qualifier value)"
                                },
                                {
                                    "system": "urn:oid:1.2.840.114350.1.13.0.1.7.4.798268.7025",
                                    "code": "11",
                                    "display": "Intravenous"
                                }
                            ],
                            "text": "Intravenous"
                        },
                        "doseAndRate": [
                            {
                                "type": {
                                    "coding": [
                                        {
                                            "system": "http://epic.com/CodeSystem/dose-rate-type",
                                            "code": "calculated",
                                            "display": "calculated"
                                        }
                                    ],
                                    "text": "calculated"
                                },
                                "doseQuantity": {
                                    "value": 80,
                                    "unit": "mg",
                                    "system": "http://unitsofmeasure.org",
                                    "code": "mg"
                                }
                            },
                            {
                                "type": {
                                    "coding": [
                                        {
                                            "system": "http://epic.com/CodeSystem/dose-rate-type",
                                            "code": "admin-amount",
                                            "display": "admin-amount"
                                        }
                                    ],
                                    "text": "admin-amount"
                                },
                                "doseQuantity": {
                                    "value": 100,
                                    "unit": "mL",
                                    "system": "http://unitsofmeasure.org",
                                    "code": "mL"
                                }
                            },
                            {
                                "type": {
                                    "coding": [
                                        {
                                            "system": "http://epic.com/CodeSystem/dose-rate-type",
                                            "code": "ordered",
                                            "display": "ordered"
                                        }
                                    ],
                                    "text": "ordered"
                                },
                                "doseQuantity": {
                                    "value": 80,
                                    "unit": "mg",
                                    "system": "http://unitsofmeasure.org",
                                    "code": "mg"
                                }
                            }
                        ]
                    }
                ]
            },
            "search": {
                "mode": "match"
            }
        },
        {
            "link": [
                {
                    "relation": "self",
                    "url": "https://apporchard.epic.com/interconnect-aocurprd-oauth/api/FHIR/R4/MedicationRequest/edLFA.4RStHIN9MLYXstGeQ3"
                }
            ],
            "fullUrl": "https://apporchard.epic.com/interconnect-aocurprd-oauth/api/FHIR/R4/MedicationRequest/edLFA.4RStHIN9MLYXstGeQ3",
            "resource": {
                "resourceType": "MedicationRequest",
                "id": "edLFA.4RStHIN9MLYXstGeQ3",
                "identifier": [
                    {
                        "use": "usual",
                        "system": "urn:oid:1.2.840.114350.1.13.0.1.7.2.798268",
                        "value": "795729"
                    }
                ],
                "status": "completed",
                "intent": "order",
                "category": [
                    {
                        "coding": [
                            {
                                "system": "http://terminology.hl7.org/CodeSystem/medicationrequest-category",
                                "code": "inpatient",
                                "display": "Inpatient"
                            }
                        ],
                        "text": "Inpatient"
                    }
                ],
                "medicationReference": {
                    "reference": "Medication/e2EZ-EIWL0MgLNKiu82bBi7d6p6yY-oB8mY6r8cMlNWBEge5A9r7kNN.MP2A9Jpck3",
                    "display": "ampicillin IVPB 1 g  in 50 mL (Mini-Bag Plus)"
                },
                "subject": {
                    "reference": "Patient/em4xSdOwgG5-rA5C3WPxYAg3",
                    "display": "Him, Leanne"
                },
                "encounter": {
                    "reference": "Encounter/eSksTdJYw-INJCcy0lZEZRg3",
                    "display": "Hospital Encounter"
                },
                "authoredOn": "2013-08-26T17:53:29Z",
                "requester": {
                    "reference": "Practitioner/e8bM9BibcJ25SLe6lJi5i9Q3",
                    "type": "Practitioner",
                    "display": "Attending Physician Emergency, MD"
                },
                "recorder": {
                    "reference": "Practitioner/e8bM9BibcJ25SLe6lJi5i9Q3",
                    "type": "Practitioner",
                    "display": "Attending Physician Emergency, MD"
                },
                "courseOfTherapyType": {
                    "coding": [
                        {
                            "system": "http://terminology.hl7.org/CodeSystem/medicationrequest-course-of-therapy",
                            "code": "acute",
                            "display": "Short course (acute) therapy"
                        }
                    ],
                    "text": "Short course (acute) therapy"
                },
                "dosageInstruction": [
                    {
                        "text": "1 g, Intravenous, for 30 Minutes, Every 8 hours, First dose on Mon 8/26/13 at 1300, For 1 day",
                        "timing": {
                            "repeat": {
                                "boundsPeriod": {
                                    "start": "2013-08-26T18:00:00Z",
                                    "end": "2013-08-27T17:59:00Z"
                                },
                                "count": 3,
                                "duration": 30,
                                "durationMax": 60,
                                "durationUnit": "min",
                                "frequency": 1,
                                "period": 8,
                                "periodUnit": "h"
                            },
                            "code": {
                                "text": "Every 8 hours"
                            }
                        },
                        "asNeededBoolean": false,
                        "route": {
                            "coding": [
                                {
                                    "system": "http://snomed.info/sct",
                                    "code": "418114005",
                                    "display": "Intravenous central route (qualifier value)"
                                },
                                {
                                    "system": "urn:oid:1.2.840.114350.1.13.0.1.7.4.798268.7025",
                                    "code": "11",
                                    "display": "Intravenous"
                                }
                            ],
                            "text": "Intravenous"
                        },
                        "doseAndRate": [
                            {
                                "type": {
                                    "coding": [
                                        {
                                            "system": "http://epic.com/CodeSystem/dose-rate-type",
                                            "code": "calculated",
                                            "display": "calculated"
                                        }
                                    ],
                                    "text": "calculated"
                                },
                                "doseQuantity": {
                                    "value": 1,
                                    "unit": "g",
                                    "system": "http://unitsofmeasure.org",
                                    "code": "g"
                                }
                            },
                            {
                                "type": {
                                    "coding": [
                                        {
                                            "system": "http://epic.com/CodeSystem/dose-rate-type",
                                            "code": "admin-amount",
                                            "display": "admin-amount"
                                        }
                                    ],
                                    "text": "admin-amount"
                                },
                                "doseQuantity": {
                                    "value": 1,
                                    "unit": "g",
                                    "system": "http://unitsofmeasure.org",
                                    "code": "g"
                                }
                            },
                            {
                                "type": {
                                    "coding": [
                                        {
                                            "system": "http://epic.com/CodeSystem/dose-rate-type",
                                            "code": "ordered",
                                            "display": "ordered"
                                        }
                                    ],
                                    "text": "ordered"
                                },
                                "doseQuantity": {
                                    "value": 1,
                                    "unit": "g",
                                    "system": "http://unitsofmeasure.org",
                                    "code": "g"
                                }
                            }
                        ]
                    }
                ]
            },
            "search": {
                "mode": "match"
            }
        },
        {
            "link": [
                {
                    "relation": "self",
                    "url": "https://apporchard.epic.com/interconnect-aocurprd-oauth/api/FHIR/R4/MedicationRequest/erQhrF7-yjQddl2VmCa4mog3"
                }
            ],
            "fullUrl": "https://apporchard.epic.com/interconnect-aocurprd-oauth/api/FHIR/R4/MedicationRequest/erQhrF7-yjQddl2VmCa4mog3",
            "resource": {
                "resourceType": "MedicationRequest",
                "id": "erQhrF7-yjQddl2VmCa4mog3",
                "identifier": [
                    {
                        "use": "usual",
                        "system": "urn:oid:1.2.840.114350.1.13.0.1.7.2.798268",
                        "value": "795742"
                    }
                ],
                "status": "completed",
                "intent": "order",
                "category": [
                    {
                        "coding": [
                            {
                                "system": "http://terminology.hl7.org/CodeSystem/medicationrequest-category",
                                "code": "inpatient",
                                "display": "Inpatient"
                            }
                        ],
                        "text": "Inpatient"
                    }
                ],
                "medicationReference": {
                    "reference": "Medication/eLSmw4.Hohw6Y.tKyg5VnVbvrMCQVuzIpko4y-mYByeo5Hi-ylF--hHSB3WaIi8Z-3",
                    "display": "lactated Ringer's infusion"
                },
                "subject": {
                    "reference": "Patient/em4xSdOwgG5-rA5C3WPxYAg3",
                    "display": "Him, Leanne"
                },
                "encounter": {
                    "reference": "Encounter/eSksTdJYw-INJCcy0lZEZRg3",
                    "display": "Hospital Encounter"
                },
                "authoredOn": "2013-08-29T21:05:55Z",
                "requester": {
                    "reference": "Practitioner/e9s-IdXQOUVywHOVoisd6xQ3",
                    "type": "Practitioner",
                    "display": "Attending Physician Inpatient, MD"
                },
                "recorder": {
                    "reference": "Practitioner/exfo6E4EXjWsnhA1OGVElgw3",
                    "type": "Practitioner",
                    "display": "User Epic"
                },
                "courseOfTherapyType": {
                    "coding": [
                        {
                            "system": "http://terminology.hl7.org/CodeSystem/medicationrequest-course-of-therapy",
                            "code": "acute",
                            "display": "Short course (acute) therapy"
                        }
                    ],
                    "text": "Short course (acute) therapy"
                },
                "dosageInstruction": [
                    {
                        "text": "75 mL/hr, Intravenous, Continuous, Starting Thu 8/29/13 at 1615, For 1 day",
                        "timing": {
                            "repeat": {
                                "boundsPeriod": {
                                    "start": "2013-08-29T21:03:08Z",
                                    "end": "2013-08-30T21:02:08Z"
                                }
                            },
                            "code": {
                                "text": "Continuous"
                            }
                        },
                        "asNeededBoolean": false,
                        "route": {
                            "coding": [
                                {
                                    "system": "http://snomed.info/sct",
                                    "code": "418114005",
                                    "display": "Intravenous central route (qualifier value)"
                                },
                                {
                                    "system": "urn:oid:1.2.840.114350.1.13.0.1.7.4.798268.7025",
                                    "code": "11",
                                    "display": "Intravenous"
                                }
                            ],
                            "text": "Intravenous"
                        },
                        "doseAndRate": [
                            {
                                "type": {
                                    "coding": [
                                        {
                                            "system": "http://epic.com/CodeSystem/dose-rate-type",
                                            "code": "calculated",
                                            "display": "calculated"
                                        }
                                    ],
                                    "text": "calculated"
                                },
                                "doseQuantity": {
                                    "value": 75,
                                    "unit": "mL/hr",
                                    "system": "http://unitsofmeasure.org",
                                    "code": "mL/h"
                                }
                            },
                            {
                                "type": {
                                    "coding": [
                                        {
                                            "system": "http://epic.com/CodeSystem/dose-rate-type",
                                            "code": "ordered",
                                            "display": "ordered"
                                        }
                                    ],
                                    "text": "ordered"
                                },
                                "doseQuantity": {
                                    "value": 75,
                                    "unit": "mL/hr",
                                    "system": "http://unitsofmeasure.org",
                                    "code": "mL/h"
                                }
                            }
                        ]
                    }
                ]
            },
            "search": {
                "mode": "match"
            }
        }
    ]
}