{
    "resourceType": "Bundle",
    "type": "searchset",
    "total": 6,
    "link": [
        {
            "relation": "self",
            "url": "https://apporchard.epic.com/interconnect-aocurprd-oauth/api/FHIR/R4/MedicationRequest?_format=json&patient=eiOSxC6ySV5DPf3jHZsJWEA3"
        }
    ],
    "entry": [
        {
            "link": [
                {
                    "relation": "self",
                    "url": "https://apporchard.epic.com/interconnect-aocurprd-oauth/api/FHIR/R4/MedicationRequest/e0IEn3cFewpmJLuJ48Lguiw3"
                }
            ],
            "fullUrl": "https://apporchard.epic.com/interconnect-aocurprd-oauth/api/FHIR/R4/MedicationRequest/e0IEn3cFewpmJLuJ48Lguiw3",
            "resource": {
                "resourceType": "MedicationRequest",
                "id": "e0IEn3cFewpmJLuJ48Lguiw3",
                "identifier": [
                    {
                        "use": "usual",
                        "system": "urn:oid:1.2.840.114350.1.13.0.1.7.2.798268",
                        "value": "895031"
                    }
                ],
                "status": "completed",
                "intent": "order",
                "category": [
                    {
                        "coding": [
                            {
                                "system": "http://terminology.hl7.org/CodeSystem/medicationrequest-category",
                                "code": "community",
                                "display": "Community"
                            }
                        ],
                        "text": "Community"
                    },
                    {
                        "coding": [
                            {
                                "system": "http://terminology.hl7.org/CodeSystem/medicationrequest-category",
                                "code": "discharge",
                                "display": "Discharge"
                            }
                        ],
                        "text": "Discharge"
                    }
                ],
                "medicationReference": {
                    "reference": "Medication/eJVooNdlrE3eyrNbT1ZRtzurXTqpYsL.5vzgNyB7X3LE.It-OZY2z7B8CYuS86EjX3",
                    "display": "HYDROcodone-acetaminophen (LORTAB) tablet 10-500 mg"
                },
                "subject": {
                    "reference": "Patient/eiOSxC6ySV5DPf3jHZsJWEA3",
                    "display": "Integration, Jake"
                },
                "encounter": {
                    "reference": "Encounter/eJOeSXuvW46HAtPgbIYRrtw3",
                    "display": "Emergency"
                },
                "authoredOn": "2012-11-22T15:22:52Z",
                "requester": {
                    "reference": "Practitioner/e8bM9BibcJ25SLe6lJi5i9Q3",
                    "type": "Practitioner",
                    "display": "Attending Physician Emergency, MD"
                },
                "recorder": {
                    "reference": "Practitioner/e8bM9BibcJ25SLe6lJi5i9Q3",
                    "type": "Practitioner",
                    "display": "Attending Physician Emergency, MD"
                },
                "reasonCode": [
                    {
                        "coding": [
                            {
                                "system": "http://snomed.info/sct",
                                "code": "42188001",
                                "display": "Closed fracture of ankle (disorder)"
                            },
                            {
                                "system": "http://hl7.org/fhir/sid/icd-9-cm/diagnosis",
                                "code": "824.8",
                                "display": "Unspecified closed fracture of ankle"
                            },
                            {
                                "system": "urn:oid:2.16.840.1.113883.6.90",
                                "code": "S82.899A",
                                "display": "Unspecified closed fracture of ankle"
                            }
                        ],
                        "text": "Unspecified closed fracture of ankle"
                    }
                ],
                "courseOfTherapyType": {
                    "coding": [
                        {
                            "system": "http://terminology.hl7.org/CodeSystem/medicationrequest-course-of-therapy",
                            "code": "acute",
                            "display": "Short course (acute) therapy"
                        }
                    ],
                    "text": "Short course (acute) therapy"
                },
                "dosageInstruction": [
                    {
                        "text": "take 1 Tab by mouth Every 6 hours as needed for Pain. , Starting 11/22/2012, Until Fri 11/22/13, Normal",
                        "patientInstruction": "take 1 Tab by mouth Every 6 hours as needed for Pain. ",
                        "timing": {
                            "repeat": {
                                "boundsPeriod": {
                                    "start": "2012-11-22"
                                },
                                "frequency": 1,
                                "period": 6,
                                "periodUnit": "h"
                            },
                            "code": {
                                "text": "Every 6 hours as needed"
                            }
                        },
                        "asNeededBoolean": true,
                        "route": {
                            "coding": [
                                {
                                    "system": "http://snomed.info/sct",
                                    "code": "260548002",
                                    "display": "Oral (qualifier value)"
                                },
                                {
                                    "system": "urn:oid:1.2.840.114350.1.13.0.1.7.4.798268.7025",
                                    "code": "15",
                                    "display": "Oral"
                                }
                            ],
                            "text": "Oral"
                        },
                        "doseAndRate": [
                            {
                                "type": {
                                    "coding": [
                                        {
                                            "system": "http://epic.com/CodeSystem/dose-rate-type",
                                            "code": "calculated",
                                            "display": "calculated"
                                        }
                                    ],
                                    "text": "calculated"
                                },
                                "doseQuantity": {
                                    "value": 1,
                                    "unit": "tablet",
                                    "system": "http://unitsofmeasure.org",
                                    "code": "{tbl}"
                                }
                            },
                            {
                                "type": {
                                    "coding": [
                                        {
                                            "system": "http://epic.com/CodeSystem/dose-rate-type",
                                            "code": "admin-amount",
                                            "display": "admin-amount"
                                        }
                                    ],
                                    "text": "admin-amount"
                                },
                                "doseQuantity": {
                                    "value": 1,
                                    "unit": "tablet",
                                    "system": "http://unitsofmeasure.org",
                                    "code": "{tbl}"
                                }
                            },
                            {
                                "type": {
                                    "coding": [
                                        {
                                            "system": "http://epic.com/CodeSystem/dose-rate-type",
                                            "code": "ordered",
                                            "display": "ordered"
                                        }
                                    ],
                                    "text": "ordered"
                                },
                                "doseQuantity": {
                                    "value": 1,
                                    "unit": "tablet",
                                    "system": "http://unitsofmeasure.org",
                                    "code": "{tbl}"
                                }
                            }
                        ]
                    }
                ],
                "dispenseRequest": {
                    "validityPeriod": {
                        "start": "2012-11-22"
                    },
                    "numberOfRepeatsAllowed": 0
                }
            },
            "search": {
                "mode": "match"
            }
        },
        {
            "link": [
                {
                    "relation": "self",
                    "url": "https://apporchard.epic.com/interconnect-aocurprd-oauth/api/FHIR/R4/MedicationRequest/eDK7LiMqOAcTvv7XxCwRjTA3"
                }
            ],
            "fullUrl": "https://apporchard.epic.com/interconnect-aocurprd-oauth/api/FHIR/R4/MedicationRequest/eDK7LiMqOAcTvv7XxCwRjTA3",
            "resource": {
                "resourceType": "MedicationRequest",
                "id": "eDK7LiMqOAcTvv7XxCwRjTA3",
                "identifier": [
                    {
                        "use": "usual",
                        "system": "urn:oid:1.2.840.114350.1.13.0.1.7.2.798268",
                        "value": "895033"
                    }
                ],
                "status": "completed",
                "intent": "plan",
                "category": [
                    {
                        "coding": [
                            {
                                "system": "http://terminology.hl7.org/CodeSystem/medicationrequest-category",
                                "code": "community",
                                "display": "Community"
                            }
                        ],
                        "text": "Community"
                    }
                ],
                "reportedBoolean": true,
                "medicationReference": {
                    "reference": "Medication/eHubNs17cmZuS5d1b8yj5r2VZue1CPDGPHPU1-DYf0DMOPyKEZd9VWWx1noZwyKHS3",
                    "display": "IBUPROFEN PO"
                },
                "subject": {
                    "reference": "Patient/eiOSxC6ySV5DPf3jHZsJWEA3",
                    "display": "Integration, Jake"
                },
                "encounter": {
                    "identifier": {
                        "use": "usual",
                        "system": "urn:oid:1.2.840.114350.1.13.0.1.7.3.698084.8",
                        "value": "11724"
                    },
                    "display": "Office Visit"
                },
                "authoredOn": "2011-10-08T21:36:50Z",
                "requester": {
                    "extension": [
                        {
                            "valueCode": "unknown",
                            "url": "http://hl7.org/fhir/StructureDefinition/data-absent-reason"
                        }
                    ]
                },
                "recorder": {
                    "reference": "Practitioner/erqn5oyiA9.LpVQkQ2Ulmgg3",
                    "type": "Practitioner",
                    "display": "Nurse Family Medicine, RN"
                },
                "reasonCode": [
                    {
                        "coding": [
                            {
                                "system": "http://snomed.info/sct",
                                "code": "61582004",
                                "display": "Allergic rhinitis (disorder)"
                            },
                            {
                                "system": "http://hl7.org/fhir/sid/icd-9-cm/diagnosis",
                                "code": "477.9",
                                "display": "Allergic rhinitis"
                            },
                            {
                                "system": "urn:oid:2.16.840.1.113883.6.90",
                                "code": "J30.9",
                                "display": "Allergic rhinitis"
                            }
                        ],
                        "text": "Allergic rhinitis"
                    }
                ],
                "courseOfTherapyType": {
                    "coding": [
                        {
                            "system": "http://terminology.hl7.org/CodeSystem/medicationrequest-course-of-therapy",
                            "code": "acute",
                            "display": "Short course (acute) therapy"
                        }
                    ],
                    "text": "Short course (acute) therapy"
                },
                "dosageInstruction": [
                    {
                        "text": "Starting 10/8/2011, Until Sun 10/7/12, Historical Med",
                        "timing": {
                            "repeat": {
                                "boundsPeriod": {
                                    "start": "2011-10-08"
                                }
                            }
                        }
                    }
                ]
            },
            "search": {
                "mode": "match"
            }
        },
        {
            "link": [
                {
                    "relation": "self",
                    "url": "https://apporchard.epic.com/interconnect-aocurprd-oauth/api/FHIR/R4/MedicationRequest/egFmp0CCn5WoFc4mcQSuDDQ3"
                }
            ],
            "fullUrl": "https://apporchard.epic.com/interconnect-aocurprd-oauth/api/FHIR/R4/MedicationRequest/egFmp0CCn5WoFc4mcQSuDDQ3",
            "resource": {
                "resourceType": "MedicationRequest",
                "id": "egFmp0CCn5WoFc4mcQSuDDQ3",
                "identifier": [
                    {
                        "use": "usual",
                        "system": "urn:oid:1.2.840.114350.1.13.0.1.7.2.798268",
                        "value": "895036"
                    }
                ],
                "status": "completed",
                "intent": "order",
                "category": [
                    {
                        "coding": [
                            {
                                "system": "http://terminology.hl7.org/CodeSystem/medicationrequest-category",
                                "code": "community",
                                "display": "Community"
                            }
                        ],
                        "text": "Community"
                    }
                ],
                "medicationReference": {
                    "reference": "Medication/e0MRW-yr3g0tfFbBC0LC9M9eUIWVSsdMLvnEKrofR4U2Y.N0hsg0NBDqWVHlkBfU.3",
                    "display": "fexofenadine (ALLEGRA) tablet"
                },
                "subject": {
                    "reference": "Patient/eiOSxC6ySV5DPf3jHZsJWEA3",
                    "display": "Integration, Jake"
                },
                "encounter": {
                    "identifier": {
                        "use": "usual",
                        "system": "urn:oid:1.2.840.114350.1.13.0.1.7.3.698084.8",
                        "value": "2571"
                    },
                    "display": "Office Visit"
                },
                "authoredOn": "2011-10-08T21:43:20Z",
                "requester": {
                    "reference": "Practitioner/eM5CWtq15N0WJeuCet5bJlQ3",
                    "type": "Practitioner",
                    "display": "Physician Family Medicine, MD"
                },
                "recorder": {
                    "reference": "Practitioner/eM5CWtq15N0WJeuCet5bJlQ3",
                    "type": "Practitioner",
                    "display": "Physician Family Medicine, MD"
                },
                "reasonCode": [
                    {
                        "coding": [
                            {
                                "system": "http://snomed.info/sct",
                                "code": "61582004",
                                "display": "Allergic rhinitis (disorder)"
                            },
                            {
                                "system": "http://hl7.org/fhir/sid/icd-9-cm/diagnosis",
                                "code": "477.9",
                                "display": "Allergic rhinitis"
                            },
                            {
                                "system": "urn:oid:2.16.840.1.113883.6.90",
                                "code": "J30.9",
                                "display": "Allergic rhinitis"
                            }
                        ],
                        "text": "Allergic rhinitis"
                    }
                ],
                "courseOfTherapyType": {
                    "coding": [
                        {
                            "system": "http://terminology.hl7.org/CodeSystem/medicationrequest-course-of-therapy",
                            "code": "acute",
                            "display": "Short course (acute) therapy"
                        }
                    ],
                    "text": "Short course (acute) therapy"
                },
                "dosageInstruction": [
                    {
                        "text": "take 1 Tab by mouth Daily. , Starting 10/8/2011, Until Sun 10/7/12, Normal",
                        "patientInstruction": "take 1 Tab by mouth Daily. ",
                        "timing": {
                            "repeat": {
                                "boundsPeriod": {
                                    "start": "2011-10-08"
                                },
                                "timeOfDay": [
                                    "09:00:00"
                                ]
                            },
                            "code": {
                                "text": "0900"
                            }
                        },
                        "asNeededBoolean": false,
                        "route": {
                            "coding": [
                                {
                                    "system": "http://snomed.info/sct",
                                    "code": "260548002",
                                    "display": "Oral (qualifier value)"
                                },
                                {
                                    "system": "urn:oid:1.2.840.114350.1.13.0.1.7.4.798268.7025",
                                    "code": "15",
                                    "display": "Oral"
                                }
                            ],
                            "text": "Oral"
                        },
                        "doseAndRate": [
                            {
                                "type": {
                                    "coding": [
                                        {
                                            "system": "http://epic.com/CodeSystem/dose-rate-type",
                                            "code": "calculated",
                                            "display": "calculated"
                                        }
                                    ],
                                    "text": "calculated"
                                },
                                "doseQuantity": {
                                    "value": 180,
                                    "unit": "mg",
                                    "system": "http://unitsofmeasure.org",
                                    "code": "mg"
                                }
                            },
                            {
                                "type": {
                                    "coding": [
                                        {
                                            "system": "http://epic.com/CodeSystem/dose-rate-type",
                                            "code": "admin-amount",
                                            "display": "admin-amount"
                                        }
                                    ],
                                    "text": "admin-amount"
                                },
                                "doseQuantity": {
                                    "value": 1,
                                    "unit": "tablet",
                                    "system": "http://unitsofmeasure.org",
                                    "code": "{tbl}"
                                }
                            },
                            {
                                "type": {
                                    "coding": [
                                        {
                                            "system": "http://epic.com/CodeSystem/dose-rate-type",
                                            "code": "ordered",
                                            "display": "ordered"
                                        }
                                    ],
                                    "text": "ordered"
                                },
                                "doseQuantity": {
                                    "value": 180,
                                    "unit": "mg",
                                    "system": "http://unitsofmeasure.org",
                                    "code": "mg"
                                }
                            }
                        ]
                    }
                ]
            },
            "search": {
                "mode": "match"
            }
        },
        {
            "link": [
                {
                    "relation": "self",
                    "url": "https://apporchard.epic.com/interconnect-aocurprd-oauth/api/FHIR/R4/MedicationRequest/ej4Bk26d4glxQEk7vlzghuQ3"
                }
            ],
            "fullUrl": "https://apporchard.epic.com/interconnect-aocurprd-oauth/api/FHIR/R4/MedicationRequest/ej4Bk26d4glxQEk7vlzghuQ3",
            "resource": {
                "resourceType": "MedicationRequest",
                "id": "ej4Bk26d4glxQEk7vlzghuQ3",
                "identifier": [
                    {
                        "use": "usual",
                        "system": "urn:oid:1.2.840.114350.1.13.0.1.7.2.798268",
                        "value": "895037"
                    }
                ],
                "status": "completed",
                "intent": "plan",
                "category": [
                    {
                        "coding": [
                            {
                                "system": "http://terminology.hl7.org/CodeSystem/medicationrequest-category",
                                "code": "community",
                                "display": "Community"
                            }
                        ],
                        "text": "Community"
                    }
                ],
                "reportedBoolean": true,
                "medicationReference": {
                    "reference": "Medication/eHubNs17cmZuS5d1b8yj5r7fMVjbQ2YIylxbowOqvPZeZxE7XIPRzNfZuuw47zDnp3",
                    "display": "IBUPROFEN PO"
                },
                "subject": {
                    "reference": "Patient/eiOSxC6ySV5DPf3jHZsJWEA3",
                    "display": "Integration, Jake"
                },
                "encounter": {
                    "identifier": {
                        "use": "usual",
                        "system": "urn:oid:1.2.840.114350.1.13.0.1.7.3.698084.8",
                        "value": "2571"
                    },
                    "display": "Office Visit"
                },
                "authoredOn": "2011-10-08T21:36:50Z",
                "requester": {
                    "extension": [
                        {
                            "valueCode": "unknown",
                            "url": "http://hl7.org/fhir/StructureDefinition/data-absent-reason"
                        }
                    ]
                },
                "recorder": {
                    "reference": "Practitioner/erqn5oyiA9.LpVQkQ2Ulmgg3",
                    "type": "Practitioner",
                    "display": "Nurse Family Medicine, RN"
                },
                "reasonCode": [
                    {
                        "coding": [
                            {
                                "system": "http://snomed.info/sct",
                                "code": "61582004",
                                "display": "Allergic rhinitis (disorder)"
                            },
                            {
                                "system": "http://hl7.org/fhir/sid/icd-9-cm/diagnosis",
                                "code": "477.9",
                                "display": "Allergic rhinitis"
                            },
                            {
                                "system": "urn:oid:2.16.840.1.113883.6.90",
                                "code": "J30.9",
                                "display": "Allergic rhinitis"
                            }
                        ],
                        "text": "Allergic rhinitis"
                    }
                ],
                "courseOfTherapyType": {
                    "coding": [
                        {
                            "system": "http://terminology.hl7.org/CodeSystem/medicationrequest-course-of-therapy",
                            "code": "acute",
                            "display": "Short course (acute) therapy"
                        }
                    ],
                    "text": "Short course (acute) therapy"
                },
                "dosageInstruction": [
                    {
                        "text": "Starting 10/8/2011, Until Sun 10/7/12, Historical Med",
                        "timing": {
                            "repeat": {
                                "boundsPeriod": {
                                    "start": "2011-10-08"
                                }
                            }
                        }
                    }
                ]
            },
            "search": {
                "mode": "match"
            }
        },
        {
            "link": [
                {
                    "relation": "self",
                    "url": "https://apporchard.epic.com/interconnect-aocurprd-oauth/api/FHIR/R4/MedicationRequest/erdowwQmaS1CWvsgRYOIDKg3"
                }
            ],
            "fullUrl": "https://apporchard.epic.com/interconnect-aocurprd-oauth/api/FHIR/R4/MedicationRequest/erdowwQmaS1CWvsgRYOIDKg3",
            "resource": {
                "resourceType": "MedicationRequest",
                "id": "erdowwQmaS1CWvsgRYOIDKg3",
                "identifier": [
                    {
                        "use": "usual",
                        "system": "urn:oid:1.2.840.114350.1.13.0.1.7.2.798268",
                        "value": "895034"
                    }
                ],
                "status": "completed",
                "intent": "order",
                "category": [
                    {
                        "coding": [
                            {
                                "system": "http://terminology.hl7.org/CodeSystem/medicationrequest-category",
                                "code": "community",
                                "display": "Community"
                            }
                        ],
                        "text": "Community"
                    }
                ],
                "medicationReference": {
                    "reference": "Medication/e0MRW-yr3g0tfFbBC0LC9M0SwfIAn6BCBiVfzjPeFJQe1F-1Ki7iq9f894fH-xyTD3",
                    "display": "fexofenadine (ALLEGRA) tablet"
                },
                "subject": {
                    "reference": "Patient/eiOSxC6ySV5DPf3jHZsJWEA3",
                    "display": "Integration, Jake"
                },
                "encounter": {
                    "identifier": {
                        "use": "usual",
                        "system": "urn:oid:1.2.840.114350.1.13.0.1.7.3.698084.8",
                        "value": "11724"
                    },
                    "display": "Office Visit"
                },
                "authoredOn": "2011-10-08T21:43:20Z",
                "requester": {
                    "reference": "Practitioner/eM5CWtq15N0WJeuCet5bJlQ3",
                    "type": "Practitioner",
                    "display": "Physician Family Medicine, MD"
                },
                "recorder": {
                    "reference": "Practitioner/eM5CWtq15N0WJeuCet5bJlQ3",
                    "type": "Practitioner",
                    "display": "Physician Family Medicine, MD"
                },
                "reasonCode": [
                    {
                        "coding": [
                            {
                                "system": "http://snomed.info/sct",
                                "code": "61582004",
                                "display": "Allergic rhinitis (disorder)"
                            },
                            {
                                "system": "http://hl7.org/fhir/sid/icd-9-cm/diagnosis",
                                "code": "477.9",
                                "display": "Allergic rhinitis"
                            },
                            {
                                "system": "urn:oid:2.16.840.1.113883.6.90",
                                "code": "J30.9",
                                "display": "Allergic rhinitis"
                            }
                        ],
                        "text": "Allergic rhinitis"
                    }
                ],
                "courseOfTherapyType": {
                    "coding": [
                        {
                            "system": "http://terminology.hl7.org/CodeSystem/medicationrequest-course-of-therapy",
                            "code": "acute",
                            "display": "Short course (acute) therapy"
                        }
                    ],
                    "text": "Short course (acute) therapy"
                },
                "dosageInstruction": [
                    {
                        "text": "take 1 Tab by mouth Daily. , Starting 10/8/2011, Until Sun 10/7/12, Normal",
                        "patientInstruction": "take 1 Tab by mouth Daily. ",
                        "timing": {
                            "repeat": {
                                "boundsPeriod": {
                                    "start": "2011-10-08"
                                },
                                "timeOfDay": [
                                    "09:00:00"
                                ]
                            },
                            "code": {
                                "text": "0900"
                            }
                        },
                        "asNeededBoolean": false,
                        "route": {
                            "coding": [
                                {
                                    "system": "http://snomed.info/sct",
                                    "code": "260548002",
                                    "display": "Oral (qualifier value)"
                                },
                                {
                                    "system": "urn:oid:1.2.840.114350.1.13.0.1.7.4.798268.7025",
                                    "code": "15",
                                    "display": "Oral"
                                }
                            ],
                            "text": "Oral"
                        },
                        "doseAndRate": [
                            {
                                "type": {
                                    "coding": [
                                        {
                                            "system": "http://epic.com/CodeSystem/dose-rate-type",
                                            "code": "calculated",
                                            "display": "calculated"
                                        }
                                    ],
                                    "text": "calculated"
                                },
                                "doseQuantity": {
                                    "value": 180,
                                    "unit": "mg",
                                    "system": "http://unitsofmeasure.org",
                                    "code": "mg"
                                }
                            },
                            {
                                "type": {
                                    "coding": [
                                        {
                                            "system": "http://epic.com/CodeSystem/dose-rate-type",
                                            "code": "admin-amount",
                                            "display": "admin-amount"
                                        }
                                    ],
                                    "text": "admin-amount"
                                },
                                "doseQuantity": {
                                    "value": 1,
                                    "unit": "tablet",
                                    "system": "http://unitsofmeasure.org",
                                    "code": "{tbl}"
                                }
                            },
                            {
                                "type": {
                                    "coding": [
                                        {
                                            "system": "http://epic.com/CodeSystem/dose-rate-type",
                                            "code": "ordered",
                                            "display": "ordered"
                                        }
                                    ],
                                    "text": "ordered"
                                },
                                "doseQuantity": {
                                    "value": 180,
                                    "unit": "mg",
                                    "system": "http://unitsofmeasure.org",
                                    "code": "mg"
                                }
                            }
                        ]
                    }
                ]
            },
            "search": {
                "mode": "match"
            }
        },
        {
            "link": [
                {
                    "relation": "self",
                    "url": "https://apporchard.epic.com/interconnect-aocurprd-oauth/api/FHIR/R4/MedicationRequest/eto3ox8TTC05p2-PAzq-sSg3"
                }
            ],
            "fullUrl": "https://apporchard.epic.com/interconnect-aocurprd-oauth/api/FHIR/R4/MedicationRequest/eto3ox8TTC05p2-PAzq-sSg3",
            "resource": {
                "resourceType": "MedicationRequest",
                "id": "eto3ox8TTC05p2-PAzq-sSg3",
                "identifier": [
                    {
                        "use": "usual",
                        "system": "urn:oid:1.2.840.114350.1.13.0.1.7.2.798268",
                        "value": "895035"
                    }
                ],
                "status": "completed",
                "intent": "order",
                "category": [
                    {
                        "coding": [
                            {
                                "system": "http://terminology.hl7.org/CodeSystem/medicationrequest-category",
                                "code": "community",
                                "display": "Community"
                            }
                        ],
                        "text": "Community"
                    }
                ],
                "medicationReference": {
                    "reference": "Medication/eJVooNdlrE3eyrNbT1ZRtzks53Oy6UrARAhA6sNmnpNNATiq8Z8UzHgrDH4QUnZZB3",
                    "display": "HYDROcodone-acetaminophen (LORTAB) tablet 10-500 mg"
                },
                "subject": {
                    "reference": "Patient/eiOSxC6ySV5DPf3jHZsJWEA3",
                    "display": "Integration, Jake"
                },
                "encounter": {
                    "identifier": {
                        "use": "usual",
                        "system": "urn:oid:1.2.840.114350.1.13.0.1.7.3.698084.8",
                        "value": "2573"
                    },
                    "display": "Office Visit"
                },
                "authoredOn": "2012-11-22T15:22:52Z",
                "requester": {
                    "reference": "Practitioner/e8bM9BibcJ25SLe6lJi5i9Q3",
                    "type": "Practitioner",
                    "display": "Attending Physician Emergency, MD"
                },
                "recorder": {
                    "reference": "Practitioner/e8bM9BibcJ25SLe6lJi5i9Q3",
                    "type": "Practitioner",
                    "display": "Attending Physician Emergency, MD"
                },
                "reasonCode": [
                    {
                        "coding": [
                            {
                                "system": "http://snomed.info/sct",
                                "code": "42188001",
                                "display": "Closed fracture of ankle (disorder)"
                            },
                            {
                                "system": "http://hl7.org/fhir/sid/icd-9-cm/diagnosis",
                                "code": "824.8",
                                "display": "Unspecified closed fracture of ankle"
                            },
                            {
                                "system": "urn:oid:2.16.840.1.113883.6.90",
                                "code": "S82.899A",
                                "display": "Unspecified closed fracture of ankle"
                            }
                        ],
                        "text": "Unspecified closed fracture of ankle"
                    }
                ],
                "courseOfTherapyType": {
                    "coding": [
                        {
                            "system": "http://terminology.hl7.org/CodeSystem/medicationrequest-course-of-therapy",
                            "code": "acute",
                            "display": "Short course (acute) therapy"
                        }
                    ],
                    "text": "Short course (acute) therapy"
                },
                "dosageInstruction": [
                    {
                        "text": "take 1 Tab by mouth Every 6 hours as needed for Pain. , Starting 11/22/2012, Until Fri 11/22/13, Normal",
                        "patientInstruction": "take 1 Tab by mouth Every 6 hours as needed for Pain. ",
                        "timing": {
                            "repeat": {
                                "boundsPeriod": {
                                    "start": "2012-11-22"
                                },
                                "frequency": 1,
                                "period": 6,
                                "periodUnit": "h"
                            },
                            "code": {
                                "text": "Every 6 hours as needed"
                            }
                        },
                        "asNeededBoolean": true,
                        "route": {
                            "coding": [
                                {
                                    "system": "http://snomed.info/sct",
                                    "code": "260548002",
                                    "display": "Oral (qualifier value)"
                                },
                                {
                                    "system": "urn:oid:1.2.840.114350.1.13.0.1.7.4.798268.7025",
                                    "code": "15",
                                    "display": "Oral"
                                }
                            ],
                            "text": "Oral"
                        },
                        "doseAndRate": [
                            {
                                "type": {
                                    "coding": [
                                        {
                                            "system": "http://epic.com/CodeSystem/dose-rate-type",
                                            "code": "calculated",
                                            "display": "calculated"
                                        }
                                    ],
                                    "text": "calculated"
                                },
                                "doseQuantity": {
                                    "value": 1,
                                    "unit": "tablet",
                                    "system": "http://unitsofmeasure.org",
                                    "code": "{tbl}"
                                }
                            },
                            {
                                "type": {
                                    "coding": [
                                        {
                                            "system": "http://epic.com/CodeSystem/dose-rate-type",
                                            "code": "admin-amount",
                                            "display": "admin-amount"
                                        }
                                    ],
                                    "text": "admin-amount"
                                },
                                "doseQuantity": {
                                    "value": 1,
                                    "unit": "tablet",
                                    "system": "http://unitsofmeasure.org",
                                    "code": "{tbl}"
                                }
                            },
                            {
                                "type": {
                                    "coding": [
                                        {
                                            "system": "http://epic.com/CodeSystem/dose-rate-type",
                                            "code": "ordered",
                                            "display": "ordered"
                                        }
                                    ],
                                    "text": "ordered"
                                },
                                "doseQuantity": {
                                    "value": 1,
                                    "unit": "tablet",
                                    "system": "http://unitsofmeasure.org",
                                    "code": "{tbl}"
                                }
                            }
                        ]
                    }
                ],
                "dispenseRequest": {
                    "validityPeriod": {
                        "start": "2012-11-22"
                    },
                    "numberOfRepeatsAllowed": 0
                }
            },
            "search": {
                "mode": "match"
            }
        }
    ]
}