{
    "resourceType": "Bundle",
    "type": "searchset",
    "total": 2,
    "link": [
        {
            "relation": "self",
            "url": "https://apporchard.epic.com/interconnect-aocurprd-oauth/api/FHIR/R4/MedicationRequest?_format=json&patient=eyePuGn44p7JaF5w4KUer0A3"
        }
    ],
    "entry": [
        {
            "link": [
                {
                    "relation": "self",
                    "url": "https://apporchard.epic.com/interconnect-aocurprd-oauth/api/FHIR/R4/MedicationRequest/e0ADZ-uzCJVrmhHcq.YpoMw3"
                }
            ],
            "fullUrl": "https://apporchard.epic.com/interconnect-aocurprd-oauth/api/FHIR/R4/MedicationRequest/e0ADZ-uzCJVrmhHcq.YpoMw3",
            "resource": {
                "resourceType": "MedicationRequest",
                "id": "e0ADZ-uzCJVrmhHcq.YpoMw3",
                "identifier": [
                    {
                        "use": "usual",
                        "system": "urn:oid:1.2.840.114350.1.13.0.1.7.2.798268",
                        "value": "937168"
                    }
                ],
                "status": "stopped",
                "intent": "order",
                "category": [
                    {
                        "coding": [
                            {
                                "system": "http://terminology.hl7.org/CodeSystem/medicationrequest-category",
                                "code": "inpatient",
                                "display": "Inpatient"
                            }
                        ],
                        "text": "Inpatient"
                    }
                ],
                "medicationReference": {
                    "reference": "Medication/eBoeW2oM4uW.JMhod.FvtAm9gqVKmH5UaqNzCv1HJdYhuVbHiP67O3hPUVY2kC6ju3",
                    "display": "metFORMIN (GLUCOPHAGE) tablet"
                },
                "subject": {
                    "reference": "Patient/eyePuGn44p7JaF5w4KUer0A3",
                    "display": "Radiant, Bruno"
                },
                "encounter": {
                    "identifier": {
                        "use": "usual",
                        "system": "urn:oid:1.2.840.114350.1.13.0.1.7.3.698084.8",
                        "value": "37407"
                    },
                    "display": "Reconciled Outside Data"
                },
                "authoredOn": "2021-10-22T21:15:33Z",
                "requester": {
                    "reference": "Practitioner/eOzi5ysWGzR5IGqKsaPMcbQ3",
                    "type": "Practitioner",
                    "display": "Generic External Data Provider"
                },
                "recorder": {
                    "type": "Practitioner",
                    "display": "User, System Default"
                },
                "courseOfTherapyType": {
                    "coding": [
                        {
                            "system": "http://terminology.hl7.org/CodeSystem/medicationrequest-course-of-therapy",
                            "code": "acute",
                            "display": "Short course (acute) therapy"
                        }
                    ],
                    "text": "Short course (acute) therapy"
                },
                "dosageInstruction": [
                    {
                        "text": "500 mg, Oral",
                        "timing": {
                            "repeat": {
                                "boundsPeriod": {
                                    "end": "2021-10-22T21:15:34Z"
                                }
                            }
                        },
                        "route": {
                            "coding": [
                                {
                                    "system": "http://snomed.info/sct",
                                    "code": "260548002",
                                    "display": "Oral (qualifier value)"
                                },
                                {
                                    "system": "urn:oid:1.2.840.114350.1.13.0.1.7.4.798268.7025",
                                    "code": "15",
                                    "display": "Oral"
                                }
                            ],
                            "text": "Oral"
                        },
                        "doseAndRate": [
                            {
                                "type": {
                                    "coding": [
                                        {
                                            "system": "http://epic.com/CodeSystem/dose-rate-type",
                                            "code": "ordered",
                                            "display": "ordered"
                                        }
                                    ],
                                    "text": "ordered"
                                },
                                "doseQuantity": {
                                    "value": 500,
                                    "unit": "mg",
                                    "system": "http://unitsofmeasure.org",
                                    "code": "mg"
                                }
                            }
                        ]
                    }
                ]
            },
            "search": {
                "mode": "match"
            }
        },
        {
            "link": [
                {
                    "relation": "self",
                    "url": "https://apporchard.epic.com/interconnect-aocurprd-oauth/api/FHIR/R4/MedicationRequest/epj8fwy.3Zo.PHSgjpN2Dsg3"
                }
            ],
            "fullUrl": "https://apporchard.epic.com/interconnect-aocurprd-oauth/api/FHIR/R4/MedicationRequest/epj8fwy.3Zo.PHSgjpN2Dsg3",
            "resource": {
                "resourceType": "MedicationRequest",
                "id": "epj8fwy.3Zo.PHSgjpN2Dsg3",
                "identifier": [
                    {
                        "use": "usual",
                        "system": "urn:oid:1.2.840.114350.1.13.0.1.7.2.798268",
                        "value": "937169"
                    }
                ],
                "status": "stopped",
                "intent": "order",
                "category": [
                    {
                        "coding": [
                            {
                                "system": "http://terminology.hl7.org/CodeSystem/medicationrequest-category",
                                "code": "inpatient",
                                "display": "Inpatient"
                            }
                        ],
                        "text": "Inpatient"
                    }
                ],
                "medicationReference": {
                    "reference": "Medication/e0BheeIOZQc-iOBkCFq.OiP624oddRRPVv9m02ZYhq5Fq5Veae70Qm9Wz3POdUIaa3",
                    "display": "simvastatin (ZOCOR) tablet"
                },
                "subject": {
                    "reference": "Patient/eyePuGn44p7JaF5w4KUer0A3",
                    "display": "Radiant, Bruno"
                },
                "encounter": {
                    "identifier": {
                        "use": "usual",
                        "system": "urn:oid:1.2.840.114350.1.13.0.1.7.3.698084.8",
                        "value": "37407"
                    },
                    "display": "Reconciled Outside Data"
                },
                "authoredOn": "2021-10-22T21:15:34Z",
                "requester": {
                    "reference": "Practitioner/eOzi5ysWGzR5IGqKsaPMcbQ3",
                    "type": "Practitioner",
                    "display": "Generic External Data Provider"
                },
                "recorder": {
                    "type": "Practitioner",
                    "display": "User, System Default"
                },
                "courseOfTherapyType": {
                    "coding": [
                        {
                            "system": "http://terminology.hl7.org/CodeSystem/medicationrequest-course-of-therapy",
                            "code": "acute",
                            "display": "Short course (acute) therapy"
                        }
                    ],
                    "text": "Short course (acute) therapy"
                },
                "dosageInstruction": [
                    {
                        "text": "20 mg, Oral",
                        "timing": {
                            "repeat": {
                                "boundsPeriod": {
                                    "end": "2021-10-22T21:15:34Z"
                                }
                            }
                        },
                        "route": {
                            "coding": [
                                {
                                    "system": "http://snomed.info/sct",
                                    "code": "260548002",
                                    "display": "Oral (qualifier value)"
                                },
                                {
                                    "system": "urn:oid:1.2.840.114350.1.13.0.1.7.4.798268.7025",
                                    "code": "15",
                                    "display": "Oral"
                                }
                            ],
                            "text": "Oral"
                        },
                        "doseAndRate": [
                            {
                                "type": {
                                    "coding": [
                                        {
                                            "system": "http://epic.com/CodeSystem/dose-rate-type",
                                            "code": "ordered",
                                            "display": "ordered"
                                        }
                                    ],
                                    "text": "ordered"
                                },
                                "doseQuantity": {
                                    "value": 20,
                                    "unit": "mg",
                                    "system": "http://unitsofmeasure.org",
                                    "code": "mg"
                                }
                            }
                        ]
                    }
                ]
            },
            "search": {
                "mode": "match"
            }
        }
    ]
}