{
    "resourceType": "Bundle",
    "type": "searchset",
    "total": 5,
    "link": [
        {
            "relation": "self",
            "url": "https://apporchard.epic.com/interconnect-aocurprd-oauth/api/FHIR/R4/MedicationRequest?_format=json&patient=ebl8K3BhOCJiHnP-D16pYjQ3"
        }
    ],
    "entry": [
        {
            "link": [
                {
                    "relation": "self",
                    "url": "https://apporchard.epic.com/interconnect-aocurprd-oauth/api/FHIR/R4/MedicationRequest/echLdtcS1g.YNo76EuD618A3"
                }
            ],
            "fullUrl": "https://apporchard.epic.com/interconnect-aocurprd-oauth/api/FHIR/R4/MedicationRequest/echLdtcS1g.YNo76EuD618A3",
            "resource": {
                "resourceType": "MedicationRequest",
                "id": "echLdtcS1g.YNo76EuD618A3",
                "identifier": [
                    {
                        "use": "usual",
                        "system": "urn:oid:1.2.840.114350.1.13.0.1.7.2.798268",
                        "value": "895106"
                    }
                ],
                "status": "on-hold",
                "intent": "plan",
                "category": [
                    {
                        "coding": [
                            {
                                "system": "http://terminology.hl7.org/CodeSystem/medicationrequest-category",
                                "code": "community",
                                "display": "Community"
                            }
                        ],
                        "text": "Community"
                    }
                ],
                "reportedBoolean": true,
                "medicationReference": {
                    "reference": "Medication/eWmWEuLPypqwlLhWN3nw29-A7DGA5jE.nB-ZUSYLZlI.q55SnlAhj.y57hEP2MajA3",
                    "display": "aspirin tablet"
                },
                "subject": {
                    "reference": "Patient/ebl8K3BhOCJiHnP-D16pYjQ3",
                    "display": "Optime, Sophia"
                },
                "encounter": {
                    "reference": "Encounter/eXN9gF.xeYOrRT7PzBKu.AA3",
                    "display": "Hospital Encounter"
                },
                "authoredOn": "2013-11-16T20:57:06Z",
                "requester": {
                    "extension": [
                        {
                            "valueCode": "unknown",
                            "url": "http://hl7.org/fhir/StructureDefinition/data-absent-reason"
                        }
                    ]
                },
                "recorder": {
                    "reference": "Practitioner/eWi23CFKIZBN49H--0z4GVw3",
                    "type": "Practitioner",
                    "display": "Nurse Inpatient, RN"
                },
                "courseOfTherapyType": {
                    "coding": [
                        {
                            "system": "http://terminology.hl7.org/CodeSystem/medicationrequest-course-of-therapy",
                            "code": "acute",
                            "display": "Short course (acute) therapy"
                        }
                    ],
                    "text": "Short course (acute) therapy"
                },
                "dosageInstruction": [
                    {
                        "text": "Take 650 mg by mouth every 6 (six) hours as needed.  , Until Discontinued, Historical Med",
                        "patientInstruction": "Take 650 mg by mouth every 6 (six) hours as needed.  ",
                        "timing": {
                            "repeat": {
                                "frequency": 1,
                                "period": 6,
                                "periodUnit": "h"
                            },
                            "code": {
                                "text": "Every 6 hours as needed"
                            }
                        },
                        "asNeededBoolean": true,
                        "route": {
                            "coding": [
                                {
                                    "system": "http://snomed.info/sct",
                                    "code": "260548002",
                                    "display": "Oral (qualifier value)"
                                },
                                {
                                    "system": "urn:oid:1.2.840.114350.1.13.0.1.7.4.798268.7025",
                                    "code": "15",
                                    "display": "Oral"
                                }
                            ],
                            "text": "Oral"
                        },
                        "doseAndRate": [
                            {
                                "type": {
                                    "coding": [
                                        {
                                            "system": "http://epic.com/CodeSystem/dose-rate-type",
                                            "code": "ordered",
                                            "display": "ordered"
                                        }
                                    ],
                                    "text": "ordered"
                                },
                                "doseQuantity": {
                                    "value": 650,
                                    "unit": "mg",
                                    "system": "http://unitsofmeasure.org",
                                    "code": "mg"
                                }
                            }
                        ]
                    }
                ]
            },
            "search": {
                "mode": "match"
            }
        },
        {
            "link": [
                {
                    "relation": "self",
                    "url": "https://apporchard.epic.com/interconnect-aocurprd-oauth/api/FHIR/R4/MedicationRequest/erwJgX3zCJ-IuwWW1hwApOA3"
                }
            ],
            "fullUrl": "https://apporchard.epic.com/interconnect-aocurprd-oauth/api/FHIR/R4/MedicationRequest/erwJgX3zCJ-IuwWW1hwApOA3",
            "resource": {
                "resourceType": "MedicationRequest",
                "id": "erwJgX3zCJ-IuwWW1hwApOA3",
                "identifier": [
                    {
                        "use": "usual",
                        "system": "urn:oid:1.2.840.114350.1.13.0.1.7.2.798268",
                        "value": "895109"
                    }
                ],
                "status": "active",
                "intent": "order",
                "category": [
                    {
                        "coding": [
                            {
                                "system": "http://terminology.hl7.org/CodeSystem/medicationrequest-category",
                                "code": "inpatient",
                                "display": "Inpatient"
                            }
                        ],
                        "text": "Inpatient"
                    }
                ],
                "medicationReference": {
                    "reference": "Medication/eOjli0sFBSgyg.cIr47SqiTu6MFJngE5Sc0qnoKf0ScxDERXS0LoFXnSGDDdcGYeb3",
                    "display": "moxifloxacin (AVELOX) IVPB"
                },
                "subject": {
                    "reference": "Patient/ebl8K3BhOCJiHnP-D16pYjQ3",
                    "display": "Optime, Sophia"
                },
                "encounter": {
                    "reference": "Encounter/eXN9gF.xeYOrRT7PzBKu.AA3",
                    "display": "Hospital Encounter"
                },
                "authoredOn": "2013-12-30T20:09:49Z",
                "requester": {
                    "reference": "Practitioner/e9s-IdXQOUVywHOVoisd6xQ3",
                    "type": "Practitioner",
                    "display": "Attending Physician Inpatient, MD"
                },
                "recorder": {
                    "reference": "Practitioner/e9s-IdXQOUVywHOVoisd6xQ3",
                    "type": "Practitioner",
                    "display": "Attending Physician Inpatient, MD"
                },
                "courseOfTherapyType": {
                    "coding": [
                        {
                            "system": "http://terminology.hl7.org/CodeSystem/medicationrequest-course-of-therapy",
                            "code": "acute",
                            "display": "Short course (acute) therapy"
                        }
                    ],
                    "text": "Short course (acute) therapy"
                },
                "dosageInstruction": [
                    {
                        "text": "400 mg, Intravenous, at 250 mL/hr, Administer over 60 Minutes, Every 24 hours, First dose on Mon 12/30/13 at 1415",
                        "timing": {
                            "repeat": {
                                "boundsPeriod": {
                                    "start": "2013-12-30T20:15:00Z"
                                },
                                "duration": 60,
                                "durationUnit": "min",
                                "frequency": 1,
                                "period": 24,
                                "periodUnit": "h"
                            },
                            "code": {
                                "text": "Every 24 hours"
                            }
                        },
                        "asNeededBoolean": false,
                        "route": {
                            "coding": [
                                {
                                    "system": "http://snomed.info/sct",
                                    "code": "418114005",
                                    "display": "Intravenous central route (qualifier value)"
                                },
                                {
                                    "system": "urn:oid:1.2.840.114350.1.13.0.1.7.4.798268.7025",
                                    "code": "11",
                                    "display": "Intravenous"
                                }
                            ],
                            "text": "Intravenous"
                        },
                        "doseAndRate": [
                            {
                                "type": {
                                    "coding": [
                                        {
                                            "system": "http://epic.com/CodeSystem/dose-rate-type",
                                            "code": "calculated",
                                            "display": "calculated"
                                        }
                                    ],
                                    "text": "calculated"
                                },
                                "doseQuantity": {
                                    "value": 400,
                                    "unit": "mg",
                                    "system": "http://unitsofmeasure.org",
                                    "code": "mg"
                                }
                            },
                            {
                                "type": {
                                    "coding": [
                                        {
                                            "system": "http://epic.com/CodeSystem/dose-rate-type",
                                            "code": "admin-amount",
                                            "display": "admin-amount"
                                        }
                                    ],
                                    "text": "admin-amount"
                                },
                                "doseQuantity": {
                                    "value": 250,
                                    "unit": "mL",
                                    "system": "http://unitsofmeasure.org",
                                    "code": "mL"
                                }
                            },
                            {
                                "type": {
                                    "coding": [
                                        {
                                            "system": "http://epic.com/CodeSystem/dose-rate-type",
                                            "code": "ordered",
                                            "display": "ordered"
                                        }
                                    ],
                                    "text": "ordered"
                                },
                                "doseQuantity": {
                                    "value": 400,
                                    "unit": "mg",
                                    "system": "http://unitsofmeasure.org",
                                    "code": "mg"
                                }
                            }
                        ]
                    }
                ]
            },
            "search": {
                "mode": "match"
            }
        },
        {
            "link": [
                {
                    "relation": "self",
                    "url": "https://apporchard.epic.com/interconnect-aocurprd-oauth/api/FHIR/R4/MedicationRequest/et4cWTdX8M0U4bzMoQR-Crw3"
                }
            ],
            "fullUrl": "https://apporchard.epic.com/interconnect-aocurprd-oauth/api/FHIR/R4/MedicationRequest/et4cWTdX8M0U4bzMoQR-Crw3",
            "resource": {
                "resourceType": "MedicationRequest",
                "id": "et4cWTdX8M0U4bzMoQR-Crw3",
                "identifier": [
                    {
                        "use": "usual",
                        "system": "urn:oid:1.2.840.114350.1.13.0.1.7.2.798268",
                        "value": "895107"
                    }
                ],
                "status": "active",
                "intent": "order",
                "category": [
                    {
                        "coding": [
                            {
                                "system": "http://terminology.hl7.org/CodeSystem/medicationrequest-category",
                                "code": "inpatient",
                                "display": "Inpatient"
                            }
                        ],
                        "text": "Inpatient"
                    }
                ],
                "medicationReference": {
                    "reference": "Medication/elESvAGkYxeimmpH-ZAa8EcCPvGSQ0IRdRyy7IHSReC6ArwsnQXjHbN5UjgDI3lA23",
                    "display": "acetaminophen (TYLENOL) elixir 160 mg/5mL"
                },
                "subject": {
                    "reference": "Patient/ebl8K3BhOCJiHnP-D16pYjQ3",
                    "display": "Optime, Sophia"
                },
                "encounter": {
                    "reference": "Encounter/eXN9gF.xeYOrRT7PzBKu.AA3",
                    "display": "Hospital Encounter"
                },
                "authoredOn": "2013-12-30T20:09:48Z",
                "requester": {
                    "reference": "Practitioner/e9s-IdXQOUVywHOVoisd6xQ3",
                    "type": "Practitioner",
                    "display": "Attending Physician Inpatient, MD"
                },
                "recorder": {
                    "reference": "Practitioner/e9s-IdXQOUVywHOVoisd6xQ3",
                    "type": "Practitioner",
                    "display": "Attending Physician Inpatient, MD"
                },
                "courseOfTherapyType": {
                    "coding": [
                        {
                            "system": "http://terminology.hl7.org/CodeSystem/medicationrequest-course-of-therapy",
                            "code": "acute",
                            "display": "Short course (acute) therapy"
                        }
                    ],
                    "text": "Short course (acute) therapy"
                },
                "dosageInstruction": [
                    {
                        "text": "650 mg, Oral, Every 4 hours PRN, mild pain, Starting on Mon 12/30/13 at 1409\nMaximum dose of acetaminophen is 4000 mg from all sources in 24 hours.\n",
                        "timing": {
                            "repeat": {
                                "boundsPeriod": {
                                    "start": "2013-12-30T20:09:18Z"
                                },
                                "frequency": 1,
                                "period": 4,
                                "periodUnit": "h"
                            },
                            "code": {
                                "text": "Every 4 (four) hours as needed"
                            }
                        },
                        "asNeededBoolean": true,
                        "route": {
                            "coding": [
                                {
                                    "system": "http://snomed.info/sct",
                                    "code": "260548002",
                                    "display": "Oral (qualifier value)"
                                },
                                {
                                    "system": "urn:oid:1.2.840.114350.1.13.0.1.7.4.798268.7025",
                                    "code": "15",
                                    "display": "Oral"
                                }
                            ],
                            "text": "Oral"
                        },
                        "doseAndRate": [
                            {
                                "type": {
                                    "coding": [
                                        {
                                            "system": "http://epic.com/CodeSystem/dose-rate-type",
                                            "code": "calculated",
                                            "display": "calculated"
                                        }
                                    ],
                                    "text": "calculated"
                                },
                                "doseQuantity": {
                                    "value": 650,
                                    "unit": "mg",
                                    "system": "http://unitsofmeasure.org",
                                    "code": "mg"
                                }
                            },
                            {
                                "type": {
                                    "coding": [
                                        {
                                            "system": "http://epic.com/CodeSystem/dose-rate-type",
                                            "code": "admin-amount",
                                            "display": "admin-amount"
                                        }
                                    ],
                                    "text": "admin-amount"
                                },
                                "doseQuantity": {
                                    "value": 20.31,
                                    "unit": "mL",
                                    "system": "http://unitsofmeasure.org",
                                    "code": "mL"
                                }
                            },
                            {
                                "type": {
                                    "coding": [
                                        {
                                            "system": "http://epic.com/CodeSystem/dose-rate-type",
                                            "code": "ordered",
                                            "display": "ordered"
                                        }
                                    ],
                                    "text": "ordered"
                                },
                                "doseQuantity": {
                                    "value": 650,
                                    "unit": "mg",
                                    "system": "http://unitsofmeasure.org",
                                    "code": "mg"
                                }
                            }
                        ]
                    }
                ]
            },
            "search": {
                "mode": "match"
            }
        },
        {
            "link": [
                {
                    "relation": "self",
                    "url": "https://apporchard.epic.com/interconnect-aocurprd-oauth/api/FHIR/R4/MedicationRequest/ez-wBAQnEqJQUwfa2FRvmDQ3"
                }
            ],
            "fullUrl": "https://apporchard.epic.com/interconnect-aocurprd-oauth/api/FHIR/R4/MedicationRequest/ez-wBAQnEqJQUwfa2FRvmDQ3",
            "resource": {
                "resourceType": "MedicationRequest",
                "id": "ez-wBAQnEqJQUwfa2FRvmDQ3",
                "identifier": [
                    {
                        "use": "usual",
                        "system": "urn:oid:1.2.840.114350.1.13.0.1.7.2.798268",
                        "value": "895101"
                    }
                ],
                "status": "completed",
                "intent": "order",
                "category": [
                    {
                        "coding": [
                            {
                                "system": "http://terminology.hl7.org/CodeSystem/medicationrequest-category",
                                "code": "inpatient",
                                "display": "Inpatient"
                            }
                        ],
                        "text": "Inpatient"
                    }
                ],
                "medicationReference": {
                    "reference": "Medication/eSE.lzw6WwR8RkK6lleDxF06ESRsn40M8XJ51cyElvRP6CpNVH5ZvMXHBQyBKFGPn3",
                    "display": "ceFAZolin (ANCEF) vial 1 g"
                },
                "subject": {
                    "reference": "Patient/ebl8K3BhOCJiHnP-D16pYjQ3",
                    "display": "Optime, Sophia"
                },
                "encounter": {
                    "reference": "Encounter/eXN9gF.xeYOrRT7PzBKu.AA3",
                    "display": "Hospital Encounter"
                },
                "authoredOn": "2013-11-13T05:14:57Z",
                "requester": {
                    "reference": "Practitioner/eOyFJ.PiGBcbhr3T1oyJZ1A3",
                    "type": "Practitioner",
                    "display": "Physician Surgery, MD"
                },
                "recorder": {
                    "reference": "Practitioner/eOyFJ.PiGBcbhr3T1oyJZ1A3",
                    "type": "Practitioner",
                    "display": "Physician Surgery, MD"
                },
                "courseOfTherapyType": {
                    "coding": [
                        {
                            "system": "http://terminology.hl7.org/CodeSystem/medicationrequest-course-of-therapy",
                            "code": "acute",
                            "display": "Short course (acute) therapy"
                        }
                    ],
                    "text": "Short course (acute) therapy"
                },
                "dosageInstruction": [
                    {
                        "text": "2 g, Intravenous, Once, On Tue 11/12/13 at 2315, For 1 dose, Pre-op\nInfuse within 1 hour before incision.\n",
                        "timing": {
                            "repeat": {
                                "boundsPeriod": {
                                    "start": "2013-11-13T05:15:00Z",
                                    "end": "2013-11-14T03:51:00Z"
                                },
                                "count": 1
                            },
                            "code": {
                                "text": "Once"
                            }
                        },
                        "asNeededBoolean": false,
                        "route": {
                            "coding": [
                                {
                                    "system": "http://snomed.info/sct",
                                    "code": "418114005",
                                    "display": "Intravenous central route (qualifier value)"
                                },
                                {
                                    "system": "urn:oid:1.2.840.114350.1.13.0.1.7.4.798268.7025",
                                    "code": "11",
                                    "display": "Intravenous"
                                }
                            ],
                            "text": "Intravenous"
                        },
                        "doseAndRate": [
                            {
                                "type": {
                                    "coding": [
                                        {
                                            "system": "http://epic.com/CodeSystem/dose-rate-type",
                                            "code": "calculated",
                                            "display": "calculated"
                                        }
                                    ],
                                    "text": "calculated"
                                },
                                "doseQuantity": {
                                    "value": 2,
                                    "unit": "g",
                                    "system": "http://unitsofmeasure.org",
                                    "code": "g"
                                }
                            },
                            {
                                "type": {
                                    "coding": [
                                        {
                                            "system": "http://epic.com/CodeSystem/dose-rate-type",
                                            "code": "admin-amount",
                                            "display": "admin-amount"
                                        }
                                    ],
                                    "text": "admin-amount"
                                },
                                "doseQuantity": {
                                    "value": 2000,
                                    "unit": "mg",
                                    "system": "http://unitsofmeasure.org",
                                    "code": "mg"
                                }
                            },
                            {
                                "type": {
                                    "coding": [
                                        {
                                            "system": "http://epic.com/CodeSystem/dose-rate-type",
                                            "code": "ordered",
                                            "display": "ordered"
                                        }
                                    ],
                                    "text": "ordered"
                                },
                                "doseQuantity": {
                                    "value": 2,
                                    "unit": "g",
                                    "system": "http://unitsofmeasure.org",
                                    "code": "g"
                                }
                            }
                        ]
                    }
                ],
                "priorPrescription": {
                    "reference": "MedicationRequest/eVWRnjcRuhYsgXM.AdITQ8A3",
                    "display": "ceFAZolin (ANCEF) injection 2 g"
                }
            },
            "search": {
                "mode": "match"
            }
        },
        {
            "link": [
                {
                    "relation": "self",
                    "url": "https://apporchard.epic.com/interconnect-aocurprd-oauth/api/FHIR/R4/MedicationRequest/ezgljdRIswPa6265-dE1OwA3"
                }
            ],
            "fullUrl": "https://apporchard.epic.com/interconnect-aocurprd-oauth/api/FHIR/R4/MedicationRequest/ezgljdRIswPa6265-dE1OwA3",
            "resource": {
                "resourceType": "MedicationRequest",
                "id": "ezgljdRIswPa6265-dE1OwA3",
                "identifier": [
                    {
                        "use": "usual",
                        "system": "urn:oid:1.2.840.114350.1.13.0.1.7.2.798268",
                        "value": "895108"
                    }
                ],
                "status": "active",
                "intent": "order",
                "category": [
                    {
                        "coding": [
                            {
                                "system": "http://terminology.hl7.org/CodeSystem/medicationrequest-category",
                                "code": "inpatient",
                                "display": "Inpatient"
                            }
                        ],
                        "text": "Inpatient"
                    }
                ],
                "medicationReference": {
                    "reference": "Medication/eknLiLes5d62ZoUfegBRoeqHjzfPjDMEWVSUt8wDkL88NWj6WrJFlNeFk4YJPVgTT3",
                    "display": "zolpidem (AMBIEN CR) CR tablet"
                },
                "subject": {
                    "reference": "Patient/ebl8K3BhOCJiHnP-D16pYjQ3",
                    "display": "Optime, Sophia"
                },
                "encounter": {
                    "reference": "Encounter/eXN9gF.xeYOrRT7PzBKu.AA3",
                    "display": "Hospital Encounter"
                },
                "authoredOn": "2013-12-30T20:09:49Z",
                "requester": {
                    "reference": "Practitioner/e9s-IdXQOUVywHOVoisd6xQ3",
                    "type": "Practitioner",
                    "display": "Attending Physician Inpatient, MD"
                },
                "recorder": {
                    "reference": "Practitioner/e9s-IdXQOUVywHOVoisd6xQ3",
                    "type": "Practitioner",
                    "display": "Attending Physician Inpatient, MD"
                },
                "courseOfTherapyType": {
                    "coding": [
                        {
                            "system": "http://terminology.hl7.org/CodeSystem/medicationrequest-course-of-therapy",
                            "code": "acute",
                            "display": "Short course (acute) therapy"
                        }
                    ],
                    "text": "Short course (acute) therapy"
                },
                "dosageInstruction": [
                    {
                        "text": "6.25 mg, Oral, Nightly PRN, sleep, Starting on Mon 12/30/13 at 1409",
                        "timing": {
                            "repeat": {
                                "boundsPeriod": {
                                    "start": "2013-12-30T20:09:21Z"
                                },
                                "frequency": 1,
                                "period": 1,
                                "periodUnit": "d"
                            },
                            "code": {
                                "text": "Nightly as needed"
                            }
                        },
                        "asNeededBoolean": true,
                        "route": {
                            "coding": [
                                {
                                    "system": "http://snomed.info/sct",
                                    "code": "260548002",
                                    "display": "Oral (qualifier value)"
                                },
                                {
                                    "system": "urn:oid:1.2.840.114350.1.13.0.1.7.4.798268.7025",
                                    "code": "15",
                                    "display": "Oral"
                                }
                            ],
                            "text": "Oral"
                        },
                        "doseAndRate": [
                            {
                                "type": {
                                    "coding": [
                                        {
                                            "system": "http://epic.com/CodeSystem/dose-rate-type",
                                            "code": "calculated",
                                            "display": "calculated"
                                        }
                                    ],
                                    "text": "calculated"
                                },
                                "doseQuantity": {
                                    "value": 6.25,
                                    "unit": "mg",
                                    "system": "http://unitsofmeasure.org",
                                    "code": "mg"
                                }
                            },
                            {
                                "type": {
                                    "coding": [
                                        {
                                            "system": "http://epic.com/CodeSystem/dose-rate-type",
                                            "code": "admin-amount",
                                            "display": "admin-amount"
                                        }
                                    ],
                                    "text": "admin-amount"
                                },
                                "doseQuantity": {
                                    "value": 1,
                                    "unit": "tablet",
                                    "system": "http://unitsofmeasure.org",
                                    "code": "{tbl}"
                                }
                            },
                            {
                                "type": {
                                    "coding": [
                                        {
                                            "system": "http://epic.com/CodeSystem/dose-rate-type",
                                            "code": "ordered",
                                            "display": "ordered"
                                        }
                                    ],
                                    "text": "ordered"
                                },
                                "doseQuantity": {
                                    "value": 6.25,
                                    "unit": "mg",
                                    "system": "http://unitsofmeasure.org",
                                    "code": "mg"
                                }
                            }
                        ]
                    }
                ]
            },
            "search": {
                "mode": "match"
            }
        }
    ]
}