{
    "resourceType": "Bundle",
    "type": "searchset",
    "total": 8,
    "link": [
        {
            "relation": "self",
            "url": "https://apporchard.epic.com/interconnect-aocurprd-oauth/api/FHIR/R4/MedicationRequest?_format=json&patient=es5fcE7BOw4vxAQu1-Ceysg3"
        }
    ],
    "entry": [
        {
            "link": [
                {
                    "relation": "self",
                    "url": "https://apporchard.epic.com/interconnect-aocurprd-oauth/api/FHIR/R4/MedicationRequest/eOgpP9FaeOsJ9bmW5Z6jt9A3"
                }
            ],
            "fullUrl": "https://apporchard.epic.com/interconnect-aocurprd-oauth/api/FHIR/R4/MedicationRequest/eOgpP9FaeOsJ9bmW5Z6jt9A3",
            "resource": {
                "resourceType": "MedicationRequest",
                "id": "eOgpP9FaeOsJ9bmW5Z6jt9A3",
                "identifier": [
                    {
                        "use": "usual",
                        "system": "urn:oid:1.2.840.114350.1.13.0.1.7.2.798268",
                        "value": "901705"
                    }
                ],
                "status": "active",
                "intent": "order",
                "category": [
                    {
                        "coding": [
                            {
                                "system": "http://terminology.hl7.org/CodeSystem/medicationrequest-category",
                                "code": "inpatient",
                                "display": "Inpatient"
                            }
                        ],
                        "text": "Inpatient"
                    }
                ],
                "medicationReference": {
                    "reference": "Medication/esV0qryg4-MnN5Z2JspjvZu6WGg1UmkDx.QX35TAzS7Ovh2VHBVhtjfDnsQzU4G6W3",
                    "display": "zolpidem (AMBIEN)  tablet"
                },
                "subject": {
                    "reference": "Patient/es5fcE7BOw4vxAQu1-Ceysg3",
                    "display": "Infection Control, Scott"
                },
                "encounter": {
                    "reference": "Encounter/ejYyZy.J1uguOo66WFJqOiw3",
                    "display": "Hospital Encounter"
                },
                "authoredOn": "2014-02-05T17:20:31Z",
                "requester": {
                    "reference": "Practitioner/e9s-IdXQOUVywHOVoisd6xQ3",
                    "type": "Practitioner",
                    "display": "Attending Physician Inpatient, MD"
                },
                "recorder": {
                    "reference": "Practitioner/e9s-IdXQOUVywHOVoisd6xQ3",
                    "type": "Practitioner",
                    "display": "Attending Physician Inpatient, MD"
                },
                "courseOfTherapyType": {
                    "coding": [
                        {
                            "system": "http://terminology.hl7.org/CodeSystem/medicationrequest-course-of-therapy",
                            "code": "acute",
                            "display": "Short course (acute) therapy"
                        }
                    ],
                    "text": "Short course (acute) therapy"
                },
                "dosageInstruction": [
                    {
                        "text": "5 mg, Oral, Nightly PRN, sleep, Starting Wed 2/5/14 at 1119",
                        "timing": {
                            "repeat": {
                                "boundsPeriod": {
                                    "start": "2014-02-05T17:19:41Z"
                                },
                                "frequency": 1,
                                "period": 1,
                                "periodUnit": "d"
                            },
                            "code": {
                                "text": "Nightly as needed"
                            }
                        },
                        "asNeededBoolean": true,
                        "route": {
                            "coding": [
                                {
                                    "system": "http://snomed.info/sct",
                                    "code": "260548002",
                                    "display": "Oral (qualifier value)"
                                },
                                {
                                    "system": "urn:oid:1.2.840.114350.1.13.0.1.7.4.798268.7025",
                                    "code": "15",
                                    "display": "Oral"
                                }
                            ],
                            "text": "Oral"
                        },
                        "doseAndRate": [
                            {
                                "type": {
                                    "coding": [
                                        {
                                            "system": "http://epic.com/CodeSystem/dose-rate-type",
                                            "code": "calculated",
                                            "display": "calculated"
                                        }
                                    ],
                                    "text": "calculated"
                                },
                                "doseQuantity": {
                                    "value": 5,
                                    "unit": "mg",
                                    "system": "http://unitsofmeasure.org",
                                    "code": "mg"
                                }
                            },
                            {
                                "type": {
                                    "coding": [
                                        {
                                            "system": "http://epic.com/CodeSystem/dose-rate-type",
                                            "code": "admin-amount",
                                            "display": "admin-amount"
                                        }
                                    ],
                                    "text": "admin-amount"
                                },
                                "doseQuantity": {
                                    "value": 1,
                                    "unit": "tablet",
                                    "system": "http://unitsofmeasure.org",
                                    "code": "{tbl}"
                                }
                            },
                            {
                                "type": {
                                    "coding": [
                                        {
                                            "system": "http://epic.com/CodeSystem/dose-rate-type",
                                            "code": "ordered",
                                            "display": "ordered"
                                        }
                                    ],
                                    "text": "ordered"
                                },
                                "doseQuantity": {
                                    "value": 5,
                                    "unit": "mg",
                                    "system": "http://unitsofmeasure.org",
                                    "code": "mg"
                                }
                            }
                        ]
                    }
                ]
            },
            "search": {
                "mode": "match"
            }
        },
        {
            "link": [
                {
                    "relation": "self",
                    "url": "https://apporchard.epic.com/interconnect-aocurprd-oauth/api/FHIR/R4/MedicationRequest/eQWIzoKjWGcksXO6DHh28kQ3"
                }
            ],
            "fullUrl": "https://apporchard.epic.com/interconnect-aocurprd-oauth/api/FHIR/R4/MedicationRequest/eQWIzoKjWGcksXO6DHh28kQ3",
            "resource": {
                "resourceType": "MedicationRequest",
                "id": "eQWIzoKjWGcksXO6DHh28kQ3",
                "identifier": [
                    {
                        "use": "usual",
                        "system": "urn:oid:1.2.840.114350.1.13.0.1.7.2.798268",
                        "value": "901706"
                    }
                ],
                "status": "active",
                "intent": "order",
                "category": [
                    {
                        "coding": [
                            {
                                "system": "http://terminology.hl7.org/CodeSystem/medicationrequest-category",
                                "code": "inpatient",
                                "display": "Inpatient"
                            }
                        ],
                        "text": "Inpatient"
                    }
                ],
                "medicationReference": {
                    "reference": "Medication/ewjUrsa4Zb-Zbl6jWywXLH0ajHtjkP3cfkSgAlwZW2zLkh7IbBewo.8tvG9MripPo3",
                    "display": "pantoprazole (PROTONIX) EC tablet"
                },
                "subject": {
                    "reference": "Patient/es5fcE7BOw4vxAQu1-Ceysg3",
                    "display": "Infection Control, Scott"
                },
                "encounter": {
                    "reference": "Encounter/ejYyZy.J1uguOo66WFJqOiw3",
                    "display": "Hospital Encounter"
                },
                "authoredOn": "2014-02-05T17:20:31Z",
                "requester": {
                    "reference": "Practitioner/e9s-IdXQOUVywHOVoisd6xQ3",
                    "type": "Practitioner",
                    "display": "Attending Physician Inpatient, MD"
                },
                "recorder": {
                    "reference": "Practitioner/e9s-IdXQOUVywHOVoisd6xQ3",
                    "type": "Practitioner",
                    "display": "Attending Physician Inpatient, MD"
                },
                "courseOfTherapyType": {
                    "coding": [
                        {
                            "system": "http://terminology.hl7.org/CodeSystem/medicationrequest-course-of-therapy",
                            "code": "acute",
                            "display": "Short course (acute) therapy"
                        }
                    ],
                    "text": "Short course (acute) therapy"
                },
                "dosageInstruction": [
                    {
                        "text": "40 mg, Oral, Nightly, First dose on Wed 2/5/14 at 2100",
                        "timing": {
                            "repeat": {
                                "boundsPeriod": {
                                    "start": "2014-02-06T03:00:00Z"
                                },
                                "frequency": 1,
                                "period": 1,
                                "periodUnit": "d"
                            },
                            "code": {
                                "text": "Every night at 2100"
                            }
                        },
                        "asNeededBoolean": false,
                        "route": {
                            "coding": [
                                {
                                    "system": "http://snomed.info/sct",
                                    "code": "260548002",
                                    "display": "Oral (qualifier value)"
                                },
                                {
                                    "system": "urn:oid:1.2.840.114350.1.13.0.1.7.4.798268.7025",
                                    "code": "15",
                                    "display": "Oral"
                                }
                            ],
                            "text": "Oral"
                        },
                        "doseAndRate": [
                            {
                                "type": {
                                    "coding": [
                                        {
                                            "system": "http://epic.com/CodeSystem/dose-rate-type",
                                            "code": "calculated",
                                            "display": "calculated"
                                        }
                                    ],
                                    "text": "calculated"
                                },
                                "doseQuantity": {
                                    "value": 40,
                                    "unit": "mg",
                                    "system": "http://unitsofmeasure.org",
                                    "code": "mg"
                                }
                            },
                            {
                                "type": {
                                    "coding": [
                                        {
                                            "system": "http://epic.com/CodeSystem/dose-rate-type",
                                            "code": "admin-amount",
                                            "display": "admin-amount"
                                        }
                                    ],
                                    "text": "admin-amount"
                                },
                                "doseQuantity": {
                                    "value": 1,
                                    "unit": "tablet",
                                    "system": "http://unitsofmeasure.org",
                                    "code": "{tbl}"
                                }
                            },
                            {
                                "type": {
                                    "coding": [
                                        {
                                            "system": "http://epic.com/CodeSystem/dose-rate-type",
                                            "code": "ordered",
                                            "display": "ordered"
                                        }
                                    ],
                                    "text": "ordered"
                                },
                                "doseQuantity": {
                                    "value": 40,
                                    "unit": "mg",
                                    "system": "http://unitsofmeasure.org",
                                    "code": "mg"
                                }
                            }
                        ]
                    }
                ]
            },
            "search": {
                "mode": "match"
            }
        },
        {
            "link": [
                {
                    "relation": "self",
                    "url": "https://apporchard.epic.com/interconnect-aocurprd-oauth/api/FHIR/R4/MedicationRequest/eR2pzpikKAaejokySz6gyKQ3"
                }
            ],
            "fullUrl": "https://apporchard.epic.com/interconnect-aocurprd-oauth/api/FHIR/R4/MedicationRequest/eR2pzpikKAaejokySz6gyKQ3",
            "resource": {
                "resourceType": "MedicationRequest",
                "id": "eR2pzpikKAaejokySz6gyKQ3",
                "identifier": [
                    {
                        "use": "usual",
                        "system": "urn:oid:1.2.840.114350.1.13.0.1.7.2.798268",
                        "value": "901847"
                    }
                ],
                "status": "active",
                "intent": "order",
                "category": [
                    {
                        "coding": [
                            {
                                "system": "http://terminology.hl7.org/CodeSystem/medicationrequest-category",
                                "code": "inpatient",
                                "display": "Inpatient"
                            }
                        ],
                        "text": "Inpatient"
                    }
                ],
                "medicationReference": {
                    "reference": "Medication/eTgAyOLFk5bZJi6UMem9EfjQWML7lylLsxv3BODA0-alGTWDpcTdM5BvlyWi3Kr6b3",
                    "display": "metroNIDAZOLE (FLAGYL) IVPB 500 mg in 100 mL (premix)"
                },
                "subject": {
                    "reference": "Patient/es5fcE7BOw4vxAQu1-Ceysg3",
                    "display": "Infection Control, Scott"
                },
                "encounter": {
                    "reference": "Encounter/ejYyZy.J1uguOo66WFJqOiw3",
                    "display": "Hospital Encounter"
                },
                "authoredOn": "2014-02-05T20:44:12Z",
                "requester": {
                    "reference": "Practitioner/e9s-IdXQOUVywHOVoisd6xQ3",
                    "type": "Practitioner",
                    "display": "Attending Physician Inpatient, MD"
                },
                "recorder": {
                    "reference": "Practitioner/eWi23CFKIZBN49H--0z4GVw3",
                    "type": "Practitioner",
                    "display": "Nurse Inpatient, RN"
                },
                "courseOfTherapyType": {
                    "coding": [
                        {
                            "system": "http://terminology.hl7.org/CodeSystem/medicationrequest-course-of-therapy",
                            "code": "acute",
                            "display": "Short course (acute) therapy"
                        }
                    ],
                    "text": "Short course (acute) therapy"
                },
                "dosageInstruction": [
                    {
                        "text": "500 mg, Intravenous, at 100 mL/hr, for 60 Minutes, Every 6 hours, First dose on Wed 2/5/14 at 1445",
                        "timing": {
                            "repeat": {
                                "boundsPeriod": {
                                    "start": "2014-02-05T20:45:00Z"
                                },
                                "duration": 60,
                                "durationUnit": "min",
                                "frequency": 1,
                                "period": 6,
                                "periodUnit": "h"
                            },
                            "code": {
                                "text": "Every 6 (six) hours"
                            }
                        },
                        "asNeededBoolean": false,
                        "route": {
                            "coding": [
                                {
                                    "system": "http://snomed.info/sct",
                                    "code": "418114005",
                                    "display": "Intravenous central route (qualifier value)"
                                },
                                {
                                    "system": "urn:oid:1.2.840.114350.1.13.0.1.7.4.798268.7025",
                                    "code": "11",
                                    "display": "Intravenous"
                                }
                            ],
                            "text": "Intravenous"
                        },
                        "doseAndRate": [
                            {
                                "type": {
                                    "coding": [
                                        {
                                            "system": "http://epic.com/CodeSystem/dose-rate-type",
                                            "code": "calculated",
                                            "display": "calculated"
                                        }
                                    ],
                                    "text": "calculated"
                                },
                                "doseQuantity": {
                                    "value": 500,
                                    "unit": "mg",
                                    "system": "http://unitsofmeasure.org",
                                    "code": "mg"
                                }
                            },
                            {
                                "type": {
                                    "coding": [
                                        {
                                            "system": "http://epic.com/CodeSystem/dose-rate-type",
                                            "code": "admin-amount",
                                            "display": "admin-amount"
                                        }
                                    ],
                                    "text": "admin-amount"
                                },
                                "doseQuantity": {
                                    "value": 100,
                                    "unit": "mL",
                                    "system": "http://unitsofmeasure.org",
                                    "code": "mL"
                                }
                            },
                            {
                                "type": {
                                    "coding": [
                                        {
                                            "system": "http://epic.com/CodeSystem/dose-rate-type",
                                            "code": "ordered",
                                            "display": "ordered"
                                        }
                                    ],
                                    "text": "ordered"
                                },
                                "doseQuantity": {
                                    "value": 500,
                                    "unit": "mg",
                                    "system": "http://unitsofmeasure.org",
                                    "code": "mg"
                                }
                            }
                        ]
                    }
                ]
            },
            "search": {
                "mode": "match"
            }
        },
        {
            "link": [
                {
                    "relation": "self",
                    "url": "https://apporchard.epic.com/interconnect-aocurprd-oauth/api/FHIR/R4/MedicationRequest/eVbgMaBYQPgW1ur6M-3UWFw3"
                }
            ],
            "fullUrl": "https://apporchard.epic.com/interconnect-aocurprd-oauth/api/FHIR/R4/MedicationRequest/eVbgMaBYQPgW1ur6M-3UWFw3",
            "resource": {
                "resourceType": "MedicationRequest",
                "id": "eVbgMaBYQPgW1ur6M-3UWFw3",
                "identifier": [
                    {
                        "use": "usual",
                        "system": "urn:oid:1.2.840.114350.1.13.0.1.7.2.798268",
                        "value": "901703"
                    }
                ],
                "status": "active",
                "intent": "order",
                "category": [
                    {
                        "coding": [
                            {
                                "system": "http://terminology.hl7.org/CodeSystem/medicationrequest-category",
                                "code": "inpatient",
                                "display": "Inpatient"
                            }
                        ],
                        "text": "Inpatient"
                    }
                ],
                "medicationReference": {
                    "reference": "Medication/etXm34L2tBSgW3YmrH5959kdzEC4ZHvAAI.POvVp3RAG-wQSPJUikM9DBBM7tksOj3",
                    "display": "enoxaparin (LOVENOX) injection 40 mg"
                },
                "subject": {
                    "reference": "Patient/es5fcE7BOw4vxAQu1-Ceysg3",
                    "display": "Infection Control, Scott"
                },
                "encounter": {
                    "reference": "Encounter/ejYyZy.J1uguOo66WFJqOiw3",
                    "display": "Hospital Encounter"
                },
                "authoredOn": "2014-02-05T17:20:29Z",
                "requester": {
                    "reference": "Practitioner/e9s-IdXQOUVywHOVoisd6xQ3",
                    "type": "Practitioner",
                    "display": "Attending Physician Inpatient, MD"
                },
                "recorder": {
                    "reference": "Practitioner/e9s-IdXQOUVywHOVoisd6xQ3",
                    "type": "Practitioner",
                    "display": "Attending Physician Inpatient, MD"
                },
                "courseOfTherapyType": {
                    "coding": [
                        {
                            "system": "http://terminology.hl7.org/CodeSystem/medicationrequest-course-of-therapy",
                            "code": "acute",
                            "display": "Short course (acute) therapy"
                        }
                    ],
                    "text": "Short course (acute) therapy"
                },
                "dosageInstruction": [
                    {
                        "text": "40 mg, Subcutaneous, Every 24 hours scheduled, First dose on Wed 2/5/14 at 1130",
                        "timing": {
                            "repeat": {
                                "boundsPeriod": {
                                    "start": "2014-02-05T17:30:00Z"
                                },
                                "frequency": 1,
                                "period": 1,
                                "periodUnit": "d"
                            },
                            "code": {
                                "text": "0900"
                            }
                        },
                        "asNeededBoolean": false,
                        "route": {
                            "coding": [
                                {
                                    "system": "urn:oid:1.2.840.114350.1.13.0.1.7.4.798268.7025",
                                    "code": "18",
                                    "display": "Subcutaneous"
                                }
                            ],
                            "text": "Subcutaneous"
                        },
                        "doseAndRate": [
                            {
                                "type": {
                                    "coding": [
                                        {
                                            "system": "http://epic.com/CodeSystem/dose-rate-type",
                                            "code": "calculated",
                                            "display": "calculated"
                                        }
                                    ],
                                    "text": "calculated"
                                },
                                "doseQuantity": {
                                    "value": 40,
                                    "unit": "mg",
                                    "system": "http://unitsofmeasure.org",
                                    "code": "mg"
                                }
                            },
                            {
                                "type": {
                                    "coding": [
                                        {
                                            "system": "http://epic.com/CodeSystem/dose-rate-type",
                                            "code": "admin-amount",
                                            "display": "admin-amount"
                                        }
                                    ],
                                    "text": "admin-amount"
                                },
                                "doseQuantity": {
                                    "value": 0.4,
                                    "unit": "mL",
                                    "system": "http://unitsofmeasure.org",
                                    "code": "mL"
                                }
                            },
                            {
                                "type": {
                                    "coding": [
                                        {
                                            "system": "http://epic.com/CodeSystem/dose-rate-type",
                                            "code": "ordered",
                                            "display": "ordered"
                                        }
                                    ],
                                    "text": "ordered"
                                },
                                "doseQuantity": {
                                    "value": 40,
                                    "unit": "mg",
                                    "system": "http://unitsofmeasure.org",
                                    "code": "mg"
                                }
                            }
                        ]
                    }
                ]
            },
            "search": {
                "mode": "match"
            }
        },
        {
            "link": [
                {
                    "relation": "self",
                    "url": "https://apporchard.epic.com/interconnect-aocurprd-oauth/api/FHIR/R4/MedicationRequest/eaVUEq4hYtx-G1nNFmGy0og3"
                }
            ],
            "fullUrl": "https://apporchard.epic.com/interconnect-aocurprd-oauth/api/FHIR/R4/MedicationRequest/eaVUEq4hYtx-G1nNFmGy0og3",
            "resource": {
                "resourceType": "MedicationRequest",
                "id": "eaVUEq4hYtx-G1nNFmGy0og3",
                "identifier": [
                    {
                        "use": "usual",
                        "system": "urn:oid:1.2.840.114350.1.13.0.1.7.2.798268",
                        "value": "901725"
                    }
                ],
                "status": "on-hold",
                "intent": "plan",
                "category": [
                    {
                        "coding": [
                            {
                                "system": "http://terminology.hl7.org/CodeSystem/medicationrequest-category",
                                "code": "community",
                                "display": "Community"
                            }
                        ],
                        "text": "Community"
                    }
                ],
                "reportedReference": {
                    "display": "Self"
                },
                "medicationReference": {
                    "reference": "Medication/eWsLe1Oy1sGigN-S13IvXNlYSlpmCDp3CSrHMY7bfHAAP99SxB4prvhvHpo1Pr1J93",
                    "display": "acetaminophen (TYLENOL) tablet"
                },
                "subject": {
                    "reference": "Patient/es5fcE7BOw4vxAQu1-Ceysg3",
                    "display": "Infection Control, Scott"
                },
                "encounter": {
                    "reference": "Encounter/ejYyZy.J1uguOo66WFJqOiw3",
                    "display": "Hospital Encounter"
                },
                "authoredOn": "2014-02-05T17:38:55Z",
                "requester": {
                    "extension": [
                        {
                            "valueCode": "unknown",
                            "url": "http://hl7.org/fhir/StructureDefinition/data-absent-reason"
                        }
                    ]
                },
                "recorder": {
                    "reference": "Practitioner/eWi23CFKIZBN49H--0z4GVw3",
                    "type": "Practitioner",
                    "display": "Nurse Inpatient, RN"
                },
                "courseOfTherapyType": {
                    "coding": [
                        {
                            "system": "http://terminology.hl7.org/CodeSystem/medicationrequest-course-of-therapy",
                            "code": "acute",
                            "display": "Short course (acute) therapy"
                        }
                    ],
                    "text": "Short course (acute) therapy"
                },
                "dosageInstruction": [
                    {
                        "text": "Take 325 mg by mouth every 6 (six) hours as needed for mild pain., Historical Med",
                        "patientInstruction": "Take 325 mg by mouth every 6 (six) hours as needed for mild pain.",
                        "timing": {
                            "repeat": {
                                "frequency": 1,
                                "period": 6,
                                "periodUnit": "h"
                            },
                            "code": {
                                "text": "Every 6 hours as needed"
                            }
                        },
                        "asNeededBoolean": true,
                        "route": {
                            "coding": [
                                {
                                    "system": "http://snomed.info/sct",
                                    "code": "260548002",
                                    "display": "Oral (qualifier value)"
                                },
                                {
                                    "system": "urn:oid:1.2.840.114350.1.13.0.1.7.4.798268.7025",
                                    "code": "15",
                                    "display": "Oral"
                                }
                            ],
                            "text": "Oral"
                        },
                        "doseAndRate": [
                            {
                                "type": {
                                    "coding": [
                                        {
                                            "system": "http://epic.com/CodeSystem/dose-rate-type",
                                            "code": "ordered",
                                            "display": "ordered"
                                        }
                                    ],
                                    "text": "ordered"
                                },
                                "doseQuantity": {
                                    "value": 325,
                                    "unit": "mg",
                                    "system": "http://unitsofmeasure.org",
                                    "code": "mg"
                                }
                            }
                        ]
                    }
                ]
            },
            "search": {
                "mode": "match"
            }
        },
        {
            "link": [
                {
                    "relation": "self",
                    "url": "https://apporchard.epic.com/interconnect-aocurprd-oauth/api/FHIR/R4/MedicationRequest/ebGVKqlCid3ZcKag.bRImEA3"
                }
            ],
            "fullUrl": "https://apporchard.epic.com/interconnect-aocurprd-oauth/api/FHIR/R4/MedicationRequest/ebGVKqlCid3ZcKag.bRImEA3",
            "resource": {
                "resourceType": "MedicationRequest",
                "id": "ebGVKqlCid3ZcKag.bRImEA3",
                "identifier": [
                    {
                        "use": "usual",
                        "system": "urn:oid:1.2.840.114350.1.13.0.1.7.2.798268",
                        "value": "901704"
                    }
                ],
                "status": "active",
                "intent": "order",
                "category": [
                    {
                        "coding": [
                            {
                                "system": "http://terminology.hl7.org/CodeSystem/medicationrequest-category",
                                "code": "inpatient",
                                "display": "Inpatient"
                            }
                        ],
                        "text": "Inpatient"
                    }
                ],
                "medicationReference": {
                    "reference": "Medication/e90MRNWXAfQbIUtMlwWFwUAPZtHQo2rnlmYW-k.llTSZSgYtYyuAOk7iuZ0jYbQha3",
                    "display": "oxyCODONE-acetaminophen (PERCOCET) tablet 5-325 mg"
                },
                "subject": {
                    "reference": "Patient/es5fcE7BOw4vxAQu1-Ceysg3",
                    "display": "Infection Control, Scott"
                },
                "encounter": {
                    "reference": "Encounter/ejYyZy.J1uguOo66WFJqOiw3",
                    "display": "Hospital Encounter"
                },
                "authoredOn": "2014-02-05T17:20:31Z",
                "requester": {
                    "reference": "Practitioner/e9s-IdXQOUVywHOVoisd6xQ3",
                    "type": "Practitioner",
                    "display": "Attending Physician Inpatient, MD"
                },
                "recorder": {
                    "reference": "Practitioner/e9s-IdXQOUVywHOVoisd6xQ3",
                    "type": "Practitioner",
                    "display": "Attending Physician Inpatient, MD"
                },
                "courseOfTherapyType": {
                    "coding": [
                        {
                            "system": "http://terminology.hl7.org/CodeSystem/medicationrequest-course-of-therapy",
                            "code": "acute",
                            "display": "Short course (acute) therapy"
                        }
                    ],
                    "text": "Short course (acute) therapy"
                },
                "dosageInstruction": [
                    {
                        "text": "1 tablet, Oral, Every 4 hours PRN, moderate pain, Starting Wed 2/5/14 at 1119",
                        "timing": {
                            "repeat": {
                                "boundsPeriod": {
                                    "start": "2014-02-05T17:19:30Z"
                                },
                                "frequency": 1,
                                "period": 4,
                                "periodUnit": "h"
                            },
                            "code": {
                                "text": "Every 4 (four) hours as needed"
                            }
                        },
                        "asNeededBoolean": true,
                        "route": {
                            "coding": [
                                {
                                    "system": "http://snomed.info/sct",
                                    "code": "260548002",
                                    "display": "Oral (qualifier value)"
                                },
                                {
                                    "system": "urn:oid:1.2.840.114350.1.13.0.1.7.4.798268.7025",
                                    "code": "15",
                                    "display": "Oral"
                                }
                            ],
                            "text": "Oral"
                        },
                        "doseAndRate": [
                            {
                                "type": {
                                    "coding": [
                                        {
                                            "system": "http://epic.com/CodeSystem/dose-rate-type",
                                            "code": "calculated",
                                            "display": "calculated"
                                        }
                                    ],
                                    "text": "calculated"
                                },
                                "doseQuantity": {
                                    "value": 1,
                                    "unit": "tablet",
                                    "system": "http://unitsofmeasure.org",
                                    "code": "{tbl}"
                                }
                            },
                            {
                                "type": {
                                    "coding": [
                                        {
                                            "system": "http://epic.com/CodeSystem/dose-rate-type",
                                            "code": "admin-amount",
                                            "display": "admin-amount"
                                        }
                                    ],
                                    "text": "admin-amount"
                                },
                                "doseQuantity": {
                                    "value": 1,
                                    "unit": "tablet",
                                    "system": "http://unitsofmeasure.org",
                                    "code": "{tbl}"
                                }
                            },
                            {
                                "type": {
                                    "coding": [
                                        {
                                            "system": "http://epic.com/CodeSystem/dose-rate-type",
                                            "code": "ordered",
                                            "display": "ordered"
                                        }
                                    ],
                                    "text": "ordered"
                                },
                                "doseQuantity": {
                                    "value": 1,
                                    "unit": "tablet",
                                    "system": "http://unitsofmeasure.org",
                                    "code": "{tbl}"
                                }
                            }
                        ]
                    }
                ]
            },
            "search": {
                "mode": "match"
            }
        },
        {
            "link": [
                {
                    "relation": "self",
                    "url": "https://apporchard.epic.com/interconnect-aocurprd-oauth/api/FHIR/R4/MedicationRequest/efr1k13OPN495Z28e4HgwjA3"
                }
            ],
            "fullUrl": "https://apporchard.epic.com/interconnect-aocurprd-oauth/api/FHIR/R4/MedicationRequest/efr1k13OPN495Z28e4HgwjA3",
            "resource": {
                "resourceType": "MedicationRequest",
                "id": "efr1k13OPN495Z28e4HgwjA3",
                "identifier": [
                    {
                        "use": "usual",
                        "system": "urn:oid:1.2.840.114350.1.13.0.1.7.2.798268",
                        "value": "901846"
                    }
                ],
                "status": "active",
                "intent": "order",
                "category": [
                    {
                        "coding": [
                            {
                                "system": "http://terminology.hl7.org/CodeSystem/medicationrequest-category",
                                "code": "inpatient",
                                "display": "Inpatient"
                            }
                        ],
                        "text": "Inpatient"
                    }
                ],
                "medicationReference": {
                    "reference": "Medication/e0xWSXjmS9z6k7-OAgKES95-59y1I4CYI4j7M9JxNy7lKrCmd4XJtUj3LAiVv6cND3",
                    "display": "levoFLOXacin (LEVAQUIN) IVPB 250 mg in 50 mL (premix)"
                },
                "subject": {
                    "reference": "Patient/es5fcE7BOw4vxAQu1-Ceysg3",
                    "display": "Infection Control, Scott"
                },
                "encounter": {
                    "reference": "Encounter/ejYyZy.J1uguOo66WFJqOiw3",
                    "display": "Hospital Encounter"
                },
                "authoredOn": "2014-02-05T20:44:11Z",
                "requester": {
                    "reference": "Practitioner/e9s-IdXQOUVywHOVoisd6xQ3",
                    "type": "Practitioner",
                    "display": "Attending Physician Inpatient, MD"
                },
                "recorder": {
                    "reference": "Practitioner/eWi23CFKIZBN49H--0z4GVw3",
                    "type": "Practitioner",
                    "display": "Nurse Inpatient, RN"
                },
                "courseOfTherapyType": {
                    "coding": [
                        {
                            "system": "http://terminology.hl7.org/CodeSystem/medicationrequest-course-of-therapy",
                            "code": "acute",
                            "display": "Short course (acute) therapy"
                        }
                    ],
                    "text": "Short course (acute) therapy"
                },
                "dosageInstruction": [
                    {
                        "text": "250 mg, Intravenous, at 50 mL/hr, for 60 Minutes, Every 24 hours, First dose on Wed 2/5/14 at 1445",
                        "timing": {
                            "repeat": {
                                "boundsPeriod": {
                                    "start": "2014-02-05T20:45:00Z"
                                },
                                "duration": 60,
                                "durationUnit": "min",
                                "frequency": 1,
                                "period": 24,
                                "periodUnit": "h"
                            },
                            "code": {
                                "text": "Every 24 hours"
                            }
                        },
                        "asNeededBoolean": false,
                        "route": {
                            "coding": [
                                {
                                    "system": "http://snomed.info/sct",
                                    "code": "418114005",
                                    "display": "Intravenous central route (qualifier value)"
                                },
                                {
                                    "system": "urn:oid:1.2.840.114350.1.13.0.1.7.4.798268.7025",
                                    "code": "11",
                                    "display": "Intravenous"
                                }
                            ],
                            "text": "Intravenous"
                        },
                        "doseAndRate": [
                            {
                                "type": {
                                    "coding": [
                                        {
                                            "system": "http://epic.com/CodeSystem/dose-rate-type",
                                            "code": "calculated",
                                            "display": "calculated"
                                        }
                                    ],
                                    "text": "calculated"
                                },
                                "doseQuantity": {
                                    "value": 250,
                                    "unit": "mg",
                                    "system": "http://unitsofmeasure.org",
                                    "code": "mg"
                                }
                            },
                            {
                                "type": {
                                    "coding": [
                                        {
                                            "system": "http://epic.com/CodeSystem/dose-rate-type",
                                            "code": "admin-amount",
                                            "display": "admin-amount"
                                        }
                                    ],
                                    "text": "admin-amount"
                                },
                                "doseQuantity": {
                                    "value": 50,
                                    "unit": "mL",
                                    "system": "http://unitsofmeasure.org",
                                    "code": "mL"
                                }
                            },
                            {
                                "type": {
                                    "coding": [
                                        {
                                            "system": "http://epic.com/CodeSystem/dose-rate-type",
                                            "code": "ordered",
                                            "display": "ordered"
                                        }
                                    ],
                                    "text": "ordered"
                                },
                                "doseQuantity": {
                                    "value": 250,
                                    "unit": "mg",
                                    "system": "http://unitsofmeasure.org",
                                    "code": "mg"
                                }
                            }
                        ]
                    }
                ]
            },
            "search": {
                "mode": "match"
            }
        },
        {
            "link": [
                {
                    "relation": "self",
                    "url": "https://apporchard.epic.com/interconnect-aocurprd-oauth/api/FHIR/R4/MedicationRequest/emL-wnbgBdflszA2JFTJJ5w3"
                }
            ],
            "fullUrl": "https://apporchard.epic.com/interconnect-aocurprd-oauth/api/FHIR/R4/MedicationRequest/emL-wnbgBdflszA2JFTJJ5w3",
            "resource": {
                "resourceType": "MedicationRequest",
                "id": "emL-wnbgBdflszA2JFTJJ5w3",
                "identifier": [
                    {
                        "use": "usual",
                        "system": "urn:oid:1.2.840.114350.1.13.0.1.7.2.798268",
                        "value": "901724"
                    }
                ],
                "status": "on-hold",
                "intent": "plan",
                "category": [
                    {
                        "coding": [
                            {
                                "system": "http://terminology.hl7.org/CodeSystem/medicationrequest-category",
                                "code": "community",
                                "display": "Community"
                            }
                        ],
                        "text": "Community"
                    }
                ],
                "reportedReference": {
                    "display": "Self"
                },
                "medicationReference": {
                    "reference": "Medication/egvqhZBiZcHzB6ds8.PfT3NJ4hYoD2RQ-75PZzBtzmEYdf552Hr.n0giLcJ1f1gil3",
                    "display": "amylase-lipase-protease (LIPRAM-CR10) capsule 33.2-10-37.5 thousand units"
                },
                "subject": {
                    "reference": "Patient/es5fcE7BOw4vxAQu1-Ceysg3",
                    "display": "Infection Control, Scott"
                },
                "encounter": {
                    "reference": "Encounter/ejYyZy.J1uguOo66WFJqOiw3",
                    "display": "Hospital Encounter"
                },
                "authoredOn": "2014-02-05T17:38:55Z",
                "requester": {
                    "extension": [
                        {
                            "valueCode": "unknown",
                            "url": "http://hl7.org/fhir/StructureDefinition/data-absent-reason"
                        }
                    ]
                },
                "recorder": {
                    "reference": "Practitioner/eWi23CFKIZBN49H--0z4GVw3",
                    "type": "Practitioner",
                    "display": "Nurse Inpatient, RN"
                },
                "courseOfTherapyType": {
                    "coding": [
                        {
                            "system": "http://terminology.hl7.org/CodeSystem/medicationrequest-course-of-therapy",
                            "code": "acute",
                            "display": "Short course (acute) therapy"
                        }
                    ],
                    "text": "Short course (acute) therapy"
                },
                "dosageInstruction": [
                    {
                        "text": "Take 1 capsule by mouth 3 (three) times a day with meals Indications: Pancreatic Insufficiency., Historical Med",
                        "patientInstruction": "Take 1 capsule by mouth 3 (three) times a day with meals Indications: Pancreatic Insufficiency.",
                        "timing": {
                            "repeat": {
                                "timeOfDay": [
                                    "08:00:00",
                                    "12:00:00",
                                    "18:00:00"
                                ]
                            },
                            "code": {
                                "text": "0800, 1200, 1800"
                            }
                        },
                        "asNeededBoolean": false,
                        "route": {
                            "coding": [
                                {
                                    "system": "http://snomed.info/sct",
                                    "code": "260548002",
                                    "display": "Oral (qualifier value)"
                                },
                                {
                                    "system": "urn:oid:1.2.840.114350.1.13.0.1.7.4.798268.7025",
                                    "code": "15",
                                    "display": "Oral"
                                }
                            ],
                            "text": "Oral"
                        },
                        "doseAndRate": [
                            {
                                "type": {
                                    "coding": [
                                        {
                                            "system": "http://epic.com/CodeSystem/dose-rate-type",
                                            "code": "ordered",
                                            "display": "ordered"
                                        }
                                    ],
                                    "text": "ordered"
                                },
                                "doseQuantity": {
                                    "value": 1,
                                    "unit": "capsule",
                                    "system": "http://unitsofmeasure.org",
                                    "code": "{capsule}"
                                }
                            }
                        ]
                    }
                ]
            },
            "search": {
                "mode": "match"
            }
        }
    ]
}