{
    "resourceType": "Bundle",
    "type": "searchset",
    "total": 9,
    "link": [
        {
            "relation": "self",
            "url": "https://apporchard.epic.com/interconnect-aocurprd-oauth/api/FHIR/R4/MedicationRequest?_format=json&patient=ekF3qDulsGU2B3YXpuchw4g3"
        }
    ],
    "entry": [
        {
            "link": [
                {
                    "relation": "self",
                    "url": "https://apporchard.epic.com/interconnect-aocurprd-oauth/api/FHIR/R4/MedicationRequest/e5AhTo7W87YxOS0oDjkmlTw3"
                }
            ],
            "fullUrl": "https://apporchard.epic.com/interconnect-aocurprd-oauth/api/FHIR/R4/MedicationRequest/e5AhTo7W87YxOS0oDjkmlTw3",
            "resource": {
                "resourceType": "MedicationRequest",
                "id": "e5AhTo7W87YxOS0oDjkmlTw3",
                "identifier": [
                    {
                        "use": "usual",
                        "system": "urn:oid:1.2.840.114350.1.13.0.1.7.2.798268",
                        "value": "966266"
                    }
                ],
                "status": "completed",
                "intent": "order",
                "category": [
                    {
                        "coding": [
                            {
                                "system": "http://terminology.hl7.org/CodeSystem/medicationrequest-category",
                                "code": "inpatient",
                                "display": "Inpatient"
                            }
                        ],
                        "text": "Inpatient"
                    }
                ],
                "medicationReference": {
                    "reference": "Medication/e0WnJjX1FTNwmfvJ9i724Hu0n9ppGJTLdA8wxK7zj5pns82sCzwR9QEALarAXttaD3",
                    "display": "ceFAZolin (ANCEF) IVPB 1 g in 50 mL (premix)"
                },
                "subject": {
                    "reference": "Patient/ekF3qDulsGU2B3YXpuchw4g3",
                    "display": "Zzipmaster, Joel"
                },
                "encounter": {
                    "reference": "Encounter/ekqlAkoqsaw6kH9uZEUzHnA3",
                    "display": "Hospital Encounter"
                },
                "authoredOn": "2023-04-28T14:57:34Z",
                "requester": {
                    "reference": "Practitioner/eRgcOyrDHZihisGGw-jg1lA3",
                    "type": "Practitioner",
                    "display": "Physician Orthopaedics, MD"
                },
                "recorder": {
                    "reference": "Practitioner/eRgcOyrDHZihisGGw-jg1lA3",
                    "type": "Practitioner",
                    "display": "Physician Orthopaedics, MD"
                },
                "courseOfTherapyType": {
                    "coding": [
                        {
                            "system": "http://terminology.hl7.org/CodeSystem/medicationrequest-course-of-therapy",
                            "code": "acute",
                            "display": "Short course (acute) therapy"
                        }
                    ],
                    "text": "Short course (acute) therapy"
                },
                "dosageInstruction": [
                    {
                        "text": "1 g, Intravenous, at 100 mL/hr, Administer over 30 Minutes, 30 min pre-op, Starting on Fri 4/28/23 at 1000, For 1 dose, Pre-op",
                        "timing": {
                            "repeat": {
                                "boundsPeriod": {
                                    "start": "2023-04-28T14:56:00Z",
                                    "end": "2023-04-28T14:56:00Z"
                                },
                                "count": 1,
                                "duration": 30,
                                "durationUnit": "min"
                            },
                            "code": {
                                "text": "30 minutes pre-op"
                            }
                        },
                        "asNeededBoolean": false,
                        "route": {
                            "coding": [
                                {
                                    "system": "http://snomed.info/sct",
                                    "code": "418114005",
                                    "display": "Intravenous central route (qualifier value)"
                                },
                                {
                                    "system": "urn:oid:1.2.840.114350.1.13.0.1.7.4.798268.7025",
                                    "code": "11",
                                    "display": "Intravenous"
                                }
                            ],
                            "text": "Intravenous"
                        },
                        "doseAndRate": [
                            {
                                "type": {
                                    "coding": [
                                        {
                                            "system": "http://epic.com/CodeSystem/dose-rate-type",
                                            "code": "calculated",
                                            "display": "calculated"
                                        }
                                    ],
                                    "text": "calculated"
                                },
                                "doseQuantity": {
                                    "value": 1,
                                    "unit": "g",
                                    "system": "http://unitsofmeasure.org",
                                    "code": "g"
                                }
                            },
                            {
                                "type": {
                                    "coding": [
                                        {
                                            "system": "http://epic.com/CodeSystem/dose-rate-type",
                                            "code": "admin-amount",
                                            "display": "admin-amount"
                                        }
                                    ],
                                    "text": "admin-amount"
                                },
                                "doseQuantity": {
                                    "value": 50,
                                    "unit": "mL",
                                    "system": "http://unitsofmeasure.org",
                                    "code": "mL"
                                }
                            },
                            {
                                "type": {
                                    "coding": [
                                        {
                                            "system": "http://epic.com/CodeSystem/dose-rate-type",
                                            "code": "ordered",
                                            "display": "ordered"
                                        }
                                    ],
                                    "text": "ordered"
                                },
                                "doseQuantity": {
                                    "value": 1,
                                    "unit": "g",
                                    "system": "http://unitsofmeasure.org",
                                    "code": "g"
                                }
                            }
                        ]
                    }
                ],
                "priorPrescription": {
                    "reference": "MedicationRequest/e17K2-KPGBpKi1linvhHrMQ3",
                    "display": "cefazolin (ANCEF;KEFZOL) IVPB 1 g"
                }
            },
            "search": {
                "mode": "match"
            }
        },
        {
            "link": [
                {
                    "relation": "self",
                    "url": "https://apporchard.epic.com/interconnect-aocurprd-oauth/api/FHIR/R4/MedicationRequest/eEaZRANqYd3Cxjzmk4zvg-A3"
                }
            ],
            "fullUrl": "https://apporchard.epic.com/interconnect-aocurprd-oauth/api/FHIR/R4/MedicationRequest/eEaZRANqYd3Cxjzmk4zvg-A3",
            "resource": {
                "resourceType": "MedicationRequest",
                "id": "eEaZRANqYd3Cxjzmk4zvg-A3",
                "identifier": [
                    {
                        "use": "usual",
                        "system": "urn:oid:1.2.840.114350.1.13.0.1.7.2.798268",
                        "value": "966267"
                    }
                ],
                "status": "active",
                "intent": "order",
                "category": [
                    {
                        "coding": [
                            {
                                "system": "http://terminology.hl7.org/CodeSystem/medicationrequest-category",
                                "code": "inpatient",
                                "display": "Inpatient"
                            }
                        ],
                        "text": "Inpatient"
                    }
                ],
                "medicationReference": {
                    "reference": "Medication/eLSmw4.Hohw6Y.tKyg5VnVX3.h8YX4nO872RqJCUBOt.yYmJR6PrRvzrk-IZt-Jt03",
                    "display": "lactated Ringer's infusion"
                },
                "subject": {
                    "reference": "Patient/ekF3qDulsGU2B3YXpuchw4g3",
                    "display": "Zzipmaster, Joel"
                },
                "encounter": {
                    "reference": "Encounter/ekqlAkoqsaw6kH9uZEUzHnA3",
                    "display": "Hospital Encounter"
                },
                "authoredOn": "2023-04-28T14:57:35Z",
                "requester": {
                    "reference": "Practitioner/eRgcOyrDHZihisGGw-jg1lA3",
                    "type": "Practitioner",
                    "display": "Physician Orthopaedics, MD"
                },
                "recorder": {
                    "reference": "Practitioner/eRgcOyrDHZihisGGw-jg1lA3",
                    "type": "Practitioner",
                    "display": "Physician Orthopaedics, MD"
                },
                "courseOfTherapyType": {
                    "coding": [
                        {
                            "system": "http://terminology.hl7.org/CodeSystem/medicationrequest-course-of-therapy",
                            "code": "acute",
                            "display": "Short course (acute) therapy"
                        }
                    ],
                    "text": "Short course (acute) therapy"
                },
                "dosageInstruction": [
                    {
                        "text": "Intravenous, at 100 mL/hr, Continuous, Starting on Fri 4/28/23 at 1000, Pre-op",
                        "timing": {
                            "repeat": {
                                "boundsPeriod": {
                                    "start": "2023-04-28T15:00:00Z"
                                }
                            },
                            "code": {
                                "text": "Continuous"
                            }
                        },
                        "asNeededBoolean": false,
                        "route": {
                            "coding": [
                                {
                                    "system": "http://snomed.info/sct",
                                    "code": "418114005",
                                    "display": "Intravenous central route (qualifier value)"
                                },
                                {
                                    "system": "urn:oid:1.2.840.114350.1.13.0.1.7.4.798268.7025",
                                    "code": "11",
                                    "display": "Intravenous"
                                }
                            ],
                            "text": "Intravenous"
                        }
                    }
                ],
                "priorPrescription": {
                    "reference": "MedicationRequest/egwKOL9EcTUTCsJQ.-cgF1Q3",
                    "display": "lactated ringers infusion"
                }
            },
            "search": {
                "mode": "match"
            }
        },
        {
            "link": [
                {
                    "relation": "self",
                    "url": "https://apporchard.epic.com/interconnect-aocurprd-oauth/api/FHIR/R4/MedicationRequest/eI80.m8Ramuc5iqb.fF2LWQ3"
                }
            ],
            "fullUrl": "https://apporchard.epic.com/interconnect-aocurprd-oauth/api/FHIR/R4/MedicationRequest/eI80.m8Ramuc5iqb.fF2LWQ3",
            "resource": {
                "resourceType": "MedicationRequest",
                "id": "eI80.m8Ramuc5iqb.fF2LWQ3",
                "identifier": [
                    {
                        "use": "usual",
                        "system": "urn:oid:1.2.840.114350.1.13.0.1.7.2.798268",
                        "value": "966257"
                    }
                ],
                "status": "stopped",
                "intent": "order",
                "category": [
                    {
                        "coding": [
                            {
                                "system": "http://terminology.hl7.org/CodeSystem/medicationrequest-category",
                                "code": "outpatient",
                                "display": "Outpatient"
                            }
                        ],
                        "text": "Outpatient"
                    }
                ],
                "medicationReference": {
                    "reference": "Medication/ez4On6wxGgmigV3BYlhf9H.0PpQSBP6lGySWBEoYs9.wDQt6wvNB-ZCWGiYXzQX8f3",
                    "display": "rocuronium (ZEMURON) 50 mg/5 mL injection"
                },
                "subject": {
                    "reference": "Patient/ekF3qDulsGU2B3YXpuchw4g3",
                    "display": "Zzipmaster, Joel"
                },
                "encounter": {
                    "identifier": {
                        "use": "usual",
                        "system": "urn:oid:1.2.840.114350.1.13.0.1.7.3.698084.8",
                        "value": "20904"
                    },
                    "display": "Anesthesia"
                },
                "authoredOn": "2023-04-28T15:13:52Z",
                "requester": {
                    "reference": "Practitioner/enHmcmrIOygs4mq-t6soebQ3",
                    "type": "Practitioner",
                    "display": "Anesthesiologist Anesthesia, MD"
                },
                "recorder": {
                    "reference": "Practitioner/enHmcmrIOygs4mq-t6soebQ3",
                    "type": "Practitioner",
                    "display": "Anesthesiologist Anesthesia, MD"
                },
                "courseOfTherapyType": {
                    "coding": [
                        {
                            "system": "http://terminology.hl7.org/CodeSystem/medicationrequest-course-of-therapy",
                            "code": "acute",
                            "display": "Short course (acute) therapy"
                        }
                    ],
                    "text": "Short course (acute) therapy"
                },
                "dosageInstruction": [
                    {
                        "text": "As needed, Starting on Fri 4/28/23 at 1000, Anesthesia Intra-op",
                        "timing": {
                            "repeat": {
                                "boundsPeriod": {
                                    "start": "2023-04-28T15:00:00Z",
                                    "end": "2023-04-28T15:31:08Z"
                                },
                                "frequency": 1,
                                "period": 1,
                                "periodUnit": "d"
                            },
                            "code": {
                                "text": "As needed"
                            }
                        },
                        "asNeededBoolean": true
                    }
                ]
            },
            "search": {
                "mode": "match"
            }
        },
        {
            "link": [
                {
                    "relation": "self",
                    "url": "https://apporchard.epic.com/interconnect-aocurprd-oauth/api/FHIR/R4/MedicationRequest/eIBJOG-Vuzmja8YRWLEi49g3"
                }
            ],
            "fullUrl": "https://apporchard.epic.com/interconnect-aocurprd-oauth/api/FHIR/R4/MedicationRequest/eIBJOG-Vuzmja8YRWLEi49g3",
            "resource": {
                "resourceType": "MedicationRequest",
                "id": "eIBJOG-Vuzmja8YRWLEi49g3",
                "identifier": [
                    {
                        "use": "usual",
                        "system": "urn:oid:1.2.840.114350.1.13.0.1.7.2.798268",
                        "value": "966255"
                    }
                ],
                "status": "stopped",
                "intent": "order",
                "category": [
                    {
                        "coding": [
                            {
                                "system": "http://terminology.hl7.org/CodeSystem/medicationrequest-category",
                                "code": "outpatient",
                                "display": "Outpatient"
                            }
                        ],
                        "text": "Outpatient"
                    }
                ],
                "medicationReference": {
                    "reference": "Medication/e.IZlEDKZ-g4tmlTgs2a0WBw31DSX2f.KTJmyEMtQcwla7GyHYwSoVUEb0RIJPvFJ3",
                    "display": "fentaNYL (SUBLIMAZE) injection"
                },
                "subject": {
                    "reference": "Patient/ekF3qDulsGU2B3YXpuchw4g3",
                    "display": "Zzipmaster, Joel"
                },
                "encounter": {
                    "identifier": {
                        "use": "usual",
                        "system": "urn:oid:1.2.840.114350.1.13.0.1.7.3.698084.8",
                        "value": "20904"
                    },
                    "display": "Anesthesia"
                },
                "authoredOn": "2023-04-28T15:13:47Z",
                "requester": {
                    "reference": "Practitioner/enHmcmrIOygs4mq-t6soebQ3",
                    "type": "Practitioner",
                    "display": "Anesthesiologist Anesthesia, MD"
                },
                "recorder": {
                    "reference": "Practitioner/enHmcmrIOygs4mq-t6soebQ3",
                    "type": "Practitioner",
                    "display": "Anesthesiologist Anesthesia, MD"
                },
                "courseOfTherapyType": {
                    "coding": [
                        {
                            "system": "http://terminology.hl7.org/CodeSystem/medicationrequest-course-of-therapy",
                            "code": "acute",
                            "display": "Short course (acute) therapy"
                        }
                    ],
                    "text": "Short course (acute) therapy"
                },
                "dosageInstruction": [
                    {
                        "text": "As needed, pain, Starting on Fri 4/28/23 at 1000, Anesthesia Intra-op",
                        "timing": {
                            "repeat": {
                                "boundsPeriod": {
                                    "start": "2023-04-28T15:00:00Z",
                                    "end": "2023-04-28T15:31:08Z"
                                },
                                "frequency": 1,
                                "period": 1,
                                "periodUnit": "d"
                            },
                            "code": {
                                "text": "As needed"
                            }
                        },
                        "asNeededBoolean": true
                    }
                ]
            },
            "search": {
                "mode": "match"
            }
        },
        {
            "link": [
                {
                    "relation": "self",
                    "url": "https://apporchard.epic.com/interconnect-aocurprd-oauth/api/FHIR/R4/MedicationRequest/eS24mOmACPJcKIrJcPDPkSQ3"
                }
            ],
            "fullUrl": "https://apporchard.epic.com/interconnect-aocurprd-oauth/api/FHIR/R4/MedicationRequest/eS24mOmACPJcKIrJcPDPkSQ3",
            "resource": {
                "resourceType": "MedicationRequest",
                "id": "eS24mOmACPJcKIrJcPDPkSQ3",
                "identifier": [
                    {
                        "use": "usual",
                        "system": "urn:oid:1.2.840.114350.1.13.0.1.7.2.798268",
                        "value": "966293"
                    }
                ],
                "status": "active",
                "intent": "order",
                "category": [
                    {
                        "coding": [
                            {
                                "system": "http://terminology.hl7.org/CodeSystem/medicationrequest-category",
                                "code": "community",
                                "display": "Community"
                            }
                        ],
                        "text": "Community"
                    }
                ],
                "medicationReference": {
                    "reference": "Medication/ejYtH3fP-cqGU5z7LuVJJiYrbWqxtgm07Uyu13t9n5bCP72ZJb2.hgqcnllaR0y3s3",
                    "display": "traMADol-acetaminophen (ULTRACET) tablet 37.5-325 mg"
                },
                "subject": {
                    "reference": "Patient/ekF3qDulsGU2B3YXpuchw4g3",
                    "display": "Zzipmaster, Joel"
                },
                "encounter": {
                    "identifier": {
                        "use": "usual",
                        "system": "urn:oid:1.2.840.114350.1.13.0.1.7.3.698084.8",
                        "value": "20910"
                    }
                },
                "authoredOn": "2023-04-28",
                "requester": {
                    "reference": "Practitioner/eRgcOyrDHZihisGGw-jg1lA3",
                    "type": "Practitioner",
                    "display": "Physician Orthopaedics, MD"
                },
                "recorder": {
                    "reference": "Practitioner/eRgcOyrDHZihisGGw-jg1lA3",
                    "type": "Practitioner",
                    "display": "Physician Orthopaedics, MD"
                },
                "courseOfTherapyType": {
                    "coding": [
                        {
                            "system": "http://terminology.hl7.org/CodeSystem/medicationrequest-course-of-therapy",
                            "code": "acute",
                            "display": "Short course (acute) therapy"
                        }
                    ],
                    "text": "Short course (acute) therapy"
                },
                "dosageInstruction": [
                    {
                        "text": "Take 1 tablet by mouth every 8 hours as needed for pain. Max Daily Amount: 3 tablets, Starting Fri 4/28/2023, Until Mon 5/8/2023 at 2359, Normal",
                        "patientInstruction": "Take 1 tablet by mouth every 8 hours as needed for pain. Max Daily Amount: 3 tablets",
                        "timing": {
                            "repeat": {
                                "boundsPeriod": {
                                    "start": "2023-04-28"
                                },
                                "frequency": 1,
                                "period": 8,
                                "periodUnit": "h"
                            },
                            "code": {
                                "text": "Every 8 hours as needed"
                            }
                        },
                        "asNeededBoolean": true,
                        "route": {
                            "coding": [
                                {
                                    "system": "http://snomed.info/sct",
                                    "code": "260548002",
                                    "display": "Oral (qualifier value)"
                                },
                                {
                                    "system": "urn:oid:1.2.840.114350.1.13.0.1.7.4.798268.7025",
                                    "code": "15",
                                    "display": "Oral"
                                }
                            ],
                            "text": "Oral"
                        },
                        "doseAndRate": [
                            {
                                "type": {
                                    "coding": [
                                        {
                                            "system": "http://epic.com/CodeSystem/dose-rate-type",
                                            "code": "calculated",
                                            "display": "calculated"
                                        }
                                    ],
                                    "text": "calculated"
                                },
                                "doseQuantity": {
                                    "value": 1,
                                    "unit": "tablet",
                                    "system": "http://unitsofmeasure.org",
                                    "code": "{tbl}"
                                }
                            },
                            {
                                "type": {
                                    "coding": [
                                        {
                                            "system": "http://epic.com/CodeSystem/dose-rate-type",
                                            "code": "admin-amount",
                                            "display": "admin-amount"
                                        }
                                    ],
                                    "text": "admin-amount"
                                },
                                "doseQuantity": {
                                    "value": 1,
                                    "unit": "tablet",
                                    "system": "http://unitsofmeasure.org",
                                    "code": "{tbl}"
                                }
                            },
                            {
                                "type": {
                                    "coding": [
                                        {
                                            "system": "http://epic.com/CodeSystem/dose-rate-type",
                                            "code": "ordered",
                                            "display": "ordered"
                                        }
                                    ],
                                    "text": "ordered"
                                },
                                "doseQuantity": {
                                    "value": 1,
                                    "unit": "tablet",
                                    "system": "http://unitsofmeasure.org",
                                    "code": "{tbl}"
                                }
                            }
                        ],
                        "maxDosePerPeriod": {
                            "numerator": {
                                "value": 3,
                                "unit": "tablet",
                                "system": "http://unitsofmeasure.org",
                                "code": "{tbl}"
                            },
                            "denominator": {
                                "value": 1,
                                "unit": "day",
                                "system": "http://unitsofmeasure.org",
                                "code": "d"
                            }
                        }
                    }
                ],
                "dispenseRequest": {
                    "validityPeriod": {
                        "start": "2023-04-28"
                    },
                    "numberOfRepeatsAllowed": 0,
                    "quantity": {
                        "value": 30,
                        "unit": "tablet"
                    },
                    "expectedSupplyDuration": {
                        "value": 10,
                        "unit": "Day",
                        "system": "http://unitsofmeasure.org",
                        "code": "d"
                    }
                }
            },
            "search": {
                "mode": "match"
            }
        },
        {
            "link": [
                {
                    "relation": "self",
                    "url": "https://apporchard.epic.com/interconnect-aocurprd-oauth/api/FHIR/R4/MedicationRequest/eSZLZA4HYJi7ZMvadlQZa.w3"
                }
            ],
            "fullUrl": "https://apporchard.epic.com/interconnect-aocurprd-oauth/api/FHIR/R4/MedicationRequest/eSZLZA4HYJi7ZMvadlQZa.w3",
            "resource": {
                "resourceType": "MedicationRequest",
                "id": "eSZLZA4HYJi7ZMvadlQZa.w3",
                "identifier": [
                    {
                        "use": "usual",
                        "system": "urn:oid:1.2.840.114350.1.13.0.1.7.2.798268",
                        "value": "966258"
                    }
                ],
                "status": "stopped",
                "intent": "order",
                "category": [
                    {
                        "coding": [
                            {
                                "system": "http://terminology.hl7.org/CodeSystem/medicationrequest-category",
                                "code": "outpatient",
                                "display": "Outpatient"
                            }
                        ],
                        "text": "Outpatient"
                    }
                ],
                "medicationReference": {
                    "reference": "Medication/erPDTHR6K2WA2zNgYrjQmN8lMNSC3JgGZP0Gd1h.CvXrSeEnlS5SmsqfJkmWg-B4t3",
                    "display": "ondansetron (ZOFRAN) 2 mg/mL injection"
                },
                "subject": {
                    "reference": "Patient/ekF3qDulsGU2B3YXpuchw4g3",
                    "display": "Zzipmaster, Joel"
                },
                "encounter": {
                    "identifier": {
                        "use": "usual",
                        "system": "urn:oid:1.2.840.114350.1.13.0.1.7.3.698084.8",
                        "value": "20904"
                    },
                    "display": "Anesthesia"
                },
                "authoredOn": "2023-04-28T15:14:05Z",
                "requester": {
                    "reference": "Practitioner/enHmcmrIOygs4mq-t6soebQ3",
                    "type": "Practitioner",
                    "display": "Anesthesiologist Anesthesia, MD"
                },
                "recorder": {
                    "reference": "Practitioner/enHmcmrIOygs4mq-t6soebQ3",
                    "type": "Practitioner",
                    "display": "Anesthesiologist Anesthesia, MD"
                },
                "courseOfTherapyType": {
                    "coding": [
                        {
                            "system": "http://terminology.hl7.org/CodeSystem/medicationrequest-course-of-therapy",
                            "code": "acute",
                            "display": "Short course (acute) therapy"
                        }
                    ],
                    "text": "Short course (acute) therapy"
                },
                "dosageInstruction": [
                    {
                        "text": "As needed, nausea, Starting on Fri 4/28/23 at 1010, Anesthesia Intra-op",
                        "timing": {
                            "repeat": {
                                "boundsPeriod": {
                                    "start": "2023-04-28T15:10:00Z",
                                    "end": "2023-04-28T15:31:08Z"
                                },
                                "frequency": 1,
                                "period": 1,
                                "periodUnit": "d"
                            },
                            "code": {
                                "text": "As needed"
                            }
                        },
                        "asNeededBoolean": true
                    }
                ]
            },
            "search": {
                "mode": "match"
            }
        },
        {
            "link": [
                {
                    "relation": "self",
                    "url": "https://apporchard.epic.com/interconnect-aocurprd-oauth/api/FHIR/R4/MedicationRequest/eu32QNp43NikvIMAkvNhCmw3"
                }
            ],
            "fullUrl": "https://apporchard.epic.com/interconnect-aocurprd-oauth/api/FHIR/R4/MedicationRequest/eu32QNp43NikvIMAkvNhCmw3",
            "resource": {
                "resourceType": "MedicationRequest",
                "id": "eu32QNp43NikvIMAkvNhCmw3",
                "identifier": [
                    {
                        "use": "usual",
                        "system": "urn:oid:1.2.840.114350.1.13.0.1.7.2.798268",
                        "value": "966296"
                    }
                ],
                "status": "active",
                "intent": "order",
                "category": [
                    {
                        "coding": [
                            {
                                "system": "http://terminology.hl7.org/CodeSystem/medicationrequest-category",
                                "code": "community",
                                "display": "Community"
                            }
                        ],
                        "text": "Community"
                    }
                ],
                "medicationReference": {
                    "reference": "Medication/esOxuKdvQ1vK9pe8pfZzgTFH1nrDrAlIyoFs4Il3oGFQMbZ4ADK6uQxi6tfNjsEfR3",
                    "display": "simvastatin (ZOCOR) tablet"
                },
                "subject": {
                    "reference": "Patient/ekF3qDulsGU2B3YXpuchw4g3",
                    "display": "Zzipmaster, Joel"
                },
                "encounter": {
                    "identifier": {
                        "use": "usual",
                        "system": "urn:oid:1.2.840.114350.1.13.0.1.7.3.698084.8",
                        "value": "20911"
                    },
                    "display": "Office Visit"
                },
                "authoredOn": "2023-04-28",
                "requester": {
                    "reference": "Practitioner/eM5CWtq15N0WJeuCet5bJlQ3",
                    "type": "Practitioner",
                    "display": "Physician Family Medicine, MD"
                },
                "recorder": {
                    "reference": "Practitioner/eFDLlPwY9Zi.6EHce8wkRmA3",
                    "type": "Practitioner",
                    "display": "Outpatient Physician Family Medicine, MD"
                },
                "courseOfTherapyType": {
                    "coding": [
                        {
                            "system": "http://terminology.hl7.org/CodeSystem/medicationrequest-course-of-therapy",
                            "code": "continuous",
                            "display": "Continuous long term therapy"
                        }
                    ],
                    "text": "Continuous long term therapy"
                },
                "dosageInstruction": [
                    {
                        "text": "Take 1 tablet (10 mg total) by mouth nightly., Starting Fri 4/28/2023, Until Sat 4/27/2024, Normal",
                        "patientInstruction": "Take 1 tablet (10 mg total) by mouth nightly.",
                        "timing": {
                            "repeat": {
                                "boundsPeriod": {
                                    "start": "2023-04-28"
                                },
                                "count": 365,
                                "timeOfDay": [
                                    "21:00:00"
                                ]
                            },
                            "code": {
                                "text": "Every night at 2100"
                            }
                        },
                        "asNeededBoolean": false,
                        "route": {
                            "coding": [
                                {
                                    "system": "http://snomed.info/sct",
                                    "code": "260548002",
                                    "display": "Oral (qualifier value)"
                                },
                                {
                                    "system": "urn:oid:1.2.840.114350.1.13.0.1.7.4.798268.7025",
                                    "code": "15",
                                    "display": "Oral"
                                }
                            ],
                            "text": "Oral"
                        },
                        "doseAndRate": [
                            {
                                "type": {
                                    "coding": [
                                        {
                                            "system": "http://epic.com/CodeSystem/dose-rate-type",
                                            "code": "calculated",
                                            "display": "calculated"
                                        }
                                    ],
                                    "text": "calculated"
                                },
                                "doseQuantity": {
                                    "value": 10,
                                    "unit": "mg",
                                    "system": "http://unitsofmeasure.org",
                                    "code": "mg"
                                }
                            },
                            {
                                "type": {
                                    "coding": [
                                        {
                                            "system": "http://epic.com/CodeSystem/dose-rate-type",
                                            "code": "admin-amount",
                                            "display": "admin-amount"
                                        }
                                    ],
                                    "text": "admin-amount"
                                },
                                "doseQuantity": {
                                    "value": 1,
                                    "unit": "tablet",
                                    "system": "http://unitsofmeasure.org",
                                    "code": "{tbl}"
                                }
                            },
                            {
                                "type": {
                                    "coding": [
                                        {
                                            "system": "http://epic.com/CodeSystem/dose-rate-type",
                                            "code": "ordered",
                                            "display": "ordered"
                                        }
                                    ],
                                    "text": "ordered"
                                },
                                "doseQuantity": {
                                    "value": 10,
                                    "unit": "mg",
                                    "system": "http://unitsofmeasure.org",
                                    "code": "mg"
                                }
                            }
                        ]
                    }
                ],
                "dispenseRequest": {
                    "validityPeriod": {
                        "start": "2023-04-28"
                    },
                    "numberOfRepeatsAllowed": 11,
                    "quantity": {
                        "value": 30,
                        "unit": "tablet"
                    },
                    "expectedSupplyDuration": {
                        "value": 30,
                        "unit": "Day",
                        "system": "http://unitsofmeasure.org",
                        "code": "d"
                    }
                }
            },
            "search": {
                "mode": "match"
            }
        },
        {
            "link": [
                {
                    "relation": "self",
                    "url": "https://apporchard.epic.com/interconnect-aocurprd-oauth/api/FHIR/R4/MedicationRequest/exnJhL.oBDy8F2l2qTYXfQA3"
                }
            ],
            "fullUrl": "https://apporchard.epic.com/interconnect-aocurprd-oauth/api/FHIR/R4/MedicationRequest/exnJhL.oBDy8F2l2qTYXfQA3",
            "resource": {
                "resourceType": "MedicationRequest",
                "id": "exnJhL.oBDy8F2l2qTYXfQA3",
                "identifier": [
                    {
                        "use": "usual",
                        "system": "urn:oid:1.2.840.114350.1.13.0.1.7.2.798268",
                        "value": "966297"
                    }
                ],
                "status": "active",
                "intent": "order",
                "category": [
                    {
                        "coding": [
                            {
                                "system": "http://terminology.hl7.org/CodeSystem/medicationrequest-category",
                                "code": "community",
                                "display": "Community"
                            }
                        ],
                        "text": "Community"
                    }
                ],
                "medicationReference": {
                    "reference": "Medication/ecv5X3yCoGkbdsYR-s.3fBaP5mocSLi3mflIvhZpwurwfmsJvO.jhblCug3-0vhbL3",
                    "display": "omeprazole (PriLOSEC OTC) EC tablet 20 mg"
                },
                "subject": {
                    "reference": "Patient/ekF3qDulsGU2B3YXpuchw4g3",
                    "display": "Zzipmaster, Joel"
                },
                "encounter": {
                    "identifier": {
                        "use": "usual",
                        "system": "urn:oid:1.2.840.114350.1.13.0.1.7.3.698084.8",
                        "value": "20911"
                    },
                    "display": "Office Visit"
                },
                "authoredOn": "2023-04-28",
                "requester": {
                    "reference": "Practitioner/eM5CWtq15N0WJeuCet5bJlQ3",
                    "type": "Practitioner",
                    "display": "Physician Family Medicine, MD"
                },
                "recorder": {
                    "reference": "Practitioner/eFDLlPwY9Zi.6EHce8wkRmA3",
                    "type": "Practitioner",
                    "display": "Outpatient Physician Family Medicine, MD"
                },
                "courseOfTherapyType": {
                    "coding": [
                        {
                            "system": "http://terminology.hl7.org/CodeSystem/medicationrequest-course-of-therapy",
                            "code": "continuous",
                            "display": "Continuous long term therapy"
                        }
                    ],
                    "text": "Continuous long term therapy"
                },
                "dosageInstruction": [
                    {
                        "text": "Take 1 tablet (20 mg total) by mouth daily., Starting Fri 4/28/2023, Until Sat 4/27/2024, Normal",
                        "patientInstruction": "Take 1 tablet (20 mg total) by mouth daily.",
                        "timing": {
                            "repeat": {
                                "boundsPeriod": {
                                    "start": "2023-04-28"
                                },
                                "count": 365,
                                "timeOfDay": [
                                    "09:00:00"
                                ]
                            },
                            "code": {
                                "text": "0900"
                            }
                        },
                        "asNeededBoolean": false,
                        "route": {
                            "coding": [
                                {
                                    "system": "http://snomed.info/sct",
                                    "code": "260548002",
                                    "display": "Oral (qualifier value)"
                                },
                                {
                                    "system": "urn:oid:1.2.840.114350.1.13.0.1.7.4.798268.7025",
                                    "code": "15",
                                    "display": "Oral"
                                }
                            ],
                            "text": "Oral"
                        },
                        "doseAndRate": [
                            {
                                "type": {
                                    "coding": [
                                        {
                                            "system": "http://epic.com/CodeSystem/dose-rate-type",
                                            "code": "calculated",
                                            "display": "calculated"
                                        }
                                    ],
                                    "text": "calculated"
                                },
                                "doseQuantity": {
                                    "value": 20,
                                    "unit": "mg",
                                    "system": "http://unitsofmeasure.org",
                                    "code": "mg"
                                }
                            },
                            {
                                "type": {
                                    "coding": [
                                        {
                                            "system": "http://epic.com/CodeSystem/dose-rate-type",
                                            "code": "admin-amount",
                                            "display": "admin-amount"
                                        }
                                    ],
                                    "text": "admin-amount"
                                },
                                "doseQuantity": {
                                    "value": 1,
                                    "unit": "tablet",
                                    "system": "http://unitsofmeasure.org",
                                    "code": "{tbl}"
                                }
                            },
                            {
                                "type": {
                                    "coding": [
                                        {
                                            "system": "http://epic.com/CodeSystem/dose-rate-type",
                                            "code": "ordered",
                                            "display": "ordered"
                                        }
                                    ],
                                    "text": "ordered"
                                },
                                "doseQuantity": {
                                    "value": 20,
                                    "unit": "mg",
                                    "system": "http://unitsofmeasure.org",
                                    "code": "mg"
                                }
                            }
                        ]
                    }
                ],
                "dispenseRequest": {
                    "validityPeriod": {
                        "start": "2023-04-28"
                    },
                    "numberOfRepeatsAllowed": 11,
                    "quantity": {
                        "value": 30,
                        "unit": "tablet"
                    },
                    "expectedSupplyDuration": {
                        "value": 30,
                        "unit": "Day",
                        "system": "http://unitsofmeasure.org",
                        "code": "d"
                    }
                }
            },
            "search": {
                "mode": "match"
            }
        },
        {
            "link": [
                {
                    "relation": "self",
                    "url": "https://apporchard.epic.com/interconnect-aocurprd-oauth/api/FHIR/R4/MedicationRequest/ezsNlQ4fQ5goVUNcKXdX.dA3"
                }
            ],
            "fullUrl": "https://apporchard.epic.com/interconnect-aocurprd-oauth/api/FHIR/R4/MedicationRequest/ezsNlQ4fQ5goVUNcKXdX.dA3",
            "resource": {
                "resourceType": "MedicationRequest",
                "id": "ezsNlQ4fQ5goVUNcKXdX.dA3",
                "identifier": [
                    {
                        "use": "usual",
                        "system": "urn:oid:1.2.840.114350.1.13.0.1.7.2.798268",
                        "value": "966256"
                    }
                ],
                "status": "stopped",
                "intent": "order",
                "category": [
                    {
                        "coding": [
                            {
                                "system": "http://terminology.hl7.org/CodeSystem/medicationrequest-category",
                                "code": "outpatient",
                                "display": "Outpatient"
                            }
                        ],
                        "text": "Outpatient"
                    }
                ],
                "medicationReference": {
                    "reference": "Medication/e1y685WQAPQuZfcPr2gVVa-M7TdNv12Wj19kmUQHwZamAcaCpEGu8s48Zp8GLDKsI3",
                    "display": "propofol (DIPRIVAN) injection 10 mg/mL"
                },
                "subject": {
                    "reference": "Patient/ekF3qDulsGU2B3YXpuchw4g3",
                    "display": "Zzipmaster, Joel"
                },
                "encounter": {
                    "identifier": {
                        "use": "usual",
                        "system": "urn:oid:1.2.840.114350.1.13.0.1.7.3.698084.8",
                        "value": "20904"
                    },
                    "display": "Anesthesia"
                },
                "authoredOn": "2023-04-28T15:13:50Z",
                "requester": {
                    "reference": "Practitioner/enHmcmrIOygs4mq-t6soebQ3",
                    "type": "Practitioner",
                    "display": "Anesthesiologist Anesthesia, MD"
                },
                "recorder": {
                    "reference": "Practitioner/enHmcmrIOygs4mq-t6soebQ3",
                    "type": "Practitioner",
                    "display": "Anesthesiologist Anesthesia, MD"
                },
                "courseOfTherapyType": {
                    "coding": [
                        {
                            "system": "http://terminology.hl7.org/CodeSystem/medicationrequest-course-of-therapy",
                            "code": "acute",
                            "display": "Short course (acute) therapy"
                        }
                    ],
                    "text": "Short course (acute) therapy"
                },
                "dosageInstruction": [
                    {
                        "text": "As needed, Starting on Fri 4/28/23 at 1000, Anesthesia Intra-op",
                        "timing": {
                            "repeat": {
                                "boundsPeriod": {
                                    "start": "2023-04-28T15:00:00Z",
                                    "end": "2023-04-28T15:31:08Z"
                                },
                                "frequency": 1,
                                "period": 1,
                                "periodUnit": "d"
                            },
                            "code": {
                                "text": "As needed"
                            }
                        },
                        "asNeededBoolean": true
                    }
                ]
            },
            "search": {
                "mode": "match"
            }
        }
    ]
}