{
    "resourceType": "Bundle",
    "type": "searchset",
    "total": 6,
    "link": [
        {
            "relation": "self",
            "url": "https://apporchard.epic.com/interconnect-aocurprd-oauth/api/FHIR/R4/MedicationRequest?_format=json&patient=eKAI-Yb7lpiVYR057xSgAMw3"
        }
    ],
    "entry": [
        {
            "link": [
                {
                    "relation": "self",
                    "url": "https://apporchard.epic.com/interconnect-aocurprd-oauth/api/FHIR/R4/MedicationRequest/e0viKRXH7YxLTMpzK3i3vcg3"
                }
            ],
            "fullUrl": "https://apporchard.epic.com/interconnect-aocurprd-oauth/api/FHIR/R4/MedicationRequest/e0viKRXH7YxLTMpzK3i3vcg3",
            "resource": {
                "resourceType": "MedicationRequest",
                "id": "e0viKRXH7YxLTMpzK3i3vcg3",
                "identifier": [
                    {
                        "use": "usual",
                        "system": "urn:oid:1.2.840.114350.1.13.0.1.7.2.798268",
                        "value": "838069"
                    }
                ],
                "status": "stopped",
                "intent": "order",
                "category": [
                    {
                        "coding": [
                            {
                                "system": "http://terminology.hl7.org/CodeSystem/medicationrequest-category",
                                "code": "inpatient",
                                "display": "Inpatient"
                            }
                        ],
                        "text": "Inpatient"
                    }
                ],
                "medicationReference": {
                    "reference": "Medication/eqqOnYRQjKbdm4rltcYFMpTZwbTlxsD6Q1tA5PwMRJRhtDhaBNfXbFGQuLIDE88cD3",
                    "display": "ceFAZolin (ANCEF) IVPB 1 g in 50 mL (premix)"
                },
                "subject": {
                    "reference": "Patient/eKAI-Yb7lpiVYR057xSgAMw3",
                    "display": "Him, Susie"
                },
                "encounter": {
                    "reference": "Encounter/eGijvXTpqMJTQzALio-sf5g3",
                    "display": "Emergency"
                },
                "authoredOn": "2013-10-18T01:07:28Z",
                "requester": {
                    "reference": "Practitioner/eOyFJ.PiGBcbhr3T1oyJZ1A3",
                    "type": "Practitioner",
                    "display": "Physician Surgery, MD"
                },
                "recorder": {
                    "reference": "Practitioner/eUHWM5R81nV4SlA71j3Y7rA3",
                    "type": "Practitioner",
                    "display": "Circ Nurse Optime, RN"
                },
                "courseOfTherapyType": {
                    "coding": [
                        {
                            "system": "http://terminology.hl7.org/CodeSystem/medicationrequest-course-of-therapy",
                            "code": "acute",
                            "display": "Short course (acute) therapy"
                        }
                    ],
                    "text": "Short course (acute) therapy"
                },
                "dosageInstruction": [
                    {
                        "text": "for 30 Minutes, As needed, Starting Thu 10/17/13 at 2007, Intra-op",
                        "timing": {
                            "repeat": {
                                "boundsPeriod": {
                                    "start": "2013-10-18T01:07:00Z",
                                    "end": "2013-10-18T01:08:00Z"
                                },
                                "duration": 30,
                                "durationUnit": "min",
                                "frequency": 1,
                                "period": 1,
                                "periodUnit": "d"
                            },
                            "code": {
                                "text": "As needed"
                            }
                        },
                        "asNeededBoolean": true
                    }
                ]
            },
            "search": {
                "mode": "match"
            }
        },
        {
            "link": [
                {
                    "relation": "self",
                    "url": "https://apporchard.epic.com/interconnect-aocurprd-oauth/api/FHIR/R4/MedicationRequest/e5Sw5uPcMX4UbnZ0a-DNuTA3"
                }
            ],
            "fullUrl": "https://apporchard.epic.com/interconnect-aocurprd-oauth/api/FHIR/R4/MedicationRequest/e5Sw5uPcMX4UbnZ0a-DNuTA3",
            "resource": {
                "resourceType": "MedicationRequest",
                "id": "e5Sw5uPcMX4UbnZ0a-DNuTA3",
                "identifier": [
                    {
                        "use": "usual",
                        "system": "urn:oid:1.2.840.114350.1.13.0.1.7.2.798268",
                        "value": "838070"
                    }
                ],
                "status": "stopped",
                "intent": "order",
                "category": [
                    {
                        "coding": [
                            {
                                "system": "http://terminology.hl7.org/CodeSystem/medicationrequest-category",
                                "code": "inpatient",
                                "display": "Inpatient"
                            }
                        ],
                        "text": "Inpatient"
                    }
                ],
                "medicationReference": {
                    "reference": "Medication/eKRcRoWTOQMN3JJ-JRKRMe2hj6.urj9ssdTjQ4dFyzMa11lvrJmG-m12oTDGMjaV33",
                    "display": "oxyCODONE-acetaminophen (PERCOCET) tablet 10-325 mg"
                },
                "subject": {
                    "reference": "Patient/eKAI-Yb7lpiVYR057xSgAMw3",
                    "display": "Him, Susie"
                },
                "encounter": {
                    "reference": "Encounter/eGijvXTpqMJTQzALio-sf5g3",
                    "display": "Emergency"
                },
                "authoredOn": "2013-10-18T01:49:37Z",
                "requester": {
                    "reference": "Practitioner/eOyFJ.PiGBcbhr3T1oyJZ1A3",
                    "type": "Practitioner",
                    "display": "Physician Surgery, MD"
                },
                "recorder": {
                    "reference": "Practitioner/eOyFJ.PiGBcbhr3T1oyJZ1A3",
                    "type": "Practitioner",
                    "display": "Physician Surgery, MD"
                },
                "courseOfTherapyType": {
                    "coding": [
                        {
                            "system": "http://terminology.hl7.org/CodeSystem/medicationrequest-course-of-therapy",
                            "code": "acute",
                            "display": "Short course (acute) therapy"
                        }
                    ],
                    "text": "Short course (acute) therapy"
                },
                "dosageInstruction": [
                    {
                        "text": "1 tablet, Oral, Every 4 hours PRN, moderate pain, Starting Thu 10/17/13 at 2048",
                        "timing": {
                            "repeat": {
                                "boundsPeriod": {
                                    "start": "2013-10-18T01:48:54Z",
                                    "end": "2013-10-18T04:01:07Z"
                                },
                                "frequency": 1,
                                "period": 4,
                                "periodUnit": "h"
                            },
                            "code": {
                                "text": "Every 4 (four) hours as needed"
                            }
                        },
                        "asNeededBoolean": true,
                        "route": {
                            "coding": [
                                {
                                    "system": "http://snomed.info/sct",
                                    "code": "260548002",
                                    "display": "Oral (qualifier value)"
                                },
                                {
                                    "system": "urn:oid:1.2.840.114350.1.13.0.1.7.4.798268.7025",
                                    "code": "15",
                                    "display": "Oral"
                                }
                            ],
                            "text": "Oral"
                        },
                        "doseAndRate": [
                            {
                                "type": {
                                    "coding": [
                                        {
                                            "system": "http://epic.com/CodeSystem/dose-rate-type",
                                            "code": "calculated",
                                            "display": "calculated"
                                        }
                                    ],
                                    "text": "calculated"
                                },
                                "doseQuantity": {
                                    "value": 1,
                                    "unit": "tablet",
                                    "system": "http://unitsofmeasure.org",
                                    "code": "{tbl}"
                                }
                            },
                            {
                                "type": {
                                    "coding": [
                                        {
                                            "system": "http://epic.com/CodeSystem/dose-rate-type",
                                            "code": "admin-amount",
                                            "display": "admin-amount"
                                        }
                                    ],
                                    "text": "admin-amount"
                                },
                                "doseQuantity": {
                                    "value": 1,
                                    "unit": "tablet",
                                    "system": "http://unitsofmeasure.org",
                                    "code": "{tbl}"
                                }
                            },
                            {
                                "type": {
                                    "coding": [
                                        {
                                            "system": "http://epic.com/CodeSystem/dose-rate-type",
                                            "code": "ordered",
                                            "display": "ordered"
                                        }
                                    ],
                                    "text": "ordered"
                                },
                                "doseQuantity": {
                                    "value": 1,
                                    "unit": "tablet",
                                    "system": "http://unitsofmeasure.org",
                                    "code": "{tbl}"
                                }
                            }
                        ]
                    }
                ]
            },
            "search": {
                "mode": "match"
            }
        },
        {
            "link": [
                {
                    "relation": "self",
                    "url": "https://apporchard.epic.com/interconnect-aocurprd-oauth/api/FHIR/R4/MedicationRequest/e8jJEpRw9rEkfesnwog57Kw3"
                }
            ],
            "fullUrl": "https://apporchard.epic.com/interconnect-aocurprd-oauth/api/FHIR/R4/MedicationRequest/e8jJEpRw9rEkfesnwog57Kw3",
            "resource": {
                "resourceType": "MedicationRequest",
                "id": "e8jJEpRw9rEkfesnwog57Kw3",
                "identifier": [
                    {
                        "use": "usual",
                        "system": "urn:oid:1.2.840.114350.1.13.0.1.7.2.798268",
                        "value": "838054"
                    }
                ],
                "status": "stopped",
                "intent": "order",
                "category": [
                    {
                        "coding": [
                            {
                                "system": "http://terminology.hl7.org/CodeSystem/medicationrequest-category",
                                "code": "inpatient",
                                "display": "Inpatient"
                            }
                        ],
                        "text": "Inpatient"
                    }
                ],
                "medicationReference": {
                    "reference": "Medication/ecmMZKJYWESfJPUxogK5sScm9myK8f5AxIGzLSBrCkXWO1hwT0F-F9skncjtWcGqT3",
                    "display": "acetaminophen (TYLENOL) suspension 80mg/0.8mL"
                },
                "subject": {
                    "reference": "Patient/eKAI-Yb7lpiVYR057xSgAMw3",
                    "display": "Him, Susie"
                },
                "encounter": {
                    "reference": "Encounter/eGijvXTpqMJTQzALio-sf5g3",
                    "display": "Emergency"
                },
                "authoredOn": "2013-10-17T23:37:32Z",
                "requester": {
                    "reference": "Practitioner/e8bM9BibcJ25SLe6lJi5i9Q3",
                    "type": "Practitioner",
                    "display": "Attending Physician Emergency, MD"
                },
                "recorder": {
                    "reference": "Practitioner/eclOxH-V7wEfUNGp5Nos9xw3",
                    "type": "Practitioner",
                    "display": "Nurse Epic Emergency, RN"
                },
                "courseOfTherapyType": {
                    "coding": [
                        {
                            "system": "http://terminology.hl7.org/CodeSystem/medicationrequest-course-of-therapy",
                            "code": "acute",
                            "display": "Short course (acute) therapy"
                        }
                    ],
                    "text": "Short course (acute) therapy"
                },
                "dosageInstruction": [
                    {
                        "text": "830 mg (15 mg/kg \u00d7 55.3 kg), Oral, Once, Thu 10/17/13 at 1840, For 1 dose",
                        "timing": {
                            "repeat": {
                                "boundsPeriod": {
                                    "start": "2013-10-17T23:40:00Z",
                                    "end": "2013-10-18T01:51:33Z"
                                },
                                "count": 1
                            },
                            "code": {
                                "text": "Once"
                            }
                        },
                        "asNeededBoolean": false,
                        "route": {
                            "coding": [
                                {
                                    "system": "http://snomed.info/sct",
                                    "code": "260548002",
                                    "display": "Oral (qualifier value)"
                                },
                                {
                                    "system": "urn:oid:1.2.840.114350.1.13.0.1.7.4.798268.7025",
                                    "code": "15",
                                    "display": "Oral"
                                }
                            ],
                            "text": "Oral"
                        },
                        "doseAndRate": [
                            {
                                "type": {
                                    "coding": [
                                        {
                                            "system": "http://epic.com/CodeSystem/dose-rate-type",
                                            "code": "calculated",
                                            "display": "calculated"
                                        }
                                    ],
                                    "text": "calculated"
                                },
                                "doseQuantity": {
                                    "value": 830,
                                    "unit": "mg",
                                    "system": "http://unitsofmeasure.org",
                                    "code": "mg"
                                }
                            },
                            {
                                "type": {
                                    "coding": [
                                        {
                                            "system": "http://epic.com/CodeSystem/dose-rate-type",
                                            "code": "admin-amount",
                                            "display": "admin-amount"
                                        }
                                    ],
                                    "text": "admin-amount"
                                },
                                "doseQuantity": {
                                    "value": 8.3,
                                    "unit": "mL",
                                    "system": "http://unitsofmeasure.org",
                                    "code": "mL"
                                }
                            },
                            {
                                "type": {
                                    "coding": [
                                        {
                                            "system": "http://epic.com/CodeSystem/dose-rate-type",
                                            "code": "ordered",
                                            "display": "ordered"
                                        }
                                    ],
                                    "text": "ordered"
                                },
                                "doseQuantity": {
                                    "value": 15,
                                    "unit": "mg/kg",
                                    "system": "http://unitsofmeasure.org",
                                    "code": "mg/kg"
                                }
                            }
                        ]
                    }
                ]
            },
            "search": {
                "mode": "match"
            }
        },
        {
            "link": [
                {
                    "relation": "self",
                    "url": "https://apporchard.epic.com/interconnect-aocurprd-oauth/api/FHIR/R4/MedicationRequest/elNc013ujNRQ4s71hwXs54g3"
                }
            ],
            "fullUrl": "https://apporchard.epic.com/interconnect-aocurprd-oauth/api/FHIR/R4/MedicationRequest/elNc013ujNRQ4s71hwXs54g3",
            "resource": {
                "resourceType": "MedicationRequest",
                "id": "elNc013ujNRQ4s71hwXs54g3",
                "identifier": [
                    {
                        "use": "usual",
                        "system": "urn:oid:1.2.840.114350.1.13.0.1.7.2.798268",
                        "value": "838067"
                    }
                ],
                "status": "active",
                "intent": "plan",
                "category": [
                    {
                        "coding": [
                            {
                                "system": "http://terminology.hl7.org/CodeSystem/medicationrequest-category",
                                "code": "community",
                                "display": "Community"
                            }
                        ],
                        "text": "Community"
                    }
                ],
                "reportedBoolean": true,
                "medicationReference": {
                    "reference": "Medication/eyDHRQRg0YCumfZf60Ui.fFemj5qCs0QY2kVpg9ma3UlQRxa8tFlYE1wlHx7jiLYs3",
                    "display": "ibuprofen (MOTRIN) tablet"
                },
                "subject": {
                    "reference": "Patient/eKAI-Yb7lpiVYR057xSgAMw3",
                    "display": "Him, Susie"
                },
                "encounter": {
                    "reference": "Encounter/eGijvXTpqMJTQzALio-sf5g3",
                    "display": "Emergency"
                },
                "authoredOn": "2013-10-18T00:53:37Z",
                "requester": {
                    "extension": [
                        {
                            "valueCode": "unknown",
                            "url": "http://hl7.org/fhir/StructureDefinition/data-absent-reason"
                        }
                    ]
                },
                "recorder": {
                    "reference": "Practitioner/e7NvHbT1yipP-LcFkHyGq0g3",
                    "type": "Practitioner",
                    "display": "Pre-Procedure Nurse Optime, RN"
                },
                "courseOfTherapyType": {
                    "coding": [
                        {
                            "system": "http://terminology.hl7.org/CodeSystem/medicationrequest-course-of-therapy",
                            "code": "acute",
                            "display": "Short course (acute) therapy"
                        }
                    ],
                    "text": "Short course (acute) therapy"
                },
                "dosageInstruction": [
                    {
                        "text": "Take 100 mg by mouth every 6 (six) hours as needed., Until Discontinued, Historical Med",
                        "patientInstruction": "Take 100 mg by mouth every 6 (six) hours as needed.",
                        "timing": {
                            "repeat": {
                                "frequency": 1,
                                "period": 6,
                                "periodUnit": "h"
                            },
                            "code": {
                                "text": "Every 6 hours as needed"
                            }
                        },
                        "asNeededBoolean": true,
                        "route": {
                            "coding": [
                                {
                                    "system": "http://snomed.info/sct",
                                    "code": "260548002",
                                    "display": "Oral (qualifier value)"
                                },
                                {
                                    "system": "urn:oid:1.2.840.114350.1.13.0.1.7.4.798268.7025",
                                    "code": "15",
                                    "display": "Oral"
                                }
                            ],
                            "text": "Oral"
                        },
                        "doseAndRate": [
                            {
                                "type": {
                                    "coding": [
                                        {
                                            "system": "http://epic.com/CodeSystem/dose-rate-type",
                                            "code": "ordered",
                                            "display": "ordered"
                                        }
                                    ],
                                    "text": "ordered"
                                },
                                "doseQuantity": {
                                    "value": 100,
                                    "unit": "mg",
                                    "system": "http://unitsofmeasure.org",
                                    "code": "mg"
                                }
                            }
                        ]
                    }
                ]
            },
            "search": {
                "mode": "match"
            }
        },
        {
            "link": [
                {
                    "relation": "self",
                    "url": "https://apporchard.epic.com/interconnect-aocurprd-oauth/api/FHIR/R4/MedicationRequest/emqJWitrxPbLviXjKm7mhqA3"
                }
            ],
            "fullUrl": "https://apporchard.epic.com/interconnect-aocurprd-oauth/api/FHIR/R4/MedicationRequest/emqJWitrxPbLviXjKm7mhqA3",
            "resource": {
                "resourceType": "MedicationRequest",
                "id": "emqJWitrxPbLviXjKm7mhqA3",
                "identifier": [
                    {
                        "use": "usual",
                        "system": "urn:oid:1.2.840.114350.1.13.0.1.7.2.798268",
                        "value": "838068"
                    }
                ],
                "status": "stopped",
                "intent": "order",
                "category": [
                    {
                        "coding": [
                            {
                                "system": "http://terminology.hl7.org/CodeSystem/medicationrequest-category",
                                "code": "inpatient",
                                "display": "Inpatient"
                            }
                        ],
                        "text": "Inpatient"
                    }
                ],
                "medicationReference": {
                    "reference": "Medication/ersqXjOusVJslybwnACORsKbpZtSeLFdmW-d2kWZFG-E3nLouqCifC9i0j11ZLu-g3",
                    "display": "bupivacaine (MARCAINE) injection 0.25%"
                },
                "subject": {
                    "reference": "Patient/eKAI-Yb7lpiVYR057xSgAMw3",
                    "display": "Him, Susie"
                },
                "encounter": {
                    "reference": "Encounter/eGijvXTpqMJTQzALio-sf5g3",
                    "display": "Emergency"
                },
                "authoredOn": "2013-10-18T01:07:21Z",
                "requester": {
                    "reference": "Practitioner/eOyFJ.PiGBcbhr3T1oyJZ1A3",
                    "type": "Practitioner",
                    "display": "Physician Surgery, MD"
                },
                "recorder": {
                    "reference": "Practitioner/eUHWM5R81nV4SlA71j3Y7rA3",
                    "type": "Practitioner",
                    "display": "Circ Nurse Optime, RN"
                },
                "courseOfTherapyType": {
                    "coding": [
                        {
                            "system": "http://terminology.hl7.org/CodeSystem/medicationrequest-course-of-therapy",
                            "code": "acute",
                            "display": "Short course (acute) therapy"
                        }
                    ],
                    "text": "Short course (acute) therapy"
                },
                "dosageInstruction": [
                    {
                        "text": "As needed, Starting Thu 10/17/13 at 2007, Intra-op",
                        "timing": {
                            "repeat": {
                                "boundsPeriod": {
                                    "start": "2013-10-18T01:07:00Z",
                                    "end": "2013-10-18T01:08:00Z"
                                },
                                "frequency": 1,
                                "period": 1,
                                "periodUnit": "d"
                            },
                            "code": {
                                "text": "As needed"
                            }
                        },
                        "asNeededBoolean": true
                    }
                ]
            },
            "search": {
                "mode": "match"
            }
        },
        {
            "link": [
                {
                    "relation": "self",
                    "url": "https://apporchard.epic.com/interconnect-aocurprd-oauth/api/FHIR/R4/MedicationRequest/enIspIK.XFGUYLzfL.z8QQg3"
                }
            ],
            "fullUrl": "https://apporchard.epic.com/interconnect-aocurprd-oauth/api/FHIR/R4/MedicationRequest/enIspIK.XFGUYLzfL.z8QQg3",
            "resource": {
                "resourceType": "MedicationRequest",
                "id": "enIspIK.XFGUYLzfL.z8QQg3",
                "identifier": [
                    {
                        "use": "usual",
                        "system": "urn:oid:1.2.840.114350.1.13.0.1.7.2.798268",
                        "value": "838071"
                    }
                ],
                "status": "stopped",
                "intent": "order",
                "category": [
                    {
                        "coding": [
                            {
                                "system": "http://terminology.hl7.org/CodeSystem/medicationrequest-category",
                                "code": "inpatient",
                                "display": "Inpatient"
                            }
                        ],
                        "text": "Inpatient"
                    }
                ],
                "medicationReference": {
                    "reference": "Medication/e24cOml65cPNQa8xF-cIfJO1w3d3l.uAiIkfvlGFyYHYfy.8ON-ajgXZk0HNOe4Ow3",
                    "display": "ketorolac (TORADOL) tablet 10 mg"
                },
                "subject": {
                    "reference": "Patient/eKAI-Yb7lpiVYR057xSgAMw3",
                    "display": "Him, Susie"
                },
                "encounter": {
                    "reference": "Encounter/eGijvXTpqMJTQzALio-sf5g3",
                    "display": "Emergency"
                },
                "authoredOn": "2013-10-18T01:49:37Z",
                "requester": {
                    "reference": "Practitioner/eOyFJ.PiGBcbhr3T1oyJZ1A3",
                    "type": "Practitioner",
                    "display": "Physician Surgery, MD"
                },
                "recorder": {
                    "reference": "Practitioner/eOyFJ.PiGBcbhr3T1oyJZ1A3",
                    "type": "Practitioner",
                    "display": "Physician Surgery, MD"
                },
                "courseOfTherapyType": {
                    "coding": [
                        {
                            "system": "http://terminology.hl7.org/CodeSystem/medicationrequest-course-of-therapy",
                            "code": "acute",
                            "display": "Short course (acute) therapy"
                        }
                    ],
                    "text": "Short course (acute) therapy"
                },
                "dosageInstruction": [
                    {
                        "text": "10 mg, Oral, Every 4 hours PRN, pain, Starting Thu 10/17/13 at 2049, For 5 days",
                        "timing": {
                            "repeat": {
                                "boundsPeriod": {
                                    "start": "2013-10-18T01:49:09Z",
                                    "end": "2013-10-18T04:01:07Z"
                                },
                                "frequency": 1,
                                "period": 4,
                                "periodUnit": "h"
                            },
                            "code": {
                                "text": "Every 4 (four) hours as needed"
                            }
                        },
                        "asNeededBoolean": true,
                        "route": {
                            "coding": [
                                {
                                    "system": "http://snomed.info/sct",
                                    "code": "260548002",
                                    "display": "Oral (qualifier value)"
                                },
                                {
                                    "system": "urn:oid:1.2.840.114350.1.13.0.1.7.4.798268.7025",
                                    "code": "15",
                                    "display": "Oral"
                                }
                            ],
                            "text": "Oral"
                        },
                        "doseAndRate": [
                            {
                                "type": {
                                    "coding": [
                                        {
                                            "system": "http://epic.com/CodeSystem/dose-rate-type",
                                            "code": "calculated",
                                            "display": "calculated"
                                        }
                                    ],
                                    "text": "calculated"
                                },
                                "doseQuantity": {
                                    "value": 10,
                                    "unit": "mg",
                                    "system": "http://unitsofmeasure.org",
                                    "code": "mg"
                                }
                            },
                            {
                                "type": {
                                    "coding": [
                                        {
                                            "system": "http://epic.com/CodeSystem/dose-rate-type",
                                            "code": "admin-amount",
                                            "display": "admin-amount"
                                        }
                                    ],
                                    "text": "admin-amount"
                                },
                                "doseQuantity": {
                                    "value": 1,
                                    "unit": "tablet",
                                    "system": "http://unitsofmeasure.org",
                                    "code": "{tbl}"
                                }
                            },
                            {
                                "type": {
                                    "coding": [
                                        {
                                            "system": "http://epic.com/CodeSystem/dose-rate-type",
                                            "code": "ordered",
                                            "display": "ordered"
                                        }
                                    ],
                                    "text": "ordered"
                                },
                                "doseQuantity": {
                                    "value": 10,
                                    "unit": "mg",
                                    "system": "http://unitsofmeasure.org",
                                    "code": "mg"
                                }
                            }
                        ]
                    }
                ]
            },
            "search": {
                "mode": "match"
            }
        }
    ]
}