{
    "resourceType": "Bundle",
    "type": "searchset",
    "total": 2,
    "link": [
        {
            "relation": "self",
            "url": "https://apporchard.epic.com/interconnect-aocurprd-oauth/api/FHIR/R4/MedicationRequest?_format=json&patient=e8f3pkQWuXZrOZx4lAdP.bw3"
        }
    ],
    "entry": [
        {
            "link": [
                {
                    "relation": "self",
                    "url": "https://apporchard.epic.com/interconnect-aocurprd-oauth/api/FHIR/R4/MedicationRequest/eJfVCHzflqoJUStdlHmAypw3"
                }
            ],
            "fullUrl": "https://apporchard.epic.com/interconnect-aocurprd-oauth/api/FHIR/R4/MedicationRequest/eJfVCHzflqoJUStdlHmAypw3",
            "resource": {
                "resourceType": "MedicationRequest",
                "id": "eJfVCHzflqoJUStdlHmAypw3",
                "identifier": [
                    {
                        "use": "usual",
                        "system": "urn:oid:1.2.840.114350.1.13.0.1.7.2.798268",
                        "value": "814947"
                    }
                ],
                "status": "active",
                "intent": "plan",
                "category": [
                    {
                        "coding": [
                            {
                                "system": "http://terminology.hl7.org/CodeSystem/medicationrequest-category",
                                "code": "community",
                                "display": "Community"
                            }
                        ],
                        "text": "Community"
                    }
                ],
                "reportedReference": {
                    "display": "Self"
                },
                "medicationReference": {
                    "reference": "Medication/e6hHZq6dG4I7UiLucBFLMoT8G7ddC5HQrqn17ciGARscgaie6XhjvrQ6I3t2OSG2s3",
                    "display": "CLARITIN 10 MG PO TABS"
                },
                "subject": {
                    "reference": "Patient/e8f3pkQWuXZrOZx4lAdP.bw3",
                    "display": "Optime, Oliver"
                },
                "encounter": {
                    "identifier": {
                        "use": "usual",
                        "system": "urn:oid:1.2.840.114350.1.13.0.1.7.3.698084.8",
                        "value": "3359"
                    },
                    "display": "Anesthesia"
                },
                "authoredOn": "2012-05-25",
                "requester": {
                    "extension": [
                        {
                            "valueCode": "unknown",
                            "url": "http://hl7.org/fhir/StructureDefinition/data-absent-reason"
                        }
                    ]
                },
                "recorder": {
                    "reference": "Practitioner/enHmcmrIOygs4mq-t6soebQ3",
                    "type": "Practitioner",
                    "display": "Anesthesiologist Anesthesia, MD"
                },
                "courseOfTherapyType": {
                    "coding": [
                        {
                            "system": "http://terminology.hl7.org/CodeSystem/medicationrequest-course-of-therapy",
                            "code": "acute",
                            "display": "Short course (acute) therapy"
                        }
                    ],
                    "text": "Short course (acute) therapy"
                },
                "dosageInstruction": [
                    {
                        "text": "Take 10 mg by mouth daily., Starting 2/25/2012, Until Discontinued, Historical Med",
                        "patientInstruction": "Take 10 mg by mouth daily.",
                        "timing": {
                            "repeat": {
                                "boundsPeriod": {
                                    "start": "2012-02-25"
                                },
                                "timeOfDay": [
                                    "09:00:00"
                                ]
                            },
                            "code": {
                                "text": "0900"
                            }
                        },
                        "asNeededBoolean": false,
                        "route": {
                            "coding": [
                                {
                                    "system": "http://snomed.info/sct",
                                    "code": "260548002",
                                    "display": "Oral (qualifier value)"
                                },
                                {
                                    "system": "urn:oid:1.2.840.114350.1.13.0.1.7.4.798268.7025",
                                    "code": "15",
                                    "display": "Oral"
                                }
                            ],
                            "text": "Oral"
                        },
                        "doseAndRate": [
                            {
                                "type": {
                                    "coding": [
                                        {
                                            "system": "http://epic.com/CodeSystem/dose-rate-type",
                                            "code": "ordered",
                                            "display": "ordered"
                                        }
                                    ],
                                    "text": "ordered"
                                },
                                "doseQuantity": {
                                    "value": 10,
                                    "unit": "mg",
                                    "system": "http://unitsofmeasure.org",
                                    "code": "mg"
                                }
                            }
                        ]
                    }
                ]
            },
            "search": {
                "mode": "match"
            }
        },
        {
            "link": [
                {
                    "relation": "self",
                    "url": "https://apporchard.epic.com/interconnect-aocurprd-oauth/api/FHIR/R4/MedicationRequest/eOfwmYewCuDII5OIf2oB3sQ3"
                }
            ],
            "fullUrl": "https://apporchard.epic.com/interconnect-aocurprd-oauth/api/FHIR/R4/MedicationRequest/eOfwmYewCuDII5OIf2oB3sQ3",
            "resource": {
                "resourceType": "MedicationRequest",
                "id": "eOfwmYewCuDII5OIf2oB3sQ3",
                "identifier": [
                    {
                        "use": "usual",
                        "system": "urn:oid:1.2.840.114350.1.13.0.1.7.2.798268",
                        "value": "814948"
                    }
                ],
                "status": "active",
                "intent": "plan",
                "category": [
                    {
                        "coding": [
                            {
                                "system": "http://terminology.hl7.org/CodeSystem/medicationrequest-category",
                                "code": "community",
                                "display": "Community"
                            }
                        ],
                        "text": "Community"
                    }
                ],
                "reportedReference": {
                    "display": "Self"
                },
                "medicationReference": {
                    "reference": "Medication/e9opBuNmtRFNEM6nZRl8vVgyc8Mq1lUnwDY7RWnTbQA5eGD0Niya4ywbMIHillceF3",
                    "display": "ibuprofen (MOTRIN) tablet"
                },
                "subject": {
                    "reference": "Patient/e8f3pkQWuXZrOZx4lAdP.bw3",
                    "display": "Optime, Oliver"
                },
                "encounter": {
                    "identifier": {
                        "use": "usual",
                        "system": "urn:oid:1.2.840.114350.1.13.0.1.7.3.698084.8",
                        "value": "3359"
                    },
                    "display": "Anesthesia"
                },
                "authoredOn": "2012-05-25",
                "requester": {
                    "extension": [
                        {
                            "valueCode": "unknown",
                            "url": "http://hl7.org/fhir/StructureDefinition/data-absent-reason"
                        }
                    ]
                },
                "recorder": {
                    "reference": "Practitioner/enHmcmrIOygs4mq-t6soebQ3",
                    "type": "Practitioner",
                    "display": "Anesthesiologist Anesthesia, MD"
                },
                "courseOfTherapyType": {
                    "coding": [
                        {
                            "system": "http://terminology.hl7.org/CodeSystem/medicationrequest-course-of-therapy",
                            "code": "acute",
                            "display": "Short course (acute) therapy"
                        }
                    ],
                    "text": "Short course (acute) therapy"
                },
                "dosageInstruction": [
                    {
                        "text": "Take 400 mg by mouth every 6 hours as needed., Starting 5/22/2012, Until Discontinued, Historical Med",
                        "patientInstruction": "Take 400 mg by mouth every 6 hours as needed.",
                        "timing": {
                            "repeat": {
                                "boundsPeriod": {
                                    "start": "2012-05-22"
                                },
                                "frequency": 1,
                                "period": 6,
                                "periodUnit": "h"
                            },
                            "code": {
                                "text": "Every 6 hours as needed"
                            }
                        },
                        "asNeededBoolean": true,
                        "route": {
                            "coding": [
                                {
                                    "system": "http://snomed.info/sct",
                                    "code": "260548002",
                                    "display": "Oral (qualifier value)"
                                },
                                {
                                    "system": "urn:oid:1.2.840.114350.1.13.0.1.7.4.798268.7025",
                                    "code": "15",
                                    "display": "Oral"
                                }
                            ],
                            "text": "Oral"
                        },
                        "doseAndRate": [
                            {
                                "type": {
                                    "coding": [
                                        {
                                            "system": "http://epic.com/CodeSystem/dose-rate-type",
                                            "code": "ordered",
                                            "display": "ordered"
                                        }
                                    ],
                                    "text": "ordered"
                                },
                                "doseQuantity": {
                                    "value": 400,
                                    "unit": "mg",
                                    "system": "http://unitsofmeasure.org",
                                    "code": "mg"
                                }
                            }
                        ]
                    }
                ]
            },
            "search": {
                "mode": "match"
            }
        }
    ]
}