{
    "resourceType": "Bundle",
    "type": "searchset",
    "total": 9,
    "link": [
        {
            "relation": "self",
            "url": "https://apporchard.epic.com/interconnect-aocurprd-oauth/api/FHIR/R4/MedicationRequest?_format=json&patient=e1sjqc9CyzE2scBMskXfA0Q3"
        }
    ],
    "entry": [
        {
            "link": [
                {
                    "relation": "self",
                    "url": "https://apporchard.epic.com/interconnect-aocurprd-oauth/api/FHIR/R4/MedicationRequest/e5Gu4y2v0e0cOdFH6m2IzOQ3"
                }
            ],
            "fullUrl": "https://apporchard.epic.com/interconnect-aocurprd-oauth/api/FHIR/R4/MedicationRequest/e5Gu4y2v0e0cOdFH6m2IzOQ3",
            "resource": {
                "resourceType": "MedicationRequest",
                "id": "e5Gu4y2v0e0cOdFH6m2IzOQ3",
                "identifier": [
                    {
                        "use": "usual",
                        "system": "urn:oid:1.2.840.114350.1.13.0.1.7.2.798268",
                        "value": "996515"
                    }
                ],
                "status": "active",
                "intent": "order",
                "category": [
                    {
                        "coding": [
                            {
                                "system": "http://terminology.hl7.org/CodeSystem/medicationrequest-category",
                                "code": "community",
                                "display": "Community"
                            }
                        ],
                        "text": "Community"
                    },
                    {
                        "coding": [
                            {
                                "system": "http://terminology.hl7.org/CodeSystem/medicationrequest-category",
                                "code": "discharge",
                                "display": "Discharge"
                            }
                        ],
                        "text": "Discharge"
                    }
                ],
                "medicationReference": {
                    "reference": "Medication/eWsLe1Oy1sGigN-S13IvXNvIl7rrLSCo4.1xHRILkD1xG34vn35T63QlZEtibs4K63",
                    "display": "acetaminophen (TYLENOL) tablet"
                },
                "subject": {
                    "reference": "Patient/e1sjqc9CyzE2scBMskXfA0Q3",
                    "display": "Zzambmaster, Peggy"
                },
                "encounter": {
                    "reference": "Encounter/e37EasHyg9Bdj6Epson8bnw3",
                    "display": "Hospital Encounter"
                },
                "authoredOn": "2023-10-12",
                "requester": {
                    "reference": "Practitioner/eOyFJ.PiGBcbhr3T1oyJZ1A3",
                    "type": "Practitioner",
                    "display": "Physician Surgery, MD"
                },
                "recorder": {
                    "reference": "Practitioner/eOyFJ.PiGBcbhr3T1oyJZ1A3",
                    "type": "Practitioner",
                    "display": "Physician Surgery, MD"
                },
                "courseOfTherapyType": {
                    "coding": [
                        {
                            "system": "http://terminology.hl7.org/CodeSystem/medicationrequest-course-of-therapy",
                            "code": "acute",
                            "display": "Short course (acute) therapy"
                        }
                    ],
                    "text": "Short course (acute) therapy"
                },
                "dosageInstruction": [
                    {
                        "text": "Take 2 tablets (650 mg total) by mouth every 6 (six) hours as needed for mild pain for up to 10 days., Starting Thu 10/12/2023, Until Sun 10/22/2023 at 2359, Print",
                        "patientInstruction": "Take 2 tablets (650 mg total) by mouth every 6 (six) hours as needed for mild pain for up to 10 days.",
                        "timing": {
                            "repeat": {
                                "boundsPeriod": {
                                    "start": "2023-10-12"
                                },
                                "frequency": 1,
                                "period": 6,
                                "periodUnit": "h"
                            },
                            "code": {
                                "text": "Every 6 hours as needed"
                            }
                        },
                        "asNeededBoolean": true,
                        "route": {
                            "coding": [
                                {
                                    "system": "http://snomed.info/sct",
                                    "code": "260548002",
                                    "display": "Oral (qualifier value)"
                                },
                                {
                                    "system": "urn:oid:1.2.840.114350.1.13.0.1.7.4.798268.7025",
                                    "code": "15",
                                    "display": "Oral"
                                }
                            ],
                            "text": "Oral"
                        },
                        "method": {
                            "coding": [
                                {
                                    "system": "http://snomed.info/sct",
                                    "code": "419652001",
                                    "display": "Take"
                                }
                            ],
                            "text": "Take"
                        },
                        "doseAndRate": [
                            {
                                "type": {
                                    "coding": [
                                        {
                                            "system": "http://epic.com/CodeSystem/dose-rate-type",
                                            "code": "calculated",
                                            "display": "calculated"
                                        }
                                    ],
                                    "text": "calculated"
                                },
                                "doseQuantity": {
                                    "value": 650,
                                    "unit": "mg",
                                    "system": "http://unitsofmeasure.org",
                                    "code": "mg"
                                }
                            },
                            {
                                "type": {
                                    "coding": [
                                        {
                                            "system": "http://epic.com/CodeSystem/dose-rate-type",
                                            "code": "admin-amount",
                                            "display": "admin-amount"
                                        }
                                    ],
                                    "text": "admin-amount"
                                },
                                "doseQuantity": {
                                    "value": 2,
                                    "unit": "tablet",
                                    "system": "http://unitsofmeasure.org",
                                    "code": "{tbl}"
                                }
                            },
                            {
                                "type": {
                                    "coding": [
                                        {
                                            "system": "http://epic.com/CodeSystem/dose-rate-type",
                                            "code": "ordered",
                                            "display": "ordered"
                                        }
                                    ],
                                    "text": "ordered"
                                },
                                "doseQuantity": {
                                    "value": 650,
                                    "unit": "mg",
                                    "system": "http://unitsofmeasure.org",
                                    "code": "mg"
                                }
                            }
                        ]
                    }
                ],
                "dispenseRequest": {
                    "validityPeriod": {
                        "start": "2023-10-12"
                    },
                    "numberOfRepeatsAllowed": 0,
                    "quantity": {
                        "value": 30,
                        "unit": "tablet"
                    },
                    "expectedSupplyDuration": {
                        "value": 4,
                        "unit": "Day",
                        "system": "http://unitsofmeasure.org",
                        "code": "d"
                    }
                }
            },
            "search": {
                "mode": "match"
            }
        },
        {
            "link": [
                {
                    "relation": "self",
                    "url": "https://apporchard.epic.com/interconnect-aocurprd-oauth/api/FHIR/R4/MedicationRequest/e5KLzwxHaTxDGMPtiwZtfmQ3"
                }
            ],
            "fullUrl": "https://apporchard.epic.com/interconnect-aocurprd-oauth/api/FHIR/R4/MedicationRequest/e5KLzwxHaTxDGMPtiwZtfmQ3",
            "resource": {
                "resourceType": "MedicationRequest",
                "id": "e5KLzwxHaTxDGMPtiwZtfmQ3",
                "identifier": [
                    {
                        "use": "usual",
                        "system": "urn:oid:1.2.840.114350.1.13.0.1.7.2.798268",
                        "value": "996506"
                    }
                ],
                "status": "active",
                "intent": "plan",
                "category": [
                    {
                        "coding": [
                            {
                                "system": "http://terminology.hl7.org/CodeSystem/medicationrequest-category",
                                "code": "community",
                                "display": "Community"
                            }
                        ],
                        "text": "Community"
                    }
                ],
                "reportedBoolean": true,
                "medicationReference": {
                    "reference": "Medication/eRPWAXZzLYrYov-qSMe-N9RXtOeokisz7p2AuSyNWi.mbxZsiIsgi5iFywFb4hKGx3",
                    "display": "pseudoephedrine-acetaminophen (TYLENOL SINUS) tablet 30-500 mg"
                },
                "subject": {
                    "reference": "Patient/e1sjqc9CyzE2scBMskXfA0Q3",
                    "display": "Zzambmaster, Peggy"
                },
                "encounter": {
                    "reference": "Encounter/e37EasHyg9Bdj6Epson8bnw3",
                    "display": "Hospital Encounter"
                },
                "authoredOn": "2023-10-12T18:15:40Z",
                "requester": {
                    "extension": [
                        {
                            "valueCode": "unknown",
                            "url": "http://hl7.org/fhir/StructureDefinition/data-absent-reason"
                        }
                    ]
                },
                "recorder": {
                    "reference": "Practitioner/e7NvHbT1yipP-LcFkHyGq0g3",
                    "type": "Practitioner",
                    "display": "Pre-Procedure Nurse Optime, RN"
                },
                "courseOfTherapyType": {
                    "coding": [
                        {
                            "system": "http://terminology.hl7.org/CodeSystem/medicationrequest-course-of-therapy",
                            "code": "acute",
                            "display": "Short course (acute) therapy"
                        }
                    ],
                    "text": "Short course (acute) therapy"
                },
                "dosageInstruction": [
                    {
                        "text": "Take 1 tablet by mouth 2 (two) times a day as needed for congestion., Historical Med",
                        "patientInstruction": "Take 1 tablet by mouth 2 (two) times a day as needed for congestion.",
                        "timing": {
                            "repeat": {
                                "frequency": 2,
                                "period": 1,
                                "periodUnit": "d"
                            },
                            "code": {
                                "text": "2 times daily as needed"
                            }
                        },
                        "asNeededBoolean": true,
                        "route": {
                            "coding": [
                                {
                                    "system": "http://snomed.info/sct",
                                    "code": "260548002",
                                    "display": "Oral (qualifier value)"
                                },
                                {
                                    "system": "urn:oid:1.2.840.114350.1.13.0.1.7.4.798268.7025",
                                    "code": "15",
                                    "display": "Oral"
                                }
                            ],
                            "text": "Oral"
                        },
                        "method": {
                            "coding": [
                                {
                                    "system": "http://snomed.info/sct",
                                    "code": "419652001",
                                    "display": "Take"
                                }
                            ],
                            "text": "Take"
                        },
                        "doseAndRate": [
                            {
                                "type": {
                                    "coding": [
                                        {
                                            "system": "http://epic.com/CodeSystem/dose-rate-type",
                                            "code": "ordered",
                                            "display": "ordered"
                                        }
                                    ],
                                    "text": "ordered"
                                },
                                "doseQuantity": {
                                    "value": 1,
                                    "unit": "tablet",
                                    "system": "http://unitsofmeasure.org",
                                    "code": "{tbl}"
                                }
                            }
                        ]
                    }
                ]
            },
            "search": {
                "mode": "match"
            }
        },
        {
            "link": [
                {
                    "relation": "self",
                    "url": "https://apporchard.epic.com/interconnect-aocurprd-oauth/api/FHIR/R4/MedicationRequest/eK.7Am7JR6OgMDZHKUeDoNw3"
                }
            ],
            "fullUrl": "https://apporchard.epic.com/interconnect-aocurprd-oauth/api/FHIR/R4/MedicationRequest/eK.7Am7JR6OgMDZHKUeDoNw3",
            "resource": {
                "resourceType": "MedicationRequest",
                "id": "eK.7Am7JR6OgMDZHKUeDoNw3",
                "identifier": [
                    {
                        "use": "usual",
                        "system": "urn:oid:1.2.840.114350.1.13.0.1.7.2.798268",
                        "value": "996490"
                    }
                ],
                "status": "active",
                "intent": "order",
                "category": [
                    {
                        "coding": [
                            {
                                "system": "http://terminology.hl7.org/CodeSystem/medicationrequest-category",
                                "code": "inpatient",
                                "display": "Inpatient"
                            }
                        ],
                        "text": "Inpatient"
                    }
                ],
                "medicationReference": {
                    "reference": "Medication/eqqOnYRQjKbdm4rltcYFMpe-0hQCzSz-4eD9qQ0wP7g2A.pvH83qvsaN1PUG6hlAS3",
                    "display": "ceFAZolin (ANCEF) IVPB 1 g in 50 mL (premix)"
                },
                "subject": {
                    "reference": "Patient/e1sjqc9CyzE2scBMskXfA0Q3",
                    "display": "Zzambmaster, Peggy"
                },
                "encounter": {
                    "reference": "Encounter/e37EasHyg9Bdj6Epson8bnw3",
                    "display": "Hospital Encounter"
                },
                "authoredOn": "2023-10-12T18:04:49Z",
                "requester": {
                    "reference": "Practitioner/eOyFJ.PiGBcbhr3T1oyJZ1A3",
                    "type": "Practitioner",
                    "display": "Physician Surgery, MD"
                },
                "recorder": {
                    "reference": "Practitioner/eOyFJ.PiGBcbhr3T1oyJZ1A3",
                    "type": "Practitioner",
                    "display": "Physician Surgery, MD"
                },
                "courseOfTherapyType": {
                    "coding": [
                        {
                            "system": "http://terminology.hl7.org/CodeSystem/medicationrequest-course-of-therapy",
                            "code": "acute",
                            "display": "Short course (acute) therapy"
                        }
                    ],
                    "text": "Short course (acute) therapy"
                },
                "dosageInstruction": [
                    {
                        "text": "1 g, Intravenous, at 100 mL/hr, Administer over 30 Minutes, Once, On Thu 10/12/23 at 1315, For 1 dose, Pre-op\nAdminister within 1 hour of surgical incision. premix bag\n",
                        "timing": {
                            "repeat": {
                                "boundsPeriod": {
                                    "start": "2023-10-12T18:15:00Z"
                                },
                                "count": 1,
                                "duration": 30,
                                "durationUnit": "min"
                            },
                            "code": {
                                "text": "Once"
                            }
                        },
                        "asNeededBoolean": false,
                        "route": {
                            "coding": [
                                {
                                    "system": "http://snomed.info/sct",
                                    "code": "418114005",
                                    "display": "Intravenous central route (qualifier value)"
                                },
                                {
                                    "system": "urn:oid:1.2.840.114350.1.13.0.1.7.4.798268.7025",
                                    "code": "11",
                                    "display": "Intravenous"
                                }
                            ],
                            "text": "Intravenous"
                        },
                        "doseAndRate": [
                            {
                                "type": {
                                    "coding": [
                                        {
                                            "system": "http://epic.com/CodeSystem/dose-rate-type",
                                            "code": "calculated",
                                            "display": "calculated"
                                        }
                                    ],
                                    "text": "calculated"
                                },
                                "doseQuantity": {
                                    "value": 1,
                                    "unit": "g",
                                    "system": "http://unitsofmeasure.org",
                                    "code": "g"
                                }
                            },
                            {
                                "type": {
                                    "coding": [
                                        {
                                            "system": "http://epic.com/CodeSystem/dose-rate-type",
                                            "code": "admin-amount",
                                            "display": "admin-amount"
                                        }
                                    ],
                                    "text": "admin-amount"
                                },
                                "doseQuantity": {
                                    "value": 50,
                                    "unit": "mL",
                                    "system": "http://unitsofmeasure.org",
                                    "code": "mL"
                                }
                            },
                            {
                                "type": {
                                    "coding": [
                                        {
                                            "system": "http://epic.com/CodeSystem/dose-rate-type",
                                            "code": "ordered",
                                            "display": "ordered"
                                        }
                                    ],
                                    "text": "ordered"
                                },
                                "doseQuantity": {
                                    "value": 1,
                                    "unit": "g",
                                    "system": "http://unitsofmeasure.org",
                                    "code": "g"
                                }
                            }
                        ]
                    }
                ]
            },
            "search": {
                "mode": "match"
            }
        },
        {
            "link": [
                {
                    "relation": "self",
                    "url": "https://apporchard.epic.com/interconnect-aocurprd-oauth/api/FHIR/R4/MedicationRequest/eL2GaykRBsEcR.9eVRYo1CQ3"
                }
            ],
            "fullUrl": "https://apporchard.epic.com/interconnect-aocurprd-oauth/api/FHIR/R4/MedicationRequest/eL2GaykRBsEcR.9eVRYo1CQ3",
            "resource": {
                "resourceType": "MedicationRequest",
                "id": "eL2GaykRBsEcR.9eVRYo1CQ3",
                "identifier": [
                    {
                        "use": "usual",
                        "system": "urn:oid:1.2.840.114350.1.13.0.1.7.2.798268",
                        "value": "996494"
                    }
                ],
                "status": "active",
                "intent": "order",
                "category": [
                    {
                        "coding": [
                            {
                                "system": "http://terminology.hl7.org/CodeSystem/medicationrequest-category",
                                "code": "inpatient",
                                "display": "Inpatient"
                            }
                        ],
                        "text": "Inpatient"
                    }
                ],
                "medicationReference": {
                    "reference": "Medication/eLSmw4.Hohw6Y.tKyg5VnVddBgyz-I5eZpmv9D31-5wCF2UqiiAqd-d0Aa.j3aGCd3",
                    "display": "lactated Ringer's infusion"
                },
                "subject": {
                    "reference": "Patient/e1sjqc9CyzE2scBMskXfA0Q3",
                    "display": "Zzambmaster, Peggy"
                },
                "encounter": {
                    "reference": "Encounter/e37EasHyg9Bdj6Epson8bnw3",
                    "display": "Hospital Encounter"
                },
                "authoredOn": "2023-10-12T18:04:49Z",
                "requester": {
                    "reference": "Practitioner/eOyFJ.PiGBcbhr3T1oyJZ1A3",
                    "type": "Practitioner",
                    "display": "Physician Surgery, MD"
                },
                "recorder": {
                    "reference": "Practitioner/eOyFJ.PiGBcbhr3T1oyJZ1A3",
                    "type": "Practitioner",
                    "display": "Physician Surgery, MD"
                },
                "courseOfTherapyType": {
                    "coding": [
                        {
                            "system": "http://terminology.hl7.org/CodeSystem/medicationrequest-course-of-therapy",
                            "code": "acute",
                            "display": "Short course (acute) therapy"
                        }
                    ],
                    "text": "Short course (acute) therapy"
                },
                "dosageInstruction": [
                    {
                        "text": "125 mL/hr, Intravenous, Continuous, Starting on Thu 10/12/23 at 1315, Pre-op",
                        "timing": {
                            "repeat": {
                                "boundsPeriod": {
                                    "start": "2023-10-12T18:15:00Z"
                                }
                            },
                            "code": {
                                "text": "Continuous"
                            }
                        },
                        "asNeededBoolean": false,
                        "route": {
                            "coding": [
                                {
                                    "system": "http://snomed.info/sct",
                                    "code": "418114005",
                                    "display": "Intravenous central route (qualifier value)"
                                },
                                {
                                    "system": "urn:oid:1.2.840.114350.1.13.0.1.7.4.798268.7025",
                                    "code": "11",
                                    "display": "Intravenous"
                                }
                            ],
                            "text": "Intravenous"
                        },
                        "doseAndRate": [
                            {
                                "type": {
                                    "coding": [
                                        {
                                            "system": "http://epic.com/CodeSystem/dose-rate-type",
                                            "code": "calculated",
                                            "display": "calculated"
                                        }
                                    ],
                                    "text": "calculated"
                                },
                                "doseQuantity": {
                                    "value": 125,
                                    "unit": "mL/hr",
                                    "system": "http://unitsofmeasure.org",
                                    "code": "mL/h"
                                }
                            },
                            {
                                "type": {
                                    "coding": [
                                        {
                                            "system": "http://epic.com/CodeSystem/dose-rate-type",
                                            "code": "ordered",
                                            "display": "ordered"
                                        }
                                    ],
                                    "text": "ordered"
                                },
                                "doseQuantity": {
                                    "value": 125,
                                    "unit": "mL/hr",
                                    "system": "http://unitsofmeasure.org",
                                    "code": "mL/h"
                                }
                            }
                        ]
                    }
                ]
            },
            "search": {
                "mode": "match"
            }
        },
        {
            "link": [
                {
                    "relation": "self",
                    "url": "https://apporchard.epic.com/interconnect-aocurprd-oauth/api/FHIR/R4/MedicationRequest/ebEaB18CRzfGOcgEN128MJg3"
                }
            ],
            "fullUrl": "https://apporchard.epic.com/interconnect-aocurprd-oauth/api/FHIR/R4/MedicationRequest/ebEaB18CRzfGOcgEN128MJg3",
            "resource": {
                "resourceType": "MedicationRequest",
                "id": "ebEaB18CRzfGOcgEN128MJg3",
                "identifier": [
                    {
                        "use": "usual",
                        "system": "urn:oid:1.2.840.114350.1.13.0.1.7.2.798268",
                        "value": "996508"
                    }
                ],
                "status": "stopped",
                "intent": "plan",
                "category": [
                    {
                        "coding": [
                            {
                                "system": "http://terminology.hl7.org/CodeSystem/medicationrequest-category",
                                "code": "community",
                                "display": "Community"
                            }
                        ],
                        "text": "Community"
                    }
                ],
                "reportedBoolean": true,
                "medicationReference": {
                    "reference": "Medication/eACpAHxWEiBKV6en0bLFBojbHrKS5he24OReaJfhJ7w3bClGUWq.OIDzurg0bUMfi3",
                    "display": "caffeine tablet 200 mg"
                },
                "subject": {
                    "reference": "Patient/e1sjqc9CyzE2scBMskXfA0Q3",
                    "display": "Zzambmaster, Peggy"
                },
                "encounter": {
                    "reference": "Encounter/e37EasHyg9Bdj6Epson8bnw3",
                    "display": "Hospital Encounter"
                },
                "authoredOn": "2023-10-12T18:15:41Z",
                "requester": {
                    "extension": [
                        {
                            "valueCode": "unknown",
                            "url": "http://hl7.org/fhir/StructureDefinition/data-absent-reason"
                        }
                    ]
                },
                "recorder": {
                    "reference": "Practitioner/e7NvHbT1yipP-LcFkHyGq0g3",
                    "type": "Practitioner",
                    "display": "Pre-Procedure Nurse Optime, RN"
                },
                "courseOfTherapyType": {
                    "coding": [
                        {
                            "system": "http://terminology.hl7.org/CodeSystem/medicationrequest-course-of-therapy",
                            "code": "acute",
                            "display": "Short course (acute) therapy"
                        }
                    ],
                    "text": "Short course (acute) therapy"
                },
                "dosageInstruction": [
                    {
                        "text": "Take 200 mg by mouth every 6 (six) hours as needed for headaches., Until Thu 10/12/2023, Historical Med",
                        "patientInstruction": "Take 200 mg by mouth every 6 (six) hours as needed for headaches.",
                        "timing": {
                            "repeat": {
                                "boundsPeriod": {
                                    "end": "2023-10-12"
                                },
                                "frequency": 1,
                                "period": 6,
                                "periodUnit": "h"
                            },
                            "code": {
                                "text": "Every 6 hours as needed"
                            }
                        },
                        "asNeededBoolean": true,
                        "route": {
                            "coding": [
                                {
                                    "system": "http://snomed.info/sct",
                                    "code": "260548002",
                                    "display": "Oral (qualifier value)"
                                },
                                {
                                    "system": "urn:oid:1.2.840.114350.1.13.0.1.7.4.798268.7025",
                                    "code": "15",
                                    "display": "Oral"
                                }
                            ],
                            "text": "Oral"
                        },
                        "method": {
                            "coding": [
                                {
                                    "system": "http://snomed.info/sct",
                                    "code": "419652001",
                                    "display": "Take"
                                }
                            ],
                            "text": "Take"
                        },
                        "doseAndRate": [
                            {
                                "type": {
                                    "coding": [
                                        {
                                            "system": "http://epic.com/CodeSystem/dose-rate-type",
                                            "code": "ordered",
                                            "display": "ordered"
                                        }
                                    ],
                                    "text": "ordered"
                                },
                                "doseQuantity": {
                                    "value": 200,
                                    "unit": "mg",
                                    "system": "http://unitsofmeasure.org",
                                    "code": "mg"
                                }
                            }
                        ]
                    }
                ]
            },
            "search": {
                "mode": "match"
            }
        },
        {
            "link": [
                {
                    "relation": "self",
                    "url": "https://apporchard.epic.com/interconnect-aocurprd-oauth/api/FHIR/R4/MedicationRequest/eiYwIVDi5OSQwP7vplMt7UA3"
                }
            ],
            "fullUrl": "https://apporchard.epic.com/interconnect-aocurprd-oauth/api/FHIR/R4/MedicationRequest/eiYwIVDi5OSQwP7vplMt7UA3",
            "resource": {
                "resourceType": "MedicationRequest",
                "id": "eiYwIVDi5OSQwP7vplMt7UA3",
                "identifier": [
                    {
                        "use": "usual",
                        "system": "urn:oid:1.2.840.114350.1.13.0.1.7.2.798268",
                        "value": "996507"
                    }
                ],
                "status": "active",
                "intent": "plan",
                "category": [
                    {
                        "coding": [
                            {
                                "system": "http://terminology.hl7.org/CodeSystem/medicationrequest-category",
                                "code": "community",
                                "display": "Community"
                            }
                        ],
                        "text": "Community"
                    }
                ],
                "reportedBoolean": true,
                "medicationReference": {
                    "reference": "Medication/e8GO990rKqty1H7kDmIZJOp7r3e-OpLA17AOLQ8spz1JwIfxKOPfcHHLcnZUl7iqU3",
                    "display": "albuterol (PROVENTIL HFA;VENTOLIN HFA) inhaler"
                },
                "subject": {
                    "reference": "Patient/e1sjqc9CyzE2scBMskXfA0Q3",
                    "display": "Zzambmaster, Peggy"
                },
                "encounter": {
                    "reference": "Encounter/e37EasHyg9Bdj6Epson8bnw3",
                    "display": "Hospital Encounter"
                },
                "authoredOn": "2023-10-12T18:15:40Z",
                "requester": {
                    "extension": [
                        {
                            "valueCode": "unknown",
                            "url": "http://hl7.org/fhir/StructureDefinition/data-absent-reason"
                        }
                    ]
                },
                "recorder": {
                    "reference": "Practitioner/e7NvHbT1yipP-LcFkHyGq0g3",
                    "type": "Practitioner",
                    "display": "Pre-Procedure Nurse Optime, RN"
                },
                "courseOfTherapyType": {
                    "coding": [
                        {
                            "system": "http://terminology.hl7.org/CodeSystem/medicationrequest-course-of-therapy",
                            "code": "continuous",
                            "display": "Continuous long term therapy"
                        }
                    ],
                    "text": "Continuous long term therapy"
                },
                "dosageInstruction": [
                    {
                        "text": "Inhale 1-2 puffs 2 (two) times a day as needed for wheezing., Historical Med",
                        "patientInstruction": "Inhale 1-2 puffs 2 (two) times a day as needed for wheezing.",
                        "timing": {
                            "repeat": {
                                "frequency": 2,
                                "period": 1,
                                "periodUnit": "d"
                            },
                            "code": {
                                "text": "2 times daily as needed"
                            }
                        },
                        "asNeededBoolean": true,
                        "route": {
                            "coding": [
                                {
                                    "system": "urn:oid:1.2.840.114350.1.13.0.1.7.4.798268.7025",
                                    "code": "7",
                                    "display": "Inhalation"
                                }
                            ],
                            "text": "Inhalation"
                        },
                        "doseAndRate": [
                            {
                                "type": {
                                    "coding": [
                                        {
                                            "system": "http://epic.com/CodeSystem/dose-rate-type",
                                            "code": "ordered",
                                            "display": "ordered"
                                        }
                                    ],
                                    "text": "ordered"
                                },
                                "doseRange": {
                                    "low": {
                                        "value": 1,
                                        "unit": "puff",
                                        "system": "http://unitsofmeasure.org",
                                        "code": "{puff}"
                                    },
                                    "high": {
                                        "value": 2,
                                        "unit": "puff",
                                        "system": "http://unitsofmeasure.org",
                                        "code": "{puff}"
                                    }
                                }
                            }
                        ]
                    }
                ]
            },
            "search": {
                "mode": "match"
            }
        },
        {
            "link": [
                {
                    "relation": "self",
                    "url": "https://apporchard.epic.com/interconnect-aocurprd-oauth/api/FHIR/R4/MedicationRequest/erfgGd6HsREhFyuzeeRbtYQ3"
                }
            ],
            "fullUrl": "https://apporchard.epic.com/interconnect-aocurprd-oauth/api/FHIR/R4/MedicationRequest/erfgGd6HsREhFyuzeeRbtYQ3",
            "resource": {
                "resourceType": "MedicationRequest",
                "id": "erfgGd6HsREhFyuzeeRbtYQ3",
                "identifier": [
                    {
                        "use": "usual",
                        "system": "urn:oid:1.2.840.114350.1.13.0.1.7.2.798268",
                        "value": "996496"
                    }
                ],
                "status": "active",
                "intent": "order",
                "category": [
                    {
                        "coding": [
                            {
                                "system": "http://terminology.hl7.org/CodeSystem/medicationrequest-category",
                                "code": "inpatient",
                                "display": "Inpatient"
                            }
                        ],
                        "text": "Inpatient"
                    }
                ],
                "medicationReference": {
                    "reference": "Medication/eUD9eeY2Y73Dce6f8Zv-SfQD258DdHf3yniLDNtVya9FdE7CBOebIRohODbGp3SlU3",
                    "display": "ipratropium-albuterol (COMBIVENT) inhaler 18-103 mcg/act"
                },
                "subject": {
                    "reference": "Patient/e1sjqc9CyzE2scBMskXfA0Q3",
                    "display": "Zzambmaster, Peggy"
                },
                "encounter": {
                    "reference": "Encounter/e37EasHyg9Bdj6Epson8bnw3",
                    "display": "Hospital Encounter"
                },
                "authoredOn": "2023-10-12T18:04:49Z",
                "requester": {
                    "reference": "Practitioner/eOyFJ.PiGBcbhr3T1oyJZ1A3",
                    "type": "Practitioner",
                    "display": "Physician Surgery, MD"
                },
                "recorder": {
                    "reference": "Practitioner/eOyFJ.PiGBcbhr3T1oyJZ1A3",
                    "type": "Practitioner",
                    "display": "Physician Surgery, MD"
                },
                "courseOfTherapyType": {
                    "coding": [
                        {
                            "system": "http://terminology.hl7.org/CodeSystem/medicationrequest-course-of-therapy",
                            "code": "acute",
                            "display": "Short course (acute) therapy"
                        }
                    ],
                    "text": "Short course (acute) therapy"
                },
                "dosageInstruction": [
                    {
                        "text": "2 puff, Inhalation, Once, On Thu 10/12/23 at 1315, For 1 dose, Pre-op",
                        "timing": {
                            "repeat": {
                                "boundsPeriod": {
                                    "start": "2023-10-12T18:15:00Z"
                                },
                                "count": 1
                            },
                            "code": {
                                "text": "Once"
                            }
                        },
                        "asNeededBoolean": false,
                        "route": {
                            "coding": [
                                {
                                    "system": "urn:oid:1.2.840.114350.1.13.0.1.7.4.798268.7025",
                                    "code": "7",
                                    "display": "Inhalation"
                                }
                            ],
                            "text": "Inhalation"
                        },
                        "doseAndRate": [
                            {
                                "type": {
                                    "coding": [
                                        {
                                            "system": "http://epic.com/CodeSystem/dose-rate-type",
                                            "code": "calculated",
                                            "display": "calculated"
                                        }
                                    ],
                                    "text": "calculated"
                                },
                                "doseQuantity": {
                                    "value": 2,
                                    "unit": "puff",
                                    "system": "http://unitsofmeasure.org",
                                    "code": "{puff}"
                                }
                            },
                            {
                                "type": {
                                    "coding": [
                                        {
                                            "system": "http://epic.com/CodeSystem/dose-rate-type",
                                            "code": "admin-amount",
                                            "display": "admin-amount"
                                        }
                                    ],
                                    "text": "admin-amount"
                                },
                                "doseQuantity": {
                                    "value": 2,
                                    "unit": "puff",
                                    "system": "http://unitsofmeasure.org",
                                    "code": "{puff}"
                                }
                            },
                            {
                                "type": {
                                    "coding": [
                                        {
                                            "system": "http://epic.com/CodeSystem/dose-rate-type",
                                            "code": "ordered",
                                            "display": "ordered"
                                        }
                                    ],
                                    "text": "ordered"
                                },
                                "doseQuantity": {
                                    "value": 2,
                                    "unit": "puff",
                                    "system": "http://unitsofmeasure.org",
                                    "code": "{puff}"
                                }
                            }
                        ]
                    }
                ]
            },
            "search": {
                "mode": "match"
            }
        },
        {
            "link": [
                {
                    "relation": "self",
                    "url": "https://apporchard.epic.com/interconnect-aocurprd-oauth/api/FHIR/R4/MedicationRequest/ew2KE7RO3iqNj8HE1rHbrag3"
                }
            ],
            "fullUrl": "https://apporchard.epic.com/interconnect-aocurprd-oauth/api/FHIR/R4/MedicationRequest/ew2KE7RO3iqNj8HE1rHbrag3",
            "resource": {
                "resourceType": "MedicationRequest",
                "id": "ew2KE7RO3iqNj8HE1rHbrag3",
                "identifier": [
                    {
                        "use": "usual",
                        "system": "urn:oid:1.2.840.114350.1.13.0.1.7.2.798268",
                        "value": "996495"
                    }
                ],
                "status": "active",
                "intent": "order",
                "category": [
                    {
                        "coding": [
                            {
                                "system": "http://terminology.hl7.org/CodeSystem/medicationrequest-category",
                                "code": "inpatient",
                                "display": "Inpatient"
                            }
                        ],
                        "text": "Inpatient"
                    }
                ],
                "medicationReference": {
                    "reference": "Medication/etzXHI-28NW9GeRa0JFjJ-o9oVy0kvLxxuHLagWL9bdhq8ZyLRUj.N3tck4iNWpQ-3",
                    "display": "cetirizine (ZyrTEC) tablet"
                },
                "subject": {
                    "reference": "Patient/e1sjqc9CyzE2scBMskXfA0Q3",
                    "display": "Zzambmaster, Peggy"
                },
                "encounter": {
                    "reference": "Encounter/e37EasHyg9Bdj6Epson8bnw3",
                    "display": "Hospital Encounter"
                },
                "authoredOn": "2023-10-12T18:04:49Z",
                "requester": {
                    "reference": "Practitioner/eOyFJ.PiGBcbhr3T1oyJZ1A3",
                    "type": "Practitioner",
                    "display": "Physician Surgery, MD"
                },
                "recorder": {
                    "reference": "Practitioner/eOyFJ.PiGBcbhr3T1oyJZ1A3",
                    "type": "Practitioner",
                    "display": "Physician Surgery, MD"
                },
                "courseOfTherapyType": {
                    "coding": [
                        {
                            "system": "http://terminology.hl7.org/CodeSystem/medicationrequest-course-of-therapy",
                            "code": "acute",
                            "display": "Short course (acute) therapy"
                        }
                    ],
                    "text": "Short course (acute) therapy"
                },
                "dosageInstruction": [
                    {
                        "text": "5 mg, Oral, Once, On Thu 10/12/23 at 1315, For 1 dose, Pre-op",
                        "timing": {
                            "repeat": {
                                "boundsPeriod": {
                                    "start": "2023-10-12T18:15:00Z"
                                },
                                "count": 1
                            },
                            "code": {
                                "text": "Once"
                            }
                        },
                        "asNeededBoolean": false,
                        "route": {
                            "coding": [
                                {
                                    "system": "http://snomed.info/sct",
                                    "code": "260548002",
                                    "display": "Oral (qualifier value)"
                                },
                                {
                                    "system": "urn:oid:1.2.840.114350.1.13.0.1.7.4.798268.7025",
                                    "code": "15",
                                    "display": "Oral"
                                }
                            ],
                            "text": "Oral"
                        },
                        "doseAndRate": [
                            {
                                "type": {
                                    "coding": [
                                        {
                                            "system": "http://epic.com/CodeSystem/dose-rate-type",
                                            "code": "calculated",
                                            "display": "calculated"
                                        }
                                    ],
                                    "text": "calculated"
                                },
                                "doseQuantity": {
                                    "value": 5,
                                    "unit": "mg",
                                    "system": "http://unitsofmeasure.org",
                                    "code": "mg"
                                }
                            },
                            {
                                "type": {
                                    "coding": [
                                        {
                                            "system": "http://epic.com/CodeSystem/dose-rate-type",
                                            "code": "admin-amount",
                                            "display": "admin-amount"
                                        }
                                    ],
                                    "text": "admin-amount"
                                },
                                "doseQuantity": {
                                    "value": 1,
                                    "unit": "tablet",
                                    "system": "http://unitsofmeasure.org",
                                    "code": "{tbl}"
                                }
                            },
                            {
                                "type": {
                                    "coding": [
                                        {
                                            "system": "http://epic.com/CodeSystem/dose-rate-type",
                                            "code": "ordered",
                                            "display": "ordered"
                                        }
                                    ],
                                    "text": "ordered"
                                },
                                "doseQuantity": {
                                    "value": 5,
                                    "unit": "mg",
                                    "system": "http://unitsofmeasure.org",
                                    "code": "mg"
                                }
                            }
                        ]
                    }
                ]
            },
            "search": {
                "mode": "match"
            }
        },
        {
            "link": [
                {
                    "relation": "self",
                    "url": "https://apporchard.epic.com/interconnect-aocurprd-oauth/api/FHIR/R4/MedicationRequest/eyk1aeOkqz5zotnr6uPJNtQ3"
                }
            ],
            "fullUrl": "https://apporchard.epic.com/interconnect-aocurprd-oauth/api/FHIR/R4/MedicationRequest/eyk1aeOkqz5zotnr6uPJNtQ3",
            "resource": {
                "resourceType": "MedicationRequest",
                "id": "eyk1aeOkqz5zotnr6uPJNtQ3",
                "identifier": [
                    {
                        "use": "usual",
                        "system": "urn:oid:1.2.840.114350.1.13.0.1.7.2.798268",
                        "value": "996513"
                    }
                ],
                "status": "active",
                "intent": "order",
                "category": [
                    {
                        "coding": [
                            {
                                "system": "http://terminology.hl7.org/CodeSystem/medicationrequest-category",
                                "code": "community",
                                "display": "Community"
                            }
                        ],
                        "text": "Community"
                    },
                    {
                        "coding": [
                            {
                                "system": "http://terminology.hl7.org/CodeSystem/medicationrequest-category",
                                "code": "discharge",
                                "display": "Discharge"
                            }
                        ],
                        "text": "Discharge"
                    }
                ],
                "medicationReference": {
                    "reference": "Medication/ePHbup4NQwo4RzUk6HacDVAWS1ESgDYUFDbx7Xz6hwAF5vyvm69KSdZZWJUwWyo5U3",
                    "display": "acetaminophen-codeine (TYLENOL #3) tablet 300-30 mg"
                },
                "subject": {
                    "reference": "Patient/e1sjqc9CyzE2scBMskXfA0Q3",
                    "display": "Zzambmaster, Peggy"
                },
                "encounter": {
                    "reference": "Encounter/e37EasHyg9Bdj6Epson8bnw3",
                    "display": "Hospital Encounter"
                },
                "authoredOn": "2023-10-12",
                "requester": {
                    "reference": "Practitioner/eOyFJ.PiGBcbhr3T1oyJZ1A3",
                    "type": "Practitioner",
                    "display": "Physician Surgery, MD"
                },
                "recorder": {
                    "reference": "Practitioner/eOyFJ.PiGBcbhr3T1oyJZ1A3",
                    "type": "Practitioner",
                    "display": "Physician Surgery, MD"
                },
                "courseOfTherapyType": {
                    "coding": [
                        {
                            "system": "http://terminology.hl7.org/CodeSystem/medicationrequest-course-of-therapy",
                            "code": "acute",
                            "display": "Short course (acute) therapy"
                        }
                    ],
                    "text": "Short course (acute) therapy"
                },
                "dosageInstruction": [
                    {
                        "text": "Take 1-2 tablets by mouth every 4 (four) hours as needed for mild pain for up to 7 days. Do not take more than 12 tablets in 24 hours., Starting Thu 10/12/2023, Until Thu 10/19/2023 at 2359, Print",
                        "patientInstruction": "Take 1-2 tablets by mouth every 4 (four) hours as needed for mild pain for up to 7 days. Do not take more than 12 tablets in 24 hours.",
                        "timing": {
                            "repeat": {
                                "boundsPeriod": {
                                    "start": "2023-10-12"
                                },
                                "frequency": 1,
                                "period": 4,
                                "periodUnit": "h"
                            },
                            "code": {
                                "text": "Every 4 (four) hours as needed"
                            }
                        },
                        "asNeededBoolean": true,
                        "route": {
                            "coding": [
                                {
                                    "system": "http://snomed.info/sct",
                                    "code": "260548002",
                                    "display": "Oral (qualifier value)"
                                },
                                {
                                    "system": "urn:oid:1.2.840.114350.1.13.0.1.7.4.798268.7025",
                                    "code": "15",
                                    "display": "Oral"
                                }
                            ],
                            "text": "Oral"
                        },
                        "method": {
                            "coding": [
                                {
                                    "system": "http://snomed.info/sct",
                                    "code": "419652001",
                                    "display": "Take"
                                }
                            ],
                            "text": "Take"
                        },
                        "doseAndRate": [
                            {
                                "type": {
                                    "coding": [
                                        {
                                            "system": "http://epic.com/CodeSystem/dose-rate-type",
                                            "code": "calculated",
                                            "display": "calculated"
                                        }
                                    ],
                                    "text": "calculated"
                                },
                                "doseRange": {
                                    "low": {
                                        "value": 1,
                                        "unit": "tablet",
                                        "system": "http://unitsofmeasure.org",
                                        "code": "{tbl}"
                                    },
                                    "high": {
                                        "value": 2,
                                        "unit": "tablet",
                                        "system": "http://unitsofmeasure.org",
                                        "code": "{tbl}"
                                    }
                                }
                            },
                            {
                                "type": {
                                    "coding": [
                                        {
                                            "system": "http://epic.com/CodeSystem/dose-rate-type",
                                            "code": "admin-amount",
                                            "display": "admin-amount"
                                        }
                                    ],
                                    "text": "admin-amount"
                                },
                                "doseRange": {
                                    "low": {
                                        "value": 1,
                                        "unit": "tablet",
                                        "system": "http://unitsofmeasure.org",
                                        "code": "{tbl}"
                                    },
                                    "high": {
                                        "value": 2,
                                        "unit": "tablet",
                                        "system": "http://unitsofmeasure.org",
                                        "code": "{tbl}"
                                    }
                                }
                            },
                            {
                                "type": {
                                    "coding": [
                                        {
                                            "system": "http://epic.com/CodeSystem/dose-rate-type",
                                            "code": "ordered",
                                            "display": "ordered"
                                        }
                                    ],
                                    "text": "ordered"
                                },
                                "doseRange": {
                                    "low": {
                                        "value": 1,
                                        "unit": "tablet",
                                        "system": "http://unitsofmeasure.org",
                                        "code": "{tbl}"
                                    },
                                    "high": {
                                        "value": 2,
                                        "unit": "tablet",
                                        "system": "http://unitsofmeasure.org",
                                        "code": "{tbl}"
                                    }
                                }
                            }
                        ]
                    }
                ],
                "dispenseRequest": {
                    "validityPeriod": {
                        "start": "2023-10-12"
                    },
                    "numberOfRepeatsAllowed": 0,
                    "quantity": {
                        "value": 30,
                        "unit": "tablet"
                    },
                    "expectedSupplyDuration": {
                        "value": 3,
                        "unit": "Day",
                        "system": "http://unitsofmeasure.org",
                        "code": "d"
                    }
                }
            },
            "search": {
                "mode": "match"
            }
        }
    ]
}