{
    "resourceType": "Bundle",
    "type": "searchset",
    "total": 9,
    "link": [
        {
            "relation": "self",
            "url": "https://apporchard.epic.com/interconnect-aocurprd-oauth/api/FHIR/R4/MedicationRequest?_format=json&patient=epb1m.0iTxBK3nygIAyG8gQ3"
        }
    ],
    "entry": [
        {
            "link": [
                {
                    "relation": "self",
                    "url": "https://apporchard.epic.com/interconnect-aocurprd-oauth/api/FHIR/R4/MedicationRequest/eBZU-CqihhndUKf0z.soAa6wc7ecJIcOOTRJXF7KcMKQ3"
                }
            ],
            "fullUrl": "https://apporchard.epic.com/interconnect-aocurprd-oauth/api/FHIR/R4/MedicationRequest/eBZU-CqihhndUKf0z.soAa6wc7ecJIcOOTRJXF7KcMKQ3",
            "resource": {
                "resourceType": "MedicationRequest",
                "id": "eBZU-CqihhndUKf0z.soAa6wc7ecJIcOOTRJXF7KcMKQ3",
                "identifier": [
                    {
                        "use": "usual",
                        "system": "urn:oid:1.2.840.114350.1.13.0.1.7.2.798268",
                        "value": "1003921"
                    }
                ],
                "status": "stopped",
                "intent": "order",
                "category": [
                    {
                        "coding": [
                            {
                                "system": "http://terminology.hl7.org/CodeSystem/medicationrequest-category",
                                "code": "outpatient",
                                "display": "Outpatient"
                            }
                        ],
                        "text": "Outpatient"
                    }
                ],
                "medicationReference": {
                    "reference": "Medication/eLz5HrB6Ib-SaYdqM6xaNm0fjv-SxVmAzAiz8TLe3VURaciRQ5erpKWujFoT8O3Et3",
                    "display": "morphine PF injection 0.5 mg/mL"
                },
                "subject": {
                    "reference": "Patient/epb1m.0iTxBK3nygIAyG8gQ3",
                    "display": "Deer, Dorothy OpTime"
                },
                "encounter": {
                    "identifier": {
                        "use": "usual",
                        "system": "urn:oid:1.2.840.114350.1.13.0.1.7.3.698084.8",
                        "value": "26391"
                    },
                    "display": "Anesthesia"
                },
                "authoredOn": "2024-07-12T17:02:43Z",
                "requester": {
                    "reference": "Practitioner/enHmcmrIOygs4mq-t6soebQ3",
                    "type": "Practitioner",
                    "display": "Anesthesiologist Anesthesia, MD"
                },
                "recorder": {
                    "reference": "Practitioner/enHmcmrIOygs4mq-t6soebQ3",
                    "type": "Practitioner",
                    "display": "Anesthesiologist Anesthesia, MD"
                },
                "courseOfTherapyType": {
                    "coding": [
                        {
                            "system": "http://terminology.hl7.org/CodeSystem/medicationrequest-course-of-therapy",
                            "code": "acute",
                            "display": "Short course (acute) therapy"
                        }
                    ],
                    "text": "Short course (acute) therapy"
                },
                "dosageInstruction": [
                    {
                        "text": "Intravenous, As needed, severe pain, Starting on Fri 7/12/24 at 0707, Anesthesia Intra-op",
                        "timing": {
                            "repeat": {
                                "boundsPeriod": {
                                    "start": "2024-07-12T12:07:00Z",
                                    "end": "2024-07-12T17:10:43Z"
                                },
                                "frequency": 1,
                                "period": 1,
                                "periodUnit": "d"
                            },
                            "code": {
                                "text": "As needed"
                            }
                        },
                        "asNeededBoolean": true,
                        "route": {
                            "coding": [
                                {
                                    "system": "http://snomed.info/sct",
                                    "code": "418114005",
                                    "display": "Intravenous central route (qualifier value)"
                                },
                                {
                                    "system": "urn:oid:1.2.840.114350.1.13.0.1.7.4.798268.7025",
                                    "code": "11",
                                    "display": "Intravenous"
                                }
                            ],
                            "text": "Intravenous"
                        }
                    }
                ]
            },
            "search": {
                "mode": "match"
            }
        },
        {
            "link": [
                {
                    "relation": "self",
                    "url": "https://apporchard.epic.com/interconnect-aocurprd-oauth/api/FHIR/R4/MedicationRequest/eH16mJXDgV7XK4PmYghHpG.P0umCm2rerw0MqGkzcqxg3"
                }
            ],
            "fullUrl": "https://apporchard.epic.com/interconnect-aocurprd-oauth/api/FHIR/R4/MedicationRequest/eH16mJXDgV7XK4PmYghHpG.P0umCm2rerw0MqGkzcqxg3",
            "resource": {
                "resourceType": "MedicationRequest",
                "id": "eH16mJXDgV7XK4PmYghHpG.P0umCm2rerw0MqGkzcqxg3",
                "identifier": [
                    {
                        "use": "usual",
                        "system": "urn:oid:1.2.840.114350.1.13.0.1.7.2.798268",
                        "value": "1003932"
                    }
                ],
                "status": "stopped",
                "intent": "order",
                "category": [
                    {
                        "coding": [
                            {
                                "system": "http://terminology.hl7.org/CodeSystem/medicationrequest-category",
                                "code": "inpatient",
                                "display": "Inpatient"
                            }
                        ],
                        "text": "Inpatient"
                    }
                ],
                "medicationReference": {
                    "reference": "Medication/etFLtcZjjOkf9P25NFAssLyr6yitcQWJLIcUuu9ThLDRWyQSX2Uh-mWqgJouznCTg3",
                    "display": "chlorhexidine (HIBICLENS) external liquid 4%"
                },
                "subject": {
                    "reference": "Patient/epb1m.0iTxBK3nygIAyG8gQ3",
                    "display": "Deer, Dorothy OpTime"
                },
                "encounter": {
                    "reference": "Encounter/eJH233Udtfr6S9IcV9lGNig3",
                    "display": "Hospital Encounter"
                },
                "authoredOn": "2024-07-12T15:58:20Z",
                "requester": {
                    "reference": "Practitioner/eRgcOyrDHZihisGGw-jg1lA3",
                    "type": "Practitioner",
                    "display": "Physician Orthopaedics, MD"
                },
                "recorder": {
                    "reference": "Practitioner/eRgcOyrDHZihisGGw-jg1lA3",
                    "type": "Practitioner",
                    "display": "Physician Orthopaedics, MD"
                },
                "courseOfTherapyType": {
                    "coding": [
                        {
                            "system": "http://terminology.hl7.org/CodeSystem/medicationrequest-course-of-therapy",
                            "code": "acute",
                            "display": "Short course (acute) therapy"
                        }
                    ],
                    "text": "Short course (acute) therapy"
                },
                "dosageInstruction": [
                    {
                        "text": "Topical, Daily PRN, Surgical Scrub, Starting on Fri 7/12/24 at 1058, Pre-op\nScrub operative site for 10 minutes during shower/bath the evening before and the morning of surgery.\n",
                        "timing": {
                            "repeat": {
                                "boundsPeriod": {
                                    "start": "2024-07-12T15:58:16Z",
                                    "end": "2024-07-12T19:24:21Z"
                                },
                                "frequency": 1,
                                "period": 24,
                                "periodUnit": "h"
                            },
                            "code": {
                                "text": "Daily as needed"
                            }
                        },
                        "asNeededBoolean": true,
                        "route": {
                            "coding": [
                                {
                                    "system": "http://snomed.info/sct",
                                    "code": "359540000",
                                    "display": "Topical (qualifier value)"
                                },
                                {
                                    "system": "urn:oid:1.2.840.114350.1.13.0.1.7.4.798268.7025",
                                    "code": "36",
                                    "display": "Topical"
                                }
                            ],
                            "text": "Topical"
                        }
                    }
                ]
            },
            "search": {
                "mode": "match"
            }
        },
        {
            "link": [
                {
                    "relation": "self",
                    "url": "https://apporchard.epic.com/interconnect-aocurprd-oauth/api/FHIR/R4/MedicationRequest/eIoM9Wc67GgCT1lz6-deCzc-16oS6AJ1cB6QyxIA6tyY3"
                }
            ],
            "fullUrl": "https://apporchard.epic.com/interconnect-aocurprd-oauth/api/FHIR/R4/MedicationRequest/eIoM9Wc67GgCT1lz6-deCzc-16oS6AJ1cB6QyxIA6tyY3",
            "resource": {
                "resourceType": "MedicationRequest",
                "id": "eIoM9Wc67GgCT1lz6-deCzc-16oS6AJ1cB6QyxIA6tyY3",
                "identifier": [
                    {
                        "use": "usual",
                        "system": "urn:oid:1.2.840.114350.1.13.0.1.7.2.798268",
                        "value": "1003920"
                    }
                ],
                "status": "stopped",
                "intent": "order",
                "category": [
                    {
                        "coding": [
                            {
                                "system": "http://terminology.hl7.org/CodeSystem/medicationrequest-category",
                                "code": "outpatient",
                                "display": "Outpatient"
                            }
                        ],
                        "text": "Outpatient"
                    }
                ],
                "medicationReference": {
                    "reference": "Medication/eLwv.5VWp4qcFZVsHCqozTildPxKgQ1VevMCB6XWJy2L70gIbnzAaZ.9dttoJqieJ3",
                    "display": "midazolam (VERSED) injection 5 mg/5 mL"
                },
                "subject": {
                    "reference": "Patient/epb1m.0iTxBK3nygIAyG8gQ3",
                    "display": "Deer, Dorothy OpTime"
                },
                "encounter": {
                    "identifier": {
                        "use": "usual",
                        "system": "urn:oid:1.2.840.114350.1.13.0.1.7.3.698084.8",
                        "value": "26391"
                    },
                    "display": "Anesthesia"
                },
                "authoredOn": "2024-07-12T17:02:33Z",
                "requester": {
                    "reference": "Practitioner/enHmcmrIOygs4mq-t6soebQ3",
                    "type": "Practitioner",
                    "display": "Anesthesiologist Anesthesia, MD"
                },
                "recorder": {
                    "reference": "Practitioner/enHmcmrIOygs4mq-t6soebQ3",
                    "type": "Practitioner",
                    "display": "Anesthesiologist Anesthesia, MD"
                },
                "courseOfTherapyType": {
                    "coding": [
                        {
                            "system": "http://terminology.hl7.org/CodeSystem/medicationrequest-course-of-therapy",
                            "code": "acute",
                            "display": "Short course (acute) therapy"
                        }
                    ],
                    "text": "Short course (acute) therapy"
                },
                "dosageInstruction": [
                    {
                        "text": "Intravenous, As needed, Starting on Fri 7/12/24 at 0700, Anesthesia Intra-op",
                        "timing": {
                            "repeat": {
                                "boundsPeriod": {
                                    "start": "2024-07-12T12:00:00Z",
                                    "end": "2024-07-12T17:10:43Z"
                                },
                                "frequency": 1,
                                "period": 1,
                                "periodUnit": "d"
                            },
                            "code": {
                                "text": "As needed"
                            }
                        },
                        "asNeededBoolean": true,
                        "route": {
                            "coding": [
                                {
                                    "system": "http://snomed.info/sct",
                                    "code": "418114005",
                                    "display": "Intravenous central route (qualifier value)"
                                },
                                {
                                    "system": "urn:oid:1.2.840.114350.1.13.0.1.7.4.798268.7025",
                                    "code": "11",
                                    "display": "Intravenous"
                                }
                            ],
                            "text": "Intravenous"
                        }
                    }
                ]
            },
            "search": {
                "mode": "match"
            }
        },
        {
            "link": [
                {
                    "relation": "self",
                    "url": "https://apporchard.epic.com/interconnect-aocurprd-oauth/api/FHIR/R4/MedicationRequest/eIulv5l3wv2ypi-dFgt.vwWGz.Zfv6c1SXDBUh5JqSgw3"
                }
            ],
            "fullUrl": "https://apporchard.epic.com/interconnect-aocurprd-oauth/api/FHIR/R4/MedicationRequest/eIulv5l3wv2ypi-dFgt.vwWGz.Zfv6c1SXDBUh5JqSgw3",
            "resource": {
                "resourceType": "MedicationRequest",
                "id": "eIulv5l3wv2ypi-dFgt.vwWGz.Zfv6c1SXDBUh5JqSgw3",
                "identifier": [
                    {
                        "use": "usual",
                        "system": "urn:oid:1.2.840.114350.1.13.0.1.7.2.798268",
                        "value": "1003940"
                    }
                ],
                "status": "stopped",
                "intent": "order",
                "category": [
                    {
                        "coding": [
                            {
                                "system": "http://terminology.hl7.org/CodeSystem/medicationrequest-category",
                                "code": "inpatient",
                                "display": "Inpatient"
                            }
                        ],
                        "text": "Inpatient"
                    }
                ],
                "medicationReference": {
                    "reference": "Medication/eLSmw4.Hohw6Y.tKyg5VnVbNlyYrTXuN6.N0NY66LgYM3wqGoD8-Cvy2wchkAzuIh3",
                    "display": "lactated Ringer's infusion"
                },
                "subject": {
                    "reference": "Patient/epb1m.0iTxBK3nygIAyG8gQ3",
                    "display": "Deer, Dorothy OpTime"
                },
                "encounter": {
                    "reference": "Encounter/eJH233Udtfr6S9IcV9lGNig3",
                    "display": "Hospital Encounter"
                },
                "authoredOn": "2024-07-12T16:02:54Z",
                "requester": {
                    "reference": "Practitioner/eRgcOyrDHZihisGGw-jg1lA3",
                    "type": "Practitioner",
                    "display": "Physician Orthopaedics, MD"
                },
                "recorder": {
                    "reference": "Practitioner/e7NvHbT1yipP-LcFkHyGq0g3",
                    "type": "Practitioner",
                    "display": "Pre-Procedure Nurse Optime, RN"
                },
                "courseOfTherapyType": {
                    "coding": [
                        {
                            "system": "http://terminology.hl7.org/CodeSystem/medicationrequest-course-of-therapy",
                            "code": "acute",
                            "display": "Short course (acute) therapy"
                        }
                    ],
                    "text": "Short course (acute) therapy"
                },
                "dosageInstruction": [
                    {
                        "text": "100 mL/hr, Intravenous, Continuous, Starting on Fri 7/12/24 at 1115",
                        "timing": {
                            "repeat": {
                                "boundsPeriod": {
                                    "start": "2024-07-12T16:15:00Z",
                                    "end": "2024-07-12T19:24:21Z"
                                }
                            },
                            "code": {
                                "text": "Continuous"
                            }
                        },
                        "asNeededBoolean": false,
                        "route": {
                            "coding": [
                                {
                                    "system": "http://snomed.info/sct",
                                    "code": "418114005",
                                    "display": "Intravenous central route (qualifier value)"
                                },
                                {
                                    "system": "urn:oid:1.2.840.114350.1.13.0.1.7.4.798268.7025",
                                    "code": "11",
                                    "display": "Intravenous"
                                }
                            ],
                            "text": "Intravenous"
                        },
                        "doseAndRate": [
                            {
                                "type": {
                                    "coding": [
                                        {
                                            "system": "http://epic.com/CodeSystem/dose-rate-type",
                                            "code": "calculated",
                                            "display": "calculated"
                                        }
                                    ],
                                    "text": "calculated"
                                },
                                "doseQuantity": {
                                    "value": 100,
                                    "unit": "mL/hr",
                                    "system": "http://unitsofmeasure.org",
                                    "code": "mL/h"
                                }
                            },
                            {
                                "type": {
                                    "coding": [
                                        {
                                            "system": "http://epic.com/CodeSystem/dose-rate-type",
                                            "code": "ordered",
                                            "display": "ordered"
                                        }
                                    ],
                                    "text": "ordered"
                                },
                                "doseQuantity": {
                                    "value": 100,
                                    "unit": "mL/hr",
                                    "system": "http://unitsofmeasure.org",
                                    "code": "mL/h"
                                }
                            }
                        ]
                    }
                ]
            },
            "search": {
                "mode": "match"
            }
        },
        {
            "link": [
                {
                    "relation": "self",
                    "url": "https://apporchard.epic.com/interconnect-aocurprd-oauth/api/FHIR/R4/MedicationRequest/ed5dxZtRs9IBG1beHUWmJPuzAzxJmJGK4ETuJYzjP5.A3"
                }
            ],
            "fullUrl": "https://apporchard.epic.com/interconnect-aocurprd-oauth/api/FHIR/R4/MedicationRequest/ed5dxZtRs9IBG1beHUWmJPuzAzxJmJGK4ETuJYzjP5.A3",
            "resource": {
                "resourceType": "MedicationRequest",
                "id": "ed5dxZtRs9IBG1beHUWmJPuzAzxJmJGK4ETuJYzjP5.A3",
                "identifier": [
                    {
                        "use": "usual",
                        "system": "urn:oid:1.2.840.114350.1.13.0.1.7.2.798268",
                        "value": "1003941"
                    }
                ],
                "status": "active",
                "intent": "plan",
                "category": [
                    {
                        "coding": [
                            {
                                "system": "http://terminology.hl7.org/CodeSystem/medicationrequest-category",
                                "code": "community",
                                "display": "Community"
                            }
                        ],
                        "text": "Community"
                    }
                ],
                "reportedBoolean": true,
                "medicationReference": {
                    "reference": "Medication/eyEuXUuDLzMYptywmLa3sfD4GfD6wczmMuGr5O.UBCaUREhXT0TNCCdgz.SqpR4WS3",
                    "display": "fluticasone (FLONASE) nasal spray"
                },
                "subject": {
                    "reference": "Patient/epb1m.0iTxBK3nygIAyG8gQ3",
                    "display": "Deer, Dorothy OpTime"
                },
                "encounter": {
                    "reference": "Encounter/eJH233Udtfr6S9IcV9lGNig3",
                    "display": "Hospital Encounter"
                },
                "authoredOn": "2024-07-12T16:07:55Z",
                "requester": {
                    "extension": [
                        {
                            "valueCode": "unknown",
                            "url": "http://hl7.org/fhir/StructureDefinition/data-absent-reason"
                        }
                    ]
                },
                "recorder": {
                    "reference": "Practitioner/e7NvHbT1yipP-LcFkHyGq0g3",
                    "type": "Practitioner",
                    "display": "Pre-Procedure Nurse Optime, RN"
                },
                "courseOfTherapyType": {
                    "coding": [
                        {
                            "system": "http://terminology.hl7.org/CodeSystem/medicationrequest-course-of-therapy",
                            "code": "continuous",
                            "display": "Continuous long term therapy"
                        }
                    ],
                    "text": "Continuous long term therapy"
                },
                "dosageInstruction": [
                    {
                        "text": "Administer 1 spray into each nostril 1 (one) time each day., Historical Med",
                        "patientInstruction": "Administer 1 spray into each nostril 1 (one) time each day.",
                        "timing": {
                            "repeat": {
                                "timeOfDay": [
                                    "09:00:00"
                                ]
                            },
                            "code": {
                                "text": "0900"
                            }
                        },
                        "asNeededBoolean": false,
                        "route": {
                            "coding": [
                                {
                                    "system": "urn:oid:1.2.840.114350.1.13.0.1.7.4.798268.7025",
                                    "code": "110",
                                    "display": "Each Nostril"
                                }
                            ],
                            "text": "Each Nostril"
                        },
                        "doseAndRate": [
                            {
                                "type": {
                                    "coding": [
                                        {
                                            "system": "http://epic.com/CodeSystem/dose-rate-type",
                                            "code": "ordered",
                                            "display": "ordered"
                                        }
                                    ],
                                    "text": "ordered"
                                },
                                "doseQuantity": {
                                    "value": 1,
                                    "unit": "spray",
                                    "system": "http://unitsofmeasure.org",
                                    "code": "{spray}"
                                }
                            }
                        ]
                    }
                ]
            },
            "search": {
                "mode": "match"
            }
        },
        {
            "link": [
                {
                    "relation": "self",
                    "url": "https://apporchard.epic.com/interconnect-aocurprd-oauth/api/FHIR/R4/MedicationRequest/ejHoOi4-QjpXm64uxzGMvPuXrkiw.6nFXyD4TNezQDBw3"
                }
            ],
            "fullUrl": "https://apporchard.epic.com/interconnect-aocurprd-oauth/api/FHIR/R4/MedicationRequest/ejHoOi4-QjpXm64uxzGMvPuXrkiw.6nFXyD4TNezQDBw3",
            "resource": {
                "resourceType": "MedicationRequest",
                "id": "ejHoOi4-QjpXm64uxzGMvPuXrkiw.6nFXyD4TNezQDBw3",
                "identifier": [
                    {
                        "use": "usual",
                        "system": "urn:oid:1.2.840.114350.1.13.0.1.7.2.798268",
                        "value": "1003923"
                    }
                ],
                "status": "stopped",
                "intent": "order",
                "category": [
                    {
                        "coding": [
                            {
                                "system": "http://terminology.hl7.org/CodeSystem/medicationrequest-category",
                                "code": "outpatient",
                                "display": "Outpatient"
                            }
                        ],
                        "text": "Outpatient"
                    }
                ],
                "medicationReference": {
                    "reference": "Medication/eXGELocrSbsOvuxyVIEqFKzlKgA3i0r5GEBQBWJ-ZYFMsR9Jo9Qfpc8Prl8xSWZGm3",
                    "display": "ropivacaine epidural 0.2 %"
                },
                "subject": {
                    "reference": "Patient/epb1m.0iTxBK3nygIAyG8gQ3",
                    "display": "Deer, Dorothy OpTime"
                },
                "encounter": {
                    "identifier": {
                        "use": "usual",
                        "system": "urn:oid:1.2.840.114350.1.13.0.1.7.3.698084.8",
                        "value": "26391"
                    },
                    "display": "Anesthesia"
                },
                "authoredOn": "2024-07-12T17:03:00Z",
                "requester": {
                    "reference": "Practitioner/enHmcmrIOygs4mq-t6soebQ3",
                    "type": "Practitioner",
                    "display": "Anesthesiologist Anesthesia, MD"
                },
                "recorder": {
                    "reference": "Practitioner/enHmcmrIOygs4mq-t6soebQ3",
                    "type": "Practitioner",
                    "display": "Anesthesiologist Anesthesia, MD"
                },
                "courseOfTherapyType": {
                    "coding": [
                        {
                            "system": "http://terminology.hl7.org/CodeSystem/medicationrequest-course-of-therapy",
                            "code": "acute",
                            "display": "Short course (acute) therapy"
                        }
                    ],
                    "text": "Short course (acute) therapy"
                },
                "dosageInstruction": [
                    {
                        "text": "As needed, Starting on Fri 7/12/24 at 0707, Anesthesia Intra-op",
                        "timing": {
                            "repeat": {
                                "boundsPeriod": {
                                    "start": "2024-07-12T12:07:00Z",
                                    "end": "2024-07-12T17:10:43Z"
                                },
                                "frequency": 1,
                                "period": 1,
                                "periodUnit": "d"
                            },
                            "code": {
                                "text": "As needed"
                            }
                        },
                        "asNeededBoolean": true
                    }
                ]
            },
            "search": {
                "mode": "match"
            }
        },
        {
            "link": [
                {
                    "relation": "self",
                    "url": "https://apporchard.epic.com/interconnect-aocurprd-oauth/api/FHIR/R4/MedicationRequest/eoGHiLzzKU8Z8-PVyCp45oNLZfn9IwK-xOdoJ7P0oKgo3"
                }
            ],
            "fullUrl": "https://apporchard.epic.com/interconnect-aocurprd-oauth/api/FHIR/R4/MedicationRequest/eoGHiLzzKU8Z8-PVyCp45oNLZfn9IwK-xOdoJ7P0oKgo3",
            "resource": {
                "resourceType": "MedicationRequest",
                "id": "eoGHiLzzKU8Z8-PVyCp45oNLZfn9IwK-xOdoJ7P0oKgo3",
                "identifier": [
                    {
                        "use": "usual",
                        "system": "urn:oid:1.2.840.114350.1.13.0.1.7.2.798268",
                        "value": "1003931"
                    }
                ],
                "status": "completed",
                "intent": "order",
                "category": [
                    {
                        "coding": [
                            {
                                "system": "http://terminology.hl7.org/CodeSystem/medicationrequest-category",
                                "code": "inpatient",
                                "display": "Inpatient"
                            }
                        ],
                        "text": "Inpatient"
                    }
                ],
                "medicationReference": {
                    "reference": "Medication/eHVR9XRi83EjEmf3q01fgtl8soW7rIPzhBOBCOfoteTffA2CrJ3iQxJZIorgEJmEm3",
                    "display": "ceFAZolin (ANCEF) IVPB 2 g in 50 mL (Duplex)"
                },
                "subject": {
                    "reference": "Patient/epb1m.0iTxBK3nygIAyG8gQ3",
                    "display": "Deer, Dorothy OpTime"
                },
                "encounter": {
                    "reference": "Encounter/eJH233Udtfr6S9IcV9lGNig3",
                    "display": "Hospital Encounter"
                },
                "authoredOn": "2024-07-12T15:58:20Z",
                "requester": {
                    "reference": "Practitioner/eRgcOyrDHZihisGGw-jg1lA3",
                    "type": "Practitioner",
                    "display": "Physician Orthopaedics, MD"
                },
                "recorder": {
                    "reference": "Practitioner/eRgcOyrDHZihisGGw-jg1lA3",
                    "type": "Practitioner",
                    "display": "Physician Orthopaedics, MD"
                },
                "courseOfTherapyType": {
                    "coding": [
                        {
                            "system": "http://terminology.hl7.org/CodeSystem/medicationrequest-course-of-therapy",
                            "code": "acute",
                            "display": "Short course (acute) therapy"
                        }
                    ],
                    "text": "Short course (acute) therapy"
                },
                "dosageInstruction": [
                    {
                        "text": "2 g, Intravenous, at 100 mL/hr, Administer over 30 Minutes, Once, On Fri 7/12/24 at 1100, For 1 dose, Pre-op\nAdminister within 1 hour of surgical incision.  Duplex bag - activate before hanging. \n",
                        "timing": {
                            "repeat": {
                                "boundsPeriod": {
                                    "start": "2024-07-12T12:25:00Z",
                                    "end": "2024-07-12T12:25:00Z"
                                },
                                "count": 1,
                                "duration": 30,
                                "durationUnit": "min"
                            },
                            "code": {
                                "text": "Once"
                            }
                        },
                        "asNeededBoolean": false,
                        "route": {
                            "coding": [
                                {
                                    "system": "http://snomed.info/sct",
                                    "code": "418114005",
                                    "display": "Intravenous central route (qualifier value)"
                                },
                                {
                                    "system": "urn:oid:1.2.840.114350.1.13.0.1.7.4.798268.7025",
                                    "code": "11",
                                    "display": "Intravenous"
                                }
                            ],
                            "text": "Intravenous"
                        },
                        "doseAndRate": [
                            {
                                "type": {
                                    "coding": [
                                        {
                                            "system": "http://epic.com/CodeSystem/dose-rate-type",
                                            "code": "calculated",
                                            "display": "calculated"
                                        }
                                    ],
                                    "text": "calculated"
                                },
                                "doseQuantity": {
                                    "value": 2,
                                    "unit": "g",
                                    "system": "http://unitsofmeasure.org",
                                    "code": "g"
                                }
                            },
                            {
                                "type": {
                                    "coding": [
                                        {
                                            "system": "http://epic.com/CodeSystem/dose-rate-type",
                                            "code": "admin-amount",
                                            "display": "admin-amount"
                                        }
                                    ],
                                    "text": "admin-amount"
                                },
                                "doseQuantity": {
                                    "value": 50,
                                    "unit": "mL",
                                    "system": "http://unitsofmeasure.org",
                                    "code": "mL"
                                }
                            },
                            {
                                "type": {
                                    "coding": [
                                        {
                                            "system": "http://epic.com/CodeSystem/dose-rate-type",
                                            "code": "ordered",
                                            "display": "ordered"
                                        }
                                    ],
                                    "text": "ordered"
                                },
                                "doseQuantity": {
                                    "value": 2,
                                    "unit": "g",
                                    "system": "http://unitsofmeasure.org",
                                    "code": "g"
                                }
                            }
                        ]
                    }
                ]
            },
            "search": {
                "mode": "match"
            }
        },
        {
            "link": [
                {
                    "relation": "self",
                    "url": "https://apporchard.epic.com/interconnect-aocurprd-oauth/api/FHIR/R4/MedicationRequest/euWXdbuVn.qu061UuO3t5SzpNACfuJMXw8AeUxsH8DqI3"
                }
            ],
            "fullUrl": "https://apporchard.epic.com/interconnect-aocurprd-oauth/api/FHIR/R4/MedicationRequest/euWXdbuVn.qu061UuO3t5SzpNACfuJMXw8AeUxsH8DqI3",
            "resource": {
                "resourceType": "MedicationRequest",
                "id": "euWXdbuVn.qu061UuO3t5SzpNACfuJMXw8AeUxsH8DqI3",
                "identifier": [
                    {
                        "use": "usual",
                        "system": "urn:oid:1.2.840.114350.1.13.0.1.7.2.798268",
                        "value": "1003944"
                    }
                ],
                "status": "stopped",
                "intent": "order",
                "category": [
                    {
                        "coding": [
                            {
                                "system": "http://terminology.hl7.org/CodeSystem/medicationrequest-category",
                                "code": "inpatient",
                                "display": "Inpatient"
                            }
                        ],
                        "text": "Inpatient"
                    }
                ],
                "medicationReference": {
                    "reference": "Medication/eyP7rhmZ2MmGSJjvIuuqVEyg9TvBehYfo.zndBpA01bNVskqW4c1ur-T-r89rrdCe3",
                    "display": "morphine injection 2 mg/mL"
                },
                "subject": {
                    "reference": "Patient/epb1m.0iTxBK3nygIAyG8gQ3",
                    "display": "Deer, Dorothy OpTime"
                },
                "encounter": {
                    "reference": "Encounter/eJH233Udtfr6S9IcV9lGNig3",
                    "display": "Hospital Encounter"
                },
                "authoredOn": "2024-07-12T17:14:41Z",
                "requester": {
                    "reference": "Practitioner/enHmcmrIOygs4mq-t6soebQ3",
                    "type": "Practitioner",
                    "display": "Anesthesiologist Anesthesia, MD"
                },
                "recorder": {
                    "reference": "Practitioner/enHmcmrIOygs4mq-t6soebQ3",
                    "type": "Practitioner",
                    "display": "Anesthesiologist Anesthesia, MD"
                },
                "courseOfTherapyType": {
                    "coding": [
                        {
                            "system": "http://terminology.hl7.org/CodeSystem/medicationrequest-course-of-therapy",
                            "code": "acute",
                            "display": "Short course (acute) therapy"
                        }
                    ],
                    "text": "Short course (acute) therapy"
                },
                "dosageInstruction": [
                    {
                        "text": "1 mg, Intravenous, Every 5 min PRN, severe pain, Starting on Fri 7/12/24 at 1214, PACU (only)",
                        "timing": {
                            "repeat": {
                                "boundsPeriod": {
                                    "start": "2024-07-12T17:14:41Z",
                                    "end": "2024-07-12T19:24:21Z"
                                },
                                "frequency": 1,
                                "period": 5,
                                "periodUnit": "min"
                            },
                            "code": {
                                "text": "Every 5 (five) minutes as needed"
                            }
                        },
                        "asNeededBoolean": true,
                        "route": {
                            "coding": [
                                {
                                    "system": "http://snomed.info/sct",
                                    "code": "418114005",
                                    "display": "Intravenous central route (qualifier value)"
                                },
                                {
                                    "system": "urn:oid:1.2.840.114350.1.13.0.1.7.4.798268.7025",
                                    "code": "11",
                                    "display": "Intravenous"
                                }
                            ],
                            "text": "Intravenous"
                        },
                        "doseAndRate": [
                            {
                                "type": {
                                    "coding": [
                                        {
                                            "system": "http://epic.com/CodeSystem/dose-rate-type",
                                            "code": "calculated",
                                            "display": "calculated"
                                        }
                                    ],
                                    "text": "calculated"
                                },
                                "doseQuantity": {
                                    "value": 1,
                                    "unit": "mg",
                                    "system": "http://unitsofmeasure.org",
                                    "code": "mg"
                                }
                            },
                            {
                                "type": {
                                    "coding": [
                                        {
                                            "system": "http://epic.com/CodeSystem/dose-rate-type",
                                            "code": "admin-amount",
                                            "display": "admin-amount"
                                        }
                                    ],
                                    "text": "admin-amount"
                                },
                                "doseQuantity": {
                                    "value": 0.5,
                                    "unit": "mL",
                                    "system": "http://unitsofmeasure.org",
                                    "code": "mL"
                                }
                            },
                            {
                                "type": {
                                    "coding": [
                                        {
                                            "system": "http://epic.com/CodeSystem/dose-rate-type",
                                            "code": "ordered",
                                            "display": "ordered"
                                        }
                                    ],
                                    "text": "ordered"
                                },
                                "doseQuantity": {
                                    "value": 1,
                                    "unit": "mg",
                                    "system": "http://unitsofmeasure.org",
                                    "code": "mg"
                                }
                            }
                        ]
                    }
                ]
            },
            "search": {
                "mode": "match"
            }
        },
        {
            "link": [
                {
                    "relation": "self",
                    "url": "https://apporchard.epic.com/interconnect-aocurprd-oauth/api/FHIR/R4/MedicationRequest/evZvpRXv7RrkQTSQpLCz3RIZjkChK6C733ELy8zm20Os3"
                }
            ],
            "fullUrl": "https://apporchard.epic.com/interconnect-aocurprd-oauth/api/FHIR/R4/MedicationRequest/evZvpRXv7RrkQTSQpLCz3RIZjkChK6C733ELy8zm20Os3",
            "resource": {
                "resourceType": "MedicationRequest",
                "id": "evZvpRXv7RrkQTSQpLCz3RIZjkChK6C733ELy8zm20Os3",
                "identifier": [
                    {
                        "use": "usual",
                        "system": "urn:oid:1.2.840.114350.1.13.0.1.7.2.798268",
                        "value": "1003922"
                    }
                ],
                "status": "stopped",
                "intent": "order",
                "category": [
                    {
                        "coding": [
                            {
                                "system": "http://terminology.hl7.org/CodeSystem/medicationrequest-category",
                                "code": "outpatient",
                                "display": "Outpatient"
                            }
                        ],
                        "text": "Outpatient"
                    }
                ],
                "medicationReference": {
                    "reference": "Medication/eLu2VdOC6P5lcOo4zwFLXkSm8WTZh44hDYFsPx07fY2JuizwEDhiabhp7twvSixnN3",
                    "display": "bupivacaine PF (MARCAINE) injection 0.25%"
                },
                "subject": {
                    "reference": "Patient/epb1m.0iTxBK3nygIAyG8gQ3",
                    "display": "Deer, Dorothy OpTime"
                },
                "encounter": {
                    "identifier": {
                        "use": "usual",
                        "system": "urn:oid:1.2.840.114350.1.13.0.1.7.3.698084.8",
                        "value": "26391"
                    },
                    "display": "Anesthesia"
                },
                "authoredOn": "2024-07-12T17:02:47Z",
                "requester": {
                    "reference": "Practitioner/enHmcmrIOygs4mq-t6soebQ3",
                    "type": "Practitioner",
                    "display": "Anesthesiologist Anesthesia, MD"
                },
                "recorder": {
                    "reference": "Practitioner/enHmcmrIOygs4mq-t6soebQ3",
                    "type": "Practitioner",
                    "display": "Anesthesiologist Anesthesia, MD"
                },
                "courseOfTherapyType": {
                    "coding": [
                        {
                            "system": "http://terminology.hl7.org/CodeSystem/medicationrequest-course-of-therapy",
                            "code": "acute",
                            "display": "Short course (acute) therapy"
                        }
                    ],
                    "text": "Short course (acute) therapy"
                },
                "dosageInstruction": [
                    {
                        "text": "Caudal Block, As needed, Starting on Fri 7/12/24 at 0707, Anesthesia Intra-op",
                        "timing": {
                            "repeat": {
                                "boundsPeriod": {
                                    "start": "2024-07-12T12:07:00Z",
                                    "end": "2024-07-12T17:10:43Z"
                                },
                                "frequency": 1,
                                "period": 1,
                                "periodUnit": "d"
                            },
                            "code": {
                                "text": "As needed"
                            }
                        },
                        "asNeededBoolean": true,
                        "route": {
                            "coding": [
                                {
                                    "system": "urn:oid:1.2.840.114350.1.13.0.1.7.4.798268.7025",
                                    "code": "62",
                                    "display": "Caudal Block"
                                }
                            ],
                            "text": "Caudal Block"
                        }
                    }
                ]
            },
            "search": {
                "mode": "match"
            }
        }
    ]
}