{
    "resourceType": "Bundle",
    "type": "searchset",
    "total": 2,
    "link": [
        {
            "relation": "self",
            "url": "https://apporchard.epic.com/interconnect-aocurprd-oauth/api/FHIR/R4/MedicationRequest?_format=json&patient=ejhHKeCqcbOdgfs8WKHWAqQ3"
        }
    ],
    "entry": [
        {
            "link": [
                {
                    "relation": "self",
                    "url": "https://apporchard.epic.com/interconnect-aocurprd-oauth/api/FHIR/R4/MedicationRequest/eO8ZNwDJrZ9V72Sg12FQ3CQ3"
                }
            ],
            "fullUrl": "https://apporchard.epic.com/interconnect-aocurprd-oauth/api/FHIR/R4/MedicationRequest/eO8ZNwDJrZ9V72Sg12FQ3CQ3",
            "resource": {
                "resourceType": "MedicationRequest",
                "id": "eO8ZNwDJrZ9V72Sg12FQ3CQ3",
                "identifier": [
                    {
                        "use": "usual",
                        "system": "urn:oid:1.2.840.114350.1.13.0.1.7.2.798268",
                        "value": "850372"
                    }
                ],
                "status": "active",
                "intent": "order",
                "category": [
                    {
                        "coding": [
                            {
                                "system": "http://terminology.hl7.org/CodeSystem/medicationrequest-category",
                                "code": "inpatient",
                                "display": "Inpatient"
                            }
                        ],
                        "text": "Inpatient"
                    }
                ],
                "medicationReference": {
                    "reference": "Medication/eKvZiPoGatxmsbwlf.a91jWhXJQnObDPQnZHF833Vi.kFJ3Jz0RqFbgw3XksFnWv.3",
                    "display": "magnesium sulfate 1 g IVPB in D5W"
                },
                "subject": {
                    "reference": "Patient/ejhHKeCqcbOdgfs8WKHWAqQ3",
                    "display": "Integration, Mom"
                },
                "encounter": {
                    "reference": "Encounter/er91dV5GfzqKC4B61EEMp7w3",
                    "display": "Hospital Encounter"
                },
                "authoredOn": "2013-11-15T14:12:09Z",
                "requester": {
                    "reference": "Practitioner/eHdBpsN5eOyFCM2cUPgGuTw3",
                    "type": "Practitioner",
                    "display": "Physician Obstetrics, MD"
                },
                "recorder": {
                    "reference": "Practitioner/eDVuYlDs87Qx2fqY.Cl5K7A3",
                    "type": "Practitioner",
                    "display": "Nurse Obstetricsld, RN"
                },
                "courseOfTherapyType": {
                    "coding": [
                        {
                            "system": "http://terminology.hl7.org/CodeSystem/medicationrequest-course-of-therapy",
                            "code": "acute",
                            "display": "Short course (acute) therapy"
                        }
                    ],
                    "text": "Short course (acute) therapy"
                },
                "dosageInstruction": [
                    {
                        "text": "1 g, Intravenous, at 100 mL/hr, Administer over 30 Minutes, Once, On Fri 11/15/13 at 0815, For 1 dose, Labor and Delivery",
                        "timing": {
                            "repeat": {
                                "boundsPeriod": {
                                    "start": "2013-11-15T14:15:00Z"
                                },
                                "count": 1,
                                "duration": 30,
                                "durationUnit": "min"
                            },
                            "code": {
                                "text": "Once"
                            }
                        },
                        "asNeededBoolean": false,
                        "route": {
                            "coding": [
                                {
                                    "system": "http://snomed.info/sct",
                                    "code": "418114005",
                                    "display": "Intravenous central route (qualifier value)"
                                },
                                {
                                    "system": "urn:oid:1.2.840.114350.1.13.0.1.7.4.798268.7025",
                                    "code": "11",
                                    "display": "Intravenous"
                                }
                            ],
                            "text": "Intravenous"
                        },
                        "doseAndRate": [
                            {
                                "type": {
                                    "coding": [
                                        {
                                            "system": "http://epic.com/CodeSystem/dose-rate-type",
                                            "code": "calculated",
                                            "display": "calculated"
                                        }
                                    ],
                                    "text": "calculated"
                                },
                                "doseQuantity": {
                                    "value": 1,
                                    "unit": "g",
                                    "system": "http://unitsofmeasure.org",
                                    "code": "g"
                                }
                            },
                            {
                                "type": {
                                    "coding": [
                                        {
                                            "system": "http://epic.com/CodeSystem/dose-rate-type",
                                            "code": "admin-amount",
                                            "display": "admin-amount"
                                        }
                                    ],
                                    "text": "admin-amount"
                                },
                                "doseQuantity": {
                                    "value": 1,
                                    "unit": "g",
                                    "system": "http://unitsofmeasure.org",
                                    "code": "g"
                                }
                            },
                            {
                                "type": {
                                    "coding": [
                                        {
                                            "system": "http://epic.com/CodeSystem/dose-rate-type",
                                            "code": "ordered",
                                            "display": "ordered"
                                        }
                                    ],
                                    "text": "ordered"
                                },
                                "doseQuantity": {
                                    "value": 1,
                                    "unit": "g",
                                    "system": "http://unitsofmeasure.org",
                                    "code": "g"
                                }
                            }
                        ]
                    }
                ]
            },
            "search": {
                "mode": "match"
            }
        },
        {
            "link": [
                {
                    "relation": "self",
                    "url": "https://apporchard.epic.com/interconnect-aocurprd-oauth/api/FHIR/R4/MedicationRequest/exPxjCqOWfoqKllCjz6ukIA3"
                }
            ],
            "fullUrl": "https://apporchard.epic.com/interconnect-aocurprd-oauth/api/FHIR/R4/MedicationRequest/exPxjCqOWfoqKllCjz6ukIA3",
            "resource": {
                "resourceType": "MedicationRequest",
                "id": "exPxjCqOWfoqKllCjz6ukIA3",
                "identifier": [
                    {
                        "use": "usual",
                        "system": "urn:oid:1.2.840.114350.1.13.0.1.7.2.798268",
                        "value": "850370"
                    }
                ],
                "status": "active",
                "intent": "order",
                "category": [
                    {
                        "coding": [
                            {
                                "system": "http://terminology.hl7.org/CodeSystem/medicationrequest-category",
                                "code": "inpatient",
                                "display": "Inpatient"
                            }
                        ],
                        "text": "Inpatient"
                    }
                ],
                "medicationReference": {
                    "reference": "Medication/eHU8Hpcpm5bOGGO4WplufhJTC1rmc3lp-7eTri7AxyjIB35AoWAgoI8T8TvkbxkpH3",
                    "display": "sodium chloride 0.9 % infusion"
                },
                "subject": {
                    "reference": "Patient/ejhHKeCqcbOdgfs8WKHWAqQ3",
                    "display": "Integration, Mom"
                },
                "encounter": {
                    "reference": "Encounter/er91dV5GfzqKC4B61EEMp7w3",
                    "display": "Hospital Encounter"
                },
                "authoredOn": "2013-05-14T23:51:45Z",
                "requester": {
                    "reference": "Practitioner/eHdBpsN5eOyFCM2cUPgGuTw3",
                    "type": "Practitioner",
                    "display": "Physician Obstetrics, MD"
                },
                "recorder": {
                    "reference": "Practitioner/eW.s0G2HJ4Csj548x4hZ37A3",
                    "type": "Practitioner",
                    "display": "Project Team Inpatient, MD"
                },
                "courseOfTherapyType": {
                    "coding": [
                        {
                            "system": "http://terminology.hl7.org/CodeSystem/medicationrequest-course-of-therapy",
                            "code": "acute",
                            "display": "Short course (acute) therapy"
                        }
                    ],
                    "text": "Short course (acute) therapy"
                },
                "dosageInstruction": [
                    {
                        "text": "Intravenous, Continuous, Starting Tue 5/14/13 at 1900",
                        "timing": {
                            "repeat": {
                                "boundsPeriod": {
                                    "start": "2013-05-15T00:00:00Z"
                                }
                            },
                            "code": {
                                "text": "Continuous"
                            }
                        },
                        "asNeededBoolean": false,
                        "route": {
                            "coding": [
                                {
                                    "system": "http://snomed.info/sct",
                                    "code": "418114005",
                                    "display": "Intravenous central route (qualifier value)"
                                },
                                {
                                    "system": "urn:oid:1.2.840.114350.1.13.0.1.7.4.798268.7025",
                                    "code": "11",
                                    "display": "Intravenous"
                                }
                            ],
                            "text": "Intravenous"
                        }
                    }
                ]
            },
            "search": {
                "mode": "match"
            }
        }
    ]
}