{
    "resourceType": "OperationOutcome",
    "issue": [
        {
            "severity": "fatal",
            "code": "processing",
            "details": {
                "coding": [
                    {
                        "system": "urn:oid:1.2.840.114350.1.13.0.1.7.2.657369",
                        "code": "59135",
                        "display": "Processing issues."
                    }
                ],
                "text": "Processing issues."
            },
            "diagnostics": "GetPatientIDDatAndCSN+15^RXMEDS4: Patient CSN is missing from order [997897]."
        }
    ]
}