{
    "resourceType": "Bundle",
    "type": "searchset",
    "total": 1,
    "link": [
        {
            "relation": "self",
            "url": "https://apporchard.epic.com/interconnect-aocurprd-oauth/api/FHIR/R4/MedicationRequest?_format=json&patient=eHc8Ye4rR6Mk4i2BlQfERtg3"
        }
    ],
    "entry": [
        {
            "link": [
                {
                    "relation": "self",
                    "url": "https://apporchard.epic.com/interconnect-aocurprd-oauth/api/FHIR/R4/MedicationRequest/eb86y891P7f4KaQQiOGnzYg3"
                }
            ],
            "fullUrl": "https://apporchard.epic.com/interconnect-aocurprd-oauth/api/FHIR/R4/MedicationRequest/eb86y891P7f4KaQQiOGnzYg3",
            "resource": {
                "resourceType": "MedicationRequest",
                "id": "eb86y891P7f4KaQQiOGnzYg3",
                "identifier": [
                    {
                        "use": "usual",
                        "system": "urn:oid:1.2.840.114350.1.13.0.1.7.2.798268",
                        "value": "897684"
                    }
                ],
                "status": "stopped",
                "intent": "order",
                "category": [
                    {
                        "coding": [
                            {
                                "system": "http://terminology.hl7.org/CodeSystem/medicationrequest-category",
                                "code": "inpatient",
                                "display": "Inpatient"
                            }
                        ],
                        "text": "Inpatient"
                    }
                ],
                "medicationReference": {
                    "reference": "Medication/e62B4NY5VKt1C0zdiILygAOElwPZuAzUP-x0ty1etKDN-0N8e9zlca7ldK2LgrHPR3",
                    "display": "custom IV infusion builder"
                },
                "subject": {
                    "reference": "Patient/eHc8Ye4rR6Mk4i2BlQfERtg3",
                    "display": "Burns, Milo"
                },
                "encounter": {
                    "reference": "Encounter/e-FLwVwg7DsWxlTCjezXzxg3",
                    "display": "Hospital Encounter"
                },
                "authoredOn": "2012-10-05",
                "requester": {
                    "reference": "Practitioner/eoScyX3bs1SY.2lMoHCGcVw3",
                    "type": "Practitioner",
                    "display": "Physician Pediatrics, MD"
                },
                "recorder": {
                    "reference": "Practitioner/eWi23CFKIZBN49H--0z4GVw3",
                    "type": "Practitioner",
                    "display": "Nurse Inpatient, RN"
                },
                "courseOfTherapyType": {
                    "coding": [
                        {
                            "system": "http://terminology.hl7.org/CodeSystem/medicationrequest-course-of-therapy",
                            "code": "acute",
                            "display": "Short course (acute) therapy"
                        }
                    ],
                    "text": "Short course (acute) therapy"
                },
                "dosageInstruction": [
                    {
                        "text": "Intravenous, at 3.8 mL/hr, Continuous, Starting on Fri 10/5/12 at 1300",
                        "timing": {
                            "repeat": {
                                "boundsPeriod": {
                                    "start": "2012-10-05T18:00:00Z",
                                    "end": "2015-02-26T17:15:31Z"
                                }
                            },
                            "code": {
                                "text": "Continuous"
                            }
                        },
                        "asNeededBoolean": false,
                        "route": {
                            "coding": [
                                {
                                    "system": "http://snomed.info/sct",
                                    "code": "418114005",
                                    "display": "Intravenous central route (qualifier value)"
                                },
                                {
                                    "system": "urn:oid:1.2.840.114350.1.13.0.1.7.4.798268.7025",
                                    "code": "11",
                                    "display": "Intravenous"
                                }
                            ],
                            "text": "Intravenous"
                        }
                    }
                ]
            },
            "search": {
                "mode": "match"
            }
        }
    ]
}