{
    "resourceType": "Bundle",
    "type": "searchset",
    "total": 5,
    "link": [
        {
            "relation": "self",
            "url": "https://apporchard.epic.com/interconnect-aocurprd-oauth/api/FHIR/R4/MedicationRequest?_format=json&patient=eVvzXsVdgcTJcFGZG9WrCuA3"
        }
    ],
    "entry": [
        {
            "link": [
                {
                    "relation": "self",
                    "url": "https://apporchard.epic.com/interconnect-aocurprd-oauth/api/FHIR/R4/MedicationRequest/eN9aZ4gsYvD1PkNEJUqwesA3"
                }
            ],
            "fullUrl": "https://apporchard.epic.com/interconnect-aocurprd-oauth/api/FHIR/R4/MedicationRequest/eN9aZ4gsYvD1PkNEJUqwesA3",
            "resource": {
                "resourceType": "MedicationRequest",
                "id": "eN9aZ4gsYvD1PkNEJUqwesA3",
                "identifier": [
                    {
                        "use": "usual",
                        "system": "urn:oid:1.2.840.114350.1.13.0.1.7.2.798268",
                        "value": "860113"
                    }
                ],
                "status": "active",
                "intent": "plan",
                "category": [
                    {
                        "coding": [
                            {
                                "system": "http://terminology.hl7.org/CodeSystem/medicationrequest-category",
                                "code": "community",
                                "display": "Community"
                            }
                        ],
                        "text": "Community"
                    }
                ],
                "reportedBoolean": true,
                "medicationReference": {
                    "reference": "Medication/euh-Jhr1qpHigW0AzWV.ZLh3NM1uBEm1tbFYZeCm1XGEh5FADlOpkCGD12WFXR9XQ3",
                    "display": "pravastatin (PRAVACHOL) tablet"
                },
                "subject": {
                    "reference": "Patient/eVvzXsVdgcTJcFGZG9WrCuA3",
                    "display": "Kidney, Kelly C"
                },
                "encounter": {
                    "reference": "Encounter/ed0gRK4cXDHUdO22yzTjIgg3",
                    "display": "Abstract"
                },
                "authoredOn": "2013-10-31T22:38:57Z",
                "requester": {
                    "extension": [
                        {
                            "valueCode": "unknown",
                            "url": "http://hl7.org/fhir/StructureDefinition/data-absent-reason"
                        }
                    ]
                },
                "recorder": {
                    "reference": "Practitioner/e4fBRdwCD6bWDI76z9Bn9WA3",
                    "type": "Practitioner",
                    "display": "Coordinator Phoenix, RN"
                },
                "courseOfTherapyType": {
                    "coding": [
                        {
                            "system": "http://terminology.hl7.org/CodeSystem/medicationrequest-course-of-therapy",
                            "code": "acute",
                            "display": "Short course (acute) therapy"
                        }
                    ],
                    "text": "Short course (acute) therapy"
                },
                "dosageInstruction": [
                    {
                        "text": "Take 40 mg by mouth daily., Until Discontinued, Historical Med",
                        "patientInstruction": "Take 40 mg by mouth daily.",
                        "timing": {
                            "repeat": {
                                "timeOfDay": [
                                    "09:00:00"
                                ]
                            },
                            "code": {
                                "text": "0900"
                            }
                        },
                        "asNeededBoolean": false,
                        "route": {
                            "coding": [
                                {
                                    "system": "http://snomed.info/sct",
                                    "code": "260548002",
                                    "display": "Oral (qualifier value)"
                                },
                                {
                                    "system": "urn:oid:1.2.840.114350.1.13.0.1.7.4.798268.7025",
                                    "code": "15",
                                    "display": "Oral"
                                }
                            ],
                            "text": "Oral"
                        },
                        "doseAndRate": [
                            {
                                "type": {
                                    "coding": [
                                        {
                                            "system": "http://epic.com/CodeSystem/dose-rate-type",
                                            "code": "ordered",
                                            "display": "ordered"
                                        }
                                    ],
                                    "text": "ordered"
                                },
                                "doseQuantity": {
                                    "value": 40,
                                    "unit": "mg",
                                    "system": "http://unitsofmeasure.org",
                                    "code": "mg"
                                }
                            }
                        ]
                    }
                ]
            },
            "search": {
                "mode": "match"
            }
        },
        {
            "link": [
                {
                    "relation": "self",
                    "url": "https://apporchard.epic.com/interconnect-aocurprd-oauth/api/FHIR/R4/MedicationRequest/eNiwvb968T8w6SAdI7UKPAw3"
                }
            ],
            "fullUrl": "https://apporchard.epic.com/interconnect-aocurprd-oauth/api/FHIR/R4/MedicationRequest/eNiwvb968T8w6SAdI7UKPAw3",
            "resource": {
                "resourceType": "MedicationRequest",
                "id": "eNiwvb968T8w6SAdI7UKPAw3",
                "identifier": [
                    {
                        "use": "usual",
                        "system": "urn:oid:1.2.840.114350.1.13.0.1.7.2.798268",
                        "value": "860110"
                    }
                ],
                "status": "active",
                "intent": "plan",
                "category": [
                    {
                        "coding": [
                            {
                                "system": "http://terminology.hl7.org/CodeSystem/medicationrequest-category",
                                "code": "community",
                                "display": "Community"
                            }
                        ],
                        "text": "Community"
                    }
                ],
                "reportedBoolean": true,
                "medicationReference": {
                    "reference": "Medication/e8GO990rKqty1H7kDmIZJOiRE6oY4i-pA56vngIvTKEpk5Lqwegg36HdHzDIeh8ij3",
                    "display": "albuterol (PROVENTIL HFA;VENTOLIN HFA) inhaler"
                },
                "subject": {
                    "reference": "Patient/eVvzXsVdgcTJcFGZG9WrCuA3",
                    "display": "Kidney, Kelly C"
                },
                "encounter": {
                    "reference": "Encounter/ed0gRK4cXDHUdO22yzTjIgg3",
                    "display": "Abstract"
                },
                "authoredOn": "2013-10-31T22:38:56Z",
                "requester": {
                    "extension": [
                        {
                            "valueCode": "unknown",
                            "url": "http://hl7.org/fhir/StructureDefinition/data-absent-reason"
                        }
                    ]
                },
                "recorder": {
                    "reference": "Practitioner/e4fBRdwCD6bWDI76z9Bn9WA3",
                    "type": "Practitioner",
                    "display": "Coordinator Phoenix, RN"
                },
                "courseOfTherapyType": {
                    "coding": [
                        {
                            "system": "http://terminology.hl7.org/CodeSystem/medicationrequest-course-of-therapy",
                            "code": "acute",
                            "display": "Short course (acute) therapy"
                        }
                    ],
                    "text": "Short course (acute) therapy"
                },
                "dosageInstruction": [
                    {
                        "text": "Inhale 2 puffs into the lungs every 6 (six) hours as needed., Until Discontinued, Historical Med",
                        "patientInstruction": "Inhale 2 puffs into the lungs every 6 (six) hours as needed.",
                        "timing": {
                            "repeat": {
                                "frequency": 1,
                                "period": 6,
                                "periodUnit": "h"
                            },
                            "code": {
                                "text": "Every 6 hours as needed"
                            }
                        },
                        "asNeededBoolean": true,
                        "route": {
                            "coding": [
                                {
                                    "system": "urn:oid:1.2.840.114350.1.13.0.1.7.4.798268.7025",
                                    "code": "7",
                                    "display": "Inhalation"
                                }
                            ],
                            "text": "Inhalation"
                        },
                        "doseAndRate": [
                            {
                                "type": {
                                    "coding": [
                                        {
                                            "system": "http://epic.com/CodeSystem/dose-rate-type",
                                            "code": "ordered",
                                            "display": "ordered"
                                        }
                                    ],
                                    "text": "ordered"
                                },
                                "doseQuantity": {
                                    "value": 2,
                                    "unit": "puff",
                                    "system": "http://unitsofmeasure.org",
                                    "code": "{puff}"
                                }
                            }
                        ]
                    }
                ]
            },
            "search": {
                "mode": "match"
            }
        },
        {
            "link": [
                {
                    "relation": "self",
                    "url": "https://apporchard.epic.com/interconnect-aocurprd-oauth/api/FHIR/R4/MedicationRequest/ecWtR6tQKrQV.gGitC1tGCw3"
                }
            ],
            "fullUrl": "https://apporchard.epic.com/interconnect-aocurprd-oauth/api/FHIR/R4/MedicationRequest/ecWtR6tQKrQV.gGitC1tGCw3",
            "resource": {
                "resourceType": "MedicationRequest",
                "id": "ecWtR6tQKrQV.gGitC1tGCw3",
                "identifier": [
                    {
                        "use": "usual",
                        "system": "urn:oid:1.2.840.114350.1.13.0.1.7.2.798268",
                        "value": "860109"
                    }
                ],
                "status": "active",
                "intent": "plan",
                "category": [
                    {
                        "coding": [
                            {
                                "system": "http://terminology.hl7.org/CodeSystem/medicationrequest-category",
                                "code": "community",
                                "display": "Community"
                            }
                        ],
                        "text": "Community"
                    }
                ],
                "reportedBoolean": true,
                "medicationReference": {
                    "reference": "Medication/ee7TuuQ8nCIwHPamSqua1FxyzO4sux9S-jAnRoNSRx9jYOd0Xl.9TtbIjmpGK-2P33",
                    "display": "ALPRAZolam (XANAX) tablet"
                },
                "subject": {
                    "reference": "Patient/eVvzXsVdgcTJcFGZG9WrCuA3",
                    "display": "Kidney, Kelly C"
                },
                "encounter": {
                    "reference": "Encounter/ed0gRK4cXDHUdO22yzTjIgg3",
                    "display": "Abstract"
                },
                "authoredOn": "2013-10-31T22:38:55Z",
                "requester": {
                    "extension": [
                        {
                            "valueCode": "unknown",
                            "url": "http://hl7.org/fhir/StructureDefinition/data-absent-reason"
                        }
                    ]
                },
                "recorder": {
                    "reference": "Practitioner/e4fBRdwCD6bWDI76z9Bn9WA3",
                    "type": "Practitioner",
                    "display": "Coordinator Phoenix, RN"
                },
                "courseOfTherapyType": {
                    "coding": [
                        {
                            "system": "http://terminology.hl7.org/CodeSystem/medicationrequest-course-of-therapy",
                            "code": "acute",
                            "display": "Short course (acute) therapy"
                        }
                    ],
                    "text": "Short course (acute) therapy"
                },
                "dosageInstruction": [
                    {
                        "text": "Take 0.25 mg by mouth nightly as needed., Until Discontinued, Historical Med",
                        "patientInstruction": "Take 0.25 mg by mouth nightly as needed.",
                        "timing": {
                            "repeat": {
                                "frequency": 1,
                                "period": 1,
                                "periodUnit": "d"
                            },
                            "code": {
                                "text": "Nightly as needed"
                            }
                        },
                        "asNeededBoolean": true,
                        "route": {
                            "coding": [
                                {
                                    "system": "http://snomed.info/sct",
                                    "code": "260548002",
                                    "display": "Oral (qualifier value)"
                                },
                                {
                                    "system": "urn:oid:1.2.840.114350.1.13.0.1.7.4.798268.7025",
                                    "code": "15",
                                    "display": "Oral"
                                }
                            ],
                            "text": "Oral"
                        },
                        "doseAndRate": [
                            {
                                "type": {
                                    "coding": [
                                        {
                                            "system": "http://epic.com/CodeSystem/dose-rate-type",
                                            "code": "ordered",
                                            "display": "ordered"
                                        }
                                    ],
                                    "text": "ordered"
                                },
                                "doseQuantity": {
                                    "value": 0.25,
                                    "unit": "mg",
                                    "system": "http://unitsofmeasure.org",
                                    "code": "mg"
                                }
                            }
                        ]
                    }
                ]
            },
            "search": {
                "mode": "match"
            }
        },
        {
            "link": [
                {
                    "relation": "self",
                    "url": "https://apporchard.epic.com/interconnect-aocurprd-oauth/api/FHIR/R4/MedicationRequest/eyjmKI793AbWGHjC4MhNm5A3"
                }
            ],
            "fullUrl": "https://apporchard.epic.com/interconnect-aocurprd-oauth/api/FHIR/R4/MedicationRequest/eyjmKI793AbWGHjC4MhNm5A3",
            "resource": {
                "resourceType": "MedicationRequest",
                "id": "eyjmKI793AbWGHjC4MhNm5A3",
                "identifier": [
                    {
                        "use": "usual",
                        "system": "urn:oid:1.2.840.114350.1.13.0.1.7.2.798268",
                        "value": "860111"
                    }
                ],
                "status": "active",
                "intent": "plan",
                "category": [
                    {
                        "coding": [
                            {
                                "system": "http://terminology.hl7.org/CodeSystem/medicationrequest-category",
                                "code": "community",
                                "display": "Community"
                            }
                        ],
                        "text": "Community"
                    }
                ],
                "reportedBoolean": true,
                "medicationReference": {
                    "reference": "Medication/eyk2pwQurmRh4S1nooSEGrPt8LyKojBXBu2zd4i2lQ8Lqt6NreTMDsPE2Mvs.NZaU3",
                    "display": "budesonide (PULMICORT) nebulizer solution 0.5 mg/2mL"
                },
                "subject": {
                    "reference": "Patient/eVvzXsVdgcTJcFGZG9WrCuA3",
                    "display": "Kidney, Kelly C"
                },
                "encounter": {
                    "reference": "Encounter/ed0gRK4cXDHUdO22yzTjIgg3",
                    "display": "Abstract"
                },
                "authoredOn": "2013-10-31T22:38:56Z",
                "requester": {
                    "extension": [
                        {
                            "valueCode": "unknown",
                            "url": "http://hl7.org/fhir/StructureDefinition/data-absent-reason"
                        }
                    ]
                },
                "recorder": {
                    "reference": "Practitioner/e4fBRdwCD6bWDI76z9Bn9WA3",
                    "type": "Practitioner",
                    "display": "Coordinator Phoenix, RN"
                },
                "courseOfTherapyType": {
                    "coding": [
                        {
                            "system": "http://terminology.hl7.org/CodeSystem/medicationrequest-course-of-therapy",
                            "code": "acute",
                            "display": "Short course (acute) therapy"
                        }
                    ],
                    "text": "Short course (acute) therapy"
                },
                "dosageInstruction": [
                    {
                        "text": "Take 0.5 mg by nebulization daily., Until Discontinued, Historical Med",
                        "patientInstruction": "Take 0.5 mg by nebulization daily.",
                        "timing": {
                            "repeat": {
                                "timeOfDay": [
                                    "09:00:00"
                                ]
                            },
                            "code": {
                                "text": "0900"
                            }
                        },
                        "asNeededBoolean": false,
                        "route": {
                            "coding": [
                                {
                                    "system": "urn:oid:1.2.840.114350.1.13.0.1.7.4.798268.7025",
                                    "code": "82",
                                    "display": "Nebulization"
                                }
                            ],
                            "text": "Nebulization"
                        },
                        "doseAndRate": [
                            {
                                "type": {
                                    "coding": [
                                        {
                                            "system": "http://epic.com/CodeSystem/dose-rate-type",
                                            "code": "ordered",
                                            "display": "ordered"
                                        }
                                    ],
                                    "text": "ordered"
                                },
                                "doseQuantity": {
                                    "value": 0.5,
                                    "unit": "mg",
                                    "system": "http://unitsofmeasure.org",
                                    "code": "mg"
                                }
                            }
                        ]
                    }
                ]
            },
            "search": {
                "mode": "match"
            }
        },
        {
            "link": [
                {
                    "relation": "self",
                    "url": "https://apporchard.epic.com/interconnect-aocurprd-oauth/api/FHIR/R4/MedicationRequest/ez2jOz8OM59LMVfulhbAuoA3"
                }
            ],
            "fullUrl": "https://apporchard.epic.com/interconnect-aocurprd-oauth/api/FHIR/R4/MedicationRequest/ez2jOz8OM59LMVfulhbAuoA3",
            "resource": {
                "resourceType": "MedicationRequest",
                "id": "ez2jOz8OM59LMVfulhbAuoA3",
                "identifier": [
                    {
                        "use": "usual",
                        "system": "urn:oid:1.2.840.114350.1.13.0.1.7.2.798268",
                        "value": "860112"
                    }
                ],
                "status": "active",
                "intent": "plan",
                "category": [
                    {
                        "coding": [
                            {
                                "system": "http://terminology.hl7.org/CodeSystem/medicationrequest-category",
                                "code": "community",
                                "display": "Community"
                            }
                        ],
                        "text": "Community"
                    }
                ],
                "reportedBoolean": true,
                "medicationReference": {
                    "reference": "Medication/e1mfcJAr.A2LKZlqtdcWC0hVpeMoucm-uDS0RrPb5P9s9UzHiasmjWJVdmrgCa6-03",
                    "display": "predniSONE (DELTASONE) tablet"
                },
                "subject": {
                    "reference": "Patient/eVvzXsVdgcTJcFGZG9WrCuA3",
                    "display": "Kidney, Kelly C"
                },
                "encounter": {
                    "reference": "Encounter/ed0gRK4cXDHUdO22yzTjIgg3",
                    "display": "Abstract"
                },
                "authoredOn": "2013-10-31T22:38:56Z",
                "requester": {
                    "extension": [
                        {
                            "valueCode": "unknown",
                            "url": "http://hl7.org/fhir/StructureDefinition/data-absent-reason"
                        }
                    ]
                },
                "recorder": {
                    "reference": "Practitioner/e4fBRdwCD6bWDI76z9Bn9WA3",
                    "type": "Practitioner",
                    "display": "Coordinator Phoenix, RN"
                },
                "courseOfTherapyType": {
                    "coding": [
                        {
                            "system": "http://terminology.hl7.org/CodeSystem/medicationrequest-course-of-therapy",
                            "code": "acute",
                            "display": "Short course (acute) therapy"
                        }
                    ],
                    "text": "Short course (acute) therapy"
                },
                "dosageInstruction": [
                    {
                        "text": "Take 5 mg by mouth daily., Until Discontinued, Historical Med",
                        "patientInstruction": "Take 5 mg by mouth daily.",
                        "timing": {
                            "repeat": {
                                "timeOfDay": [
                                    "09:00:00"
                                ]
                            },
                            "code": {
                                "text": "0900"
                            }
                        },
                        "asNeededBoolean": false,
                        "route": {
                            "coding": [
                                {
                                    "system": "http://snomed.info/sct",
                                    "code": "260548002",
                                    "display": "Oral (qualifier value)"
                                },
                                {
                                    "system": "urn:oid:1.2.840.114350.1.13.0.1.7.4.798268.7025",
                                    "code": "15",
                                    "display": "Oral"
                                }
                            ],
                            "text": "Oral"
                        },
                        "doseAndRate": [
                            {
                                "type": {
                                    "coding": [
                                        {
                                            "system": "http://epic.com/CodeSystem/dose-rate-type",
                                            "code": "ordered",
                                            "display": "ordered"
                                        }
                                    ],
                                    "text": "ordered"
                                },
                                "doseQuantity": {
                                    "value": 5,
                                    "unit": "mg",
                                    "system": "http://unitsofmeasure.org",
                                    "code": "mg"
                                }
                            }
                        ]
                    }
                ]
            },
            "search": {
                "mode": "match"
            }
        }
    ]
}