{
    "resourceType": "Bundle",
    "type": "searchset",
    "total": 3,
    "link": [
        {
            "relation": "self",
            "url": "https://apporchard.epic.com/interconnect-aocurprd-oauth/api/FHIR/R4/MedicationRequest?_format=json&patient=eiyTTBLEMcm6ZLYF5TkiTdA3"
        }
    ],
    "entry": [
        {
            "link": [
                {
                    "relation": "self",
                    "url": "https://apporchard.epic.com/interconnect-aocurprd-oauth/api/FHIR/R4/MedicationRequest/eHIfXWWr0Z9TvdJKfD.v8bg3"
                }
            ],
            "fullUrl": "https://apporchard.epic.com/interconnect-aocurprd-oauth/api/FHIR/R4/MedicationRequest/eHIfXWWr0Z9TvdJKfD.v8bg3",
            "resource": {
                "resourceType": "MedicationRequest",
                "id": "eHIfXWWr0Z9TvdJKfD.v8bg3",
                "identifier": [
                    {
                        "use": "usual",
                        "system": "urn:oid:1.2.840.114350.1.13.0.1.7.2.798268",
                        "value": "972197"
                    }
                ],
                "status": "active",
                "intent": "order",
                "category": [
                    {
                        "coding": [
                            {
                                "system": "http://terminology.hl7.org/CodeSystem/medicationrequest-category",
                                "code": "community",
                                "display": "Community"
                            }
                        ],
                        "text": "Community"
                    }
                ],
                "medicationReference": {
                    "reference": "Medication/eha1ij0WUQW1VJKO8VQR9F7K6buVTaajp9Its66IFFkxuJCfIKaGBbt3fb2Gfcwdk3",
                    "display": "mycophenolate (CELLCEPT) tablet 500 mg"
                },
                "subject": {
                    "reference": "Patient/eiyTTBLEMcm6ZLYF5TkiTdA3",
                    "display": "Kidney, Kathryn A"
                },
                "encounter": {
                    "reference": "Encounter/eYgbRGxCOR-wBxhz2-vI8ww3",
                    "display": "Office Visit"
                },
                "authoredOn": "2021-07-14",
                "requester": {
                    "reference": "Practitioner/eHegI6kXXRDd6IU28WSw0JA3",
                    "type": "Practitioner",
                    "display": "Physician Transplant, MD"
                },
                "recorder": {
                    "reference": "Practitioner/ei3hXIGeoxDxlLN5LKro4oQ3",
                    "type": "Practitioner",
                    "display": "Jenn Scott"
                },
                "courseOfTherapyType": {
                    "coding": [
                        {
                            "system": "http://terminology.hl7.org/CodeSystem/medicationrequest-course-of-therapy",
                            "code": "acute",
                            "display": "Short course (acute) therapy"
                        }
                    ],
                    "text": "Short course (acute) therapy"
                },
                "dosageInstruction": [
                    {
                        "text": "Take 3 tablets (1,500 mg total) by mouth 2 (two) times a day., Starting Wed 7/14/2021, Until Mon 5/8/2028, Normal",
                        "patientInstruction": "Take 3 tablets (1,500 mg total) by mouth 2 (two) times a day.",
                        "timing": {
                            "repeat": {
                                "boundsPeriod": {
                                    "start": "2021-07-14"
                                },
                                "count": 4980,
                                "timeOfDay": [
                                    "09:00:00",
                                    "18:00:00"
                                ]
                            },
                            "code": {
                                "text": "0900, 1800"
                            }
                        },
                        "asNeededBoolean": false,
                        "route": {
                            "coding": [
                                {
                                    "system": "http://snomed.info/sct",
                                    "code": "260548002",
                                    "display": "Oral (qualifier value)"
                                },
                                {
                                    "system": "urn:oid:1.2.840.114350.1.13.0.1.7.4.798268.7025",
                                    "code": "15",
                                    "display": "Oral"
                                }
                            ],
                            "text": "Oral"
                        },
                        "method": {
                            "coding": [
                                {
                                    "system": "http://snomed.info/sct",
                                    "code": "419652001",
                                    "display": "Take"
                                }
                            ],
                            "text": "Take"
                        },
                        "doseAndRate": [
                            {
                                "type": {
                                    "coding": [
                                        {
                                            "system": "http://epic.com/CodeSystem/dose-rate-type",
                                            "code": "calculated",
                                            "display": "calculated"
                                        }
                                    ],
                                    "text": "calculated"
                                },
                                "doseQuantity": {
                                    "value": 1500,
                                    "unit": "mg",
                                    "system": "http://unitsofmeasure.org",
                                    "code": "mg"
                                }
                            },
                            {
                                "type": {
                                    "coding": [
                                        {
                                            "system": "http://epic.com/CodeSystem/dose-rate-type",
                                            "code": "admin-amount",
                                            "display": "admin-amount"
                                        }
                                    ],
                                    "text": "admin-amount"
                                },
                                "doseQuantity": {
                                    "value": 3,
                                    "unit": "tablet",
                                    "system": "http://unitsofmeasure.org",
                                    "code": "{tbl}"
                                }
                            },
                            {
                                "type": {
                                    "coding": [
                                        {
                                            "system": "http://epic.com/CodeSystem/dose-rate-type",
                                            "code": "ordered",
                                            "display": "ordered"
                                        }
                                    ],
                                    "text": "ordered"
                                },
                                "doseQuantity": {
                                    "value": 1500,
                                    "unit": "mg",
                                    "system": "http://unitsofmeasure.org",
                                    "code": "mg"
                                }
                            }
                        ]
                    }
                ],
                "dispenseRequest": {
                    "validityPeriod": {
                        "start": "2021-07-14"
                    },
                    "numberOfRepeatsAllowed": 82,
                    "quantity": {
                        "value": 180,
                        "unit": "tablet"
                    },
                    "expectedSupplyDuration": {
                        "value": 30,
                        "unit": "Day",
                        "system": "http://unitsofmeasure.org",
                        "code": "d"
                    }
                }
            },
            "search": {
                "mode": "match"
            }
        },
        {
            "link": [
                {
                    "relation": "self",
                    "url": "https://apporchard.epic.com/interconnect-aocurprd-oauth/api/FHIR/R4/MedicationRequest/eNXqxKk-rXj0IQscXl3ws9w3"
                }
            ],
            "fullUrl": "https://apporchard.epic.com/interconnect-aocurprd-oauth/api/FHIR/R4/MedicationRequest/eNXqxKk-rXj0IQscXl3ws9w3",
            "resource": {
                "resourceType": "MedicationRequest",
                "id": "eNXqxKk-rXj0IQscXl3ws9w3",
                "identifier": [
                    {
                        "use": "usual",
                        "system": "urn:oid:1.2.840.114350.1.13.0.1.7.2.798268",
                        "value": "972196"
                    }
                ],
                "status": "active",
                "intent": "order",
                "category": [
                    {
                        "coding": [
                            {
                                "system": "http://terminology.hl7.org/CodeSystem/medicationrequest-category",
                                "code": "community",
                                "display": "Community"
                            }
                        ],
                        "text": "Community"
                    }
                ],
                "medicationReference": {
                    "reference": "Medication/eSphL1QQ6gwd4nF2tHBc9R4Pf3S09WdbiRXJUPg2pAnhSa.RzCh1mSa0kr22TWZZU3",
                    "display": "PREDNISONE 10 MG (21) PO TBPK"
                },
                "subject": {
                    "reference": "Patient/eiyTTBLEMcm6ZLYF5TkiTdA3",
                    "display": "Kidney, Kathryn A"
                },
                "encounter": {
                    "reference": "Encounter/eYgbRGxCOR-wBxhz2-vI8ww3",
                    "display": "Office Visit"
                },
                "authoredOn": "2021-07-14",
                "requester": {
                    "reference": "Practitioner/eHegI6kXXRDd6IU28WSw0JA3",
                    "type": "Practitioner",
                    "display": "Physician Transplant, MD"
                },
                "recorder": {
                    "reference": "Practitioner/ei3hXIGeoxDxlLN5LKro4oQ3",
                    "type": "Practitioner",
                    "display": "Jenn Scott"
                },
                "courseOfTherapyType": {
                    "coding": [
                        {
                            "system": "http://terminology.hl7.org/CodeSystem/medicationrequest-course-of-therapy",
                            "code": "continuous",
                            "display": "Continuous long term therapy"
                        }
                    ],
                    "text": "Continuous long term therapy"
                },
                "dosageInstruction": [
                    {
                        "text": "Take 2 tablets (10 mg total) by mouth twice a day., Starting Wed 7/14/2021, Until Mon 5/8/2028, Normal",
                        "patientInstruction": "Take 2 tablets (10 mg total) by mouth twice a day.",
                        "timing": {
                            "repeat": {
                                "boundsPeriod": {
                                    "start": "2021-07-14"
                                },
                                "count": 4980,
                                "frequency": 2,
                                "period": 1,
                                "periodUnit": "d"
                            },
                            "code": {
                                "text": "twice a day"
                            }
                        },
                        "asNeededBoolean": false,
                        "route": {
                            "coding": [
                                {
                                    "system": "http://snomed.info/sct",
                                    "code": "260548002",
                                    "display": "Oral (qualifier value)"
                                },
                                {
                                    "system": "urn:oid:1.2.840.114350.1.13.0.1.7.4.798268.7025",
                                    "code": "15",
                                    "display": "Oral"
                                }
                            ],
                            "text": "Oral"
                        },
                        "method": {
                            "coding": [
                                {
                                    "system": "http://snomed.info/sct",
                                    "code": "419652001",
                                    "display": "Take"
                                }
                            ],
                            "text": "Take"
                        },
                        "doseAndRate": [
                            {
                                "type": {
                                    "coding": [
                                        {
                                            "system": "http://epic.com/CodeSystem/dose-rate-type",
                                            "code": "calculated",
                                            "display": "calculated"
                                        }
                                    ],
                                    "text": "calculated"
                                },
                                "doseQuantity": {
                                    "value": 10,
                                    "unit": "mg",
                                    "system": "http://unitsofmeasure.org",
                                    "code": "mg"
                                }
                            },
                            {
                                "type": {
                                    "coding": [
                                        {
                                            "system": "http://epic.com/CodeSystem/dose-rate-type",
                                            "code": "admin-amount",
                                            "display": "admin-amount"
                                        }
                                    ],
                                    "text": "admin-amount"
                                },
                                "doseQuantity": {
                                    "value": 2,
                                    "unit": "tablet",
                                    "system": "http://unitsofmeasure.org",
                                    "code": "{tbl}"
                                }
                            },
                            {
                                "type": {
                                    "coding": [
                                        {
                                            "system": "http://epic.com/CodeSystem/dose-rate-type",
                                            "code": "ordered",
                                            "display": "ordered"
                                        }
                                    ],
                                    "text": "ordered"
                                },
                                "doseQuantity": {
                                    "value": 10,
                                    "unit": "mg",
                                    "system": "http://unitsofmeasure.org",
                                    "code": "mg"
                                }
                            }
                        ]
                    }
                ],
                "dispenseRequest": {
                    "validityPeriod": {
                        "start": "2021-07-14"
                    },
                    "numberOfRepeatsAllowed": 82,
                    "quantity": {
                        "value": 120,
                        "unit": "tablet"
                    },
                    "expectedSupplyDuration": {
                        "value": 30,
                        "unit": "Day",
                        "system": "http://unitsofmeasure.org",
                        "code": "d"
                    }
                }
            },
            "search": {
                "mode": "match"
            }
        },
        {
            "link": [
                {
                    "relation": "self",
                    "url": "https://apporchard.epic.com/interconnect-aocurprd-oauth/api/FHIR/R4/MedicationRequest/ep9aIV6x-4ed.7l4TIzlk2w3"
                }
            ],
            "fullUrl": "https://apporchard.epic.com/interconnect-aocurprd-oauth/api/FHIR/R4/MedicationRequest/ep9aIV6x-4ed.7l4TIzlk2w3",
            "resource": {
                "resourceType": "MedicationRequest",
                "id": "ep9aIV6x-4ed.7l4TIzlk2w3",
                "identifier": [
                    {
                        "use": "usual",
                        "system": "urn:oid:1.2.840.114350.1.13.0.1.7.2.798268",
                        "value": "972195"
                    }
                ],
                "status": "active",
                "intent": "order",
                "category": [
                    {
                        "coding": [
                            {
                                "system": "http://terminology.hl7.org/CodeSystem/medicationrequest-category",
                                "code": "community",
                                "display": "Community"
                            }
                        ],
                        "text": "Community"
                    }
                ],
                "medicationReference": {
                    "reference": "Medication/ei-EtI8ujcN4qEGZNtmiYLqwNbWP08DupmjG2EvWs0zV6usv0KX8ihLl9Mze4X-0g3",
                    "display": "tacrolimus (PROGRAF) capsule"
                },
                "subject": {
                    "reference": "Patient/eiyTTBLEMcm6ZLYF5TkiTdA3",
                    "display": "Kidney, Kathryn A"
                },
                "encounter": {
                    "reference": "Encounter/eYgbRGxCOR-wBxhz2-vI8ww3",
                    "display": "Office Visit"
                },
                "authoredOn": "2021-07-14",
                "requester": {
                    "reference": "Practitioner/eHegI6kXXRDd6IU28WSw0JA3",
                    "type": "Practitioner",
                    "display": "Physician Transplant, MD"
                },
                "recorder": {
                    "reference": "Practitioner/ei3hXIGeoxDxlLN5LKro4oQ3",
                    "type": "Practitioner",
                    "display": "Jenn Scott"
                },
                "courseOfTherapyType": {
                    "coding": [
                        {
                            "system": "http://terminology.hl7.org/CodeSystem/medicationrequest-course-of-therapy",
                            "code": "acute",
                            "display": "Short course (acute) therapy"
                        }
                    ],
                    "text": "Short course (acute) therapy"
                },
                "dosageInstruction": [
                    {
                        "text": "Take 2 capsules (10 mg total) by mouth 1 (one) time each day., Starting Wed 7/14/2021, Until Tue 7/22/2031, Normal",
                        "patientInstruction": "Take 2 capsules (10 mg total) by mouth 1 (one) time each day.",
                        "timing": {
                            "repeat": {
                                "boundsPeriod": {
                                    "start": "2021-07-14"
                                },
                                "count": 3660,
                                "timeOfDay": [
                                    "09:00:00"
                                ]
                            },
                            "code": {
                                "text": "0900"
                            }
                        },
                        "asNeededBoolean": false,
                        "route": {
                            "coding": [
                                {
                                    "system": "http://snomed.info/sct",
                                    "code": "260548002",
                                    "display": "Oral (qualifier value)"
                                },
                                {
                                    "system": "urn:oid:1.2.840.114350.1.13.0.1.7.4.798268.7025",
                                    "code": "15",
                                    "display": "Oral"
                                }
                            ],
                            "text": "Oral"
                        },
                        "method": {
                            "coding": [
                                {
                                    "system": "http://snomed.info/sct",
                                    "code": "419652001",
                                    "display": "Take"
                                }
                            ],
                            "text": "Take"
                        },
                        "doseAndRate": [
                            {
                                "type": {
                                    "coding": [
                                        {
                                            "system": "http://epic.com/CodeSystem/dose-rate-type",
                                            "code": "calculated",
                                            "display": "calculated"
                                        }
                                    ],
                                    "text": "calculated"
                                },
                                "doseQuantity": {
                                    "value": 10,
                                    "unit": "mg",
                                    "system": "http://unitsofmeasure.org",
                                    "code": "mg"
                                }
                            },
                            {
                                "type": {
                                    "coding": [
                                        {
                                            "system": "http://epic.com/CodeSystem/dose-rate-type",
                                            "code": "admin-amount",
                                            "display": "admin-amount"
                                        }
                                    ],
                                    "text": "admin-amount"
                                },
                                "doseQuantity": {
                                    "value": 2,
                                    "unit": "capsule",
                                    "system": "http://unitsofmeasure.org",
                                    "code": "{capsule}"
                                }
                            },
                            {
                                "type": {
                                    "coding": [
                                        {
                                            "system": "http://epic.com/CodeSystem/dose-rate-type",
                                            "code": "ordered",
                                            "display": "ordered"
                                        }
                                    ],
                                    "text": "ordered"
                                },
                                "doseQuantity": {
                                    "value": 10,
                                    "unit": "mg",
                                    "system": "http://unitsofmeasure.org",
                                    "code": "mg"
                                }
                            }
                        ]
                    }
                ],
                "dispenseRequest": {
                    "validityPeriod": {
                        "start": "2021-07-14"
                    },
                    "quantity": {
                        "value": 60,
                        "unit": "capsule"
                    },
                    "expectedSupplyDuration": {
                        "value": 30,
                        "unit": "Day",
                        "system": "http://unitsofmeasure.org",
                        "code": "d"
                    }
                }
            },
            "search": {
                "mode": "match"
            }
        }
    ]
}