{
    "resourceType": "OperationOutcome",
    "issue": [
        {
            "extension": [
                {
                    "valueString": "tDhyJUAidlqN9url-n5iw2o5z1sP3jqg0fsWDqm3-4nyA694.FpQ60-zDPRiOZkoo0",
                    "url": "http://open.epic.com/FHIR/StructureDefinition/extension/fhir-btg-token"
                }
            ],
            "severity": "fatal",
            "code": "processing",
            "details": {
                "coding": [
                    {
                        "system": "urn:oid:1.2.840.114350.1.13.0.1.7.2.657369",
                        "code": "4131",
                        "display": "The patient you are attempting to access is restricted. You must break the glass to access patient data."
                    }
                ],
                "text": "The patient you are attempting to access is restricted. You must break the glass to access patient data."
            },
            "diagnostics": "User does not have access to patient \"Lmrtest, Huron\". User can break the glass to see this data."
        }
    ]
}