{
    "resourceType": "Bundle",
    "type": "searchset",
    "total": 10,
    "link": [
        {
            "relation": "self",
            "url": "https://apporchard.epic.com/interconnect-aocurprd-oauth/api/FHIR/R4/MedicationRequest?_format=json&patient=ejV.my1q9nTvdSDxuYWeAaA3"
        }
    ],
    "entry": [
        {
            "link": [
                {
                    "relation": "self",
                    "url": "https://apporchard.epic.com/interconnect-aocurprd-oauth/api/FHIR/R4/MedicationRequest/e6lEJo-kIY-Gulz.BWlHQyw3"
                }
            ],
            "fullUrl": "https://apporchard.epic.com/interconnect-aocurprd-oauth/api/FHIR/R4/MedicationRequest/e6lEJo-kIY-Gulz.BWlHQyw3",
            "resource": {
                "resourceType": "MedicationRequest",
                "id": "e6lEJo-kIY-Gulz.BWlHQyw3",
                "identifier": [
                    {
                        "use": "usual",
                        "system": "urn:oid:1.2.840.114350.1.13.0.1.7.2.798268",
                        "value": "859450"
                    }
                ],
                "status": "active",
                "intent": "order",
                "category": [
                    {
                        "coding": [
                            {
                                "system": "http://terminology.hl7.org/CodeSystem/medicationrequest-category",
                                "code": "community",
                                "display": "Community"
                            }
                        ],
                        "text": "Community"
                    }
                ],
                "medicationReference": {
                    "reference": "Medication/egoVv-bsboHVaf4odsU5JAaiusVqpQwy7zj3VBiyUjHABiI8HECza0Ie84S-nGZO23",
                    "display": "oxyCODONE (ROXICODONE) immediate release tablet"
                },
                "subject": {
                    "reference": "Patient/ejV.my1q9nTvdSDxuYWeAaA3",
                    "display": "Liver, Len Txpc"
                },
                "encounter": {
                    "reference": "Encounter/exKv4S5246hN1Hfnilp.0Nw3",
                    "display": "Abstract"
                },
                "authoredOn": "2013-09-17",
                "requester": {
                    "reference": "Practitioner/emhilH6WzKBpangkpuWtgdQ3",
                    "type": "Practitioner",
                    "display": "Physician Phoenix, MD"
                },
                "recorder": {
                    "reference": "Practitioner/e4fBRdwCD6bWDI76z9Bn9WA3",
                    "type": "Practitioner",
                    "display": "Coordinator Phoenix, RN"
                },
                "courseOfTherapyType": {
                    "coding": [
                        {
                            "system": "http://terminology.hl7.org/CodeSystem/medicationrequest-course-of-therapy",
                            "code": "acute",
                            "display": "Short course (acute) therapy"
                        }
                    ],
                    "text": "Short course (acute) therapy"
                },
                "dosageInstruction": [
                    {
                        "text": "Take 1 Tab by mouth as needed for Pain., Starting 9/17/2013, Until Discontinued, Normal",
                        "patientInstruction": "Take 1 Tab by mouth as needed for Pain.",
                        "timing": {
                            "repeat": {
                                "boundsPeriod": {
                                    "start": "2013-09-17"
                                },
                                "frequency": 1,
                                "period": 1,
                                "periodUnit": "d"
                            },
                            "code": {
                                "text": "As needed"
                            }
                        },
                        "asNeededBoolean": true,
                        "route": {
                            "coding": [
                                {
                                    "system": "http://snomed.info/sct",
                                    "code": "260548002",
                                    "display": "Oral (qualifier value)"
                                },
                                {
                                    "system": "urn:oid:1.2.840.114350.1.13.0.1.7.4.798268.7025",
                                    "code": "15",
                                    "display": "Oral"
                                }
                            ],
                            "text": "Oral"
                        },
                        "doseAndRate": [
                            {
                                "type": {
                                    "coding": [
                                        {
                                            "system": "http://epic.com/CodeSystem/dose-rate-type",
                                            "code": "calculated",
                                            "display": "calculated"
                                        }
                                    ],
                                    "text": "calculated"
                                },
                                "doseQuantity": {
                                    "value": 5,
                                    "unit": "mg",
                                    "system": "http://unitsofmeasure.org",
                                    "code": "mg"
                                }
                            },
                            {
                                "type": {
                                    "coding": [
                                        {
                                            "system": "http://epic.com/CodeSystem/dose-rate-type",
                                            "code": "admin-amount",
                                            "display": "admin-amount"
                                        }
                                    ],
                                    "text": "admin-amount"
                                },
                                "doseQuantity": {
                                    "value": 1,
                                    "unit": "tablet",
                                    "system": "http://unitsofmeasure.org",
                                    "code": "{tbl}"
                                }
                            },
                            {
                                "type": {
                                    "coding": [
                                        {
                                            "system": "http://epic.com/CodeSystem/dose-rate-type",
                                            "code": "ordered",
                                            "display": "ordered"
                                        }
                                    ],
                                    "text": "ordered"
                                },
                                "doseQuantity": {
                                    "value": 5,
                                    "unit": "mg",
                                    "system": "http://unitsofmeasure.org",
                                    "code": "mg"
                                }
                            }
                        ]
                    }
                ],
                "dispenseRequest": {
                    "validityPeriod": {
                        "start": "2013-09-17"
                    },
                    "numberOfRepeatsAllowed": 0
                }
            },
            "search": {
                "mode": "match"
            }
        },
        {
            "link": [
                {
                    "relation": "self",
                    "url": "https://apporchard.epic.com/interconnect-aocurprd-oauth/api/FHIR/R4/MedicationRequest/eCGaz6zKNGma9hMm2dAqK7A3"
                }
            ],
            "fullUrl": "https://apporchard.epic.com/interconnect-aocurprd-oauth/api/FHIR/R4/MedicationRequest/eCGaz6zKNGma9hMm2dAqK7A3",
            "resource": {
                "resourceType": "MedicationRequest",
                "id": "eCGaz6zKNGma9hMm2dAqK7A3",
                "identifier": [
                    {
                        "use": "usual",
                        "system": "urn:oid:1.2.840.114350.1.13.0.1.7.2.798268",
                        "value": "859445"
                    }
                ],
                "status": "completed",
                "intent": "order",
                "category": [
                    {
                        "coding": [
                            {
                                "system": "http://terminology.hl7.org/CodeSystem/medicationrequest-category",
                                "code": "community",
                                "display": "Community"
                            }
                        ],
                        "text": "Community"
                    }
                ],
                "medicationReference": {
                    "reference": "Medication/epdZfPznEnSeuCf2mfoWRG-cFkikhwS3rumX3I-BGKraoFK8h29yfgd.HqeKMBEkX3",
                    "display": "spironolactone (ALDACTONE) tablet"
                },
                "subject": {
                    "reference": "Patient/ejV.my1q9nTvdSDxuYWeAaA3",
                    "display": "Liver, Len Txpc"
                },
                "encounter": {
                    "reference": "Encounter/exKv4S5246hN1Hfnilp.0Nw3",
                    "display": "Abstract"
                },
                "authoredOn": "2013-09-17",
                "requester": {
                    "reference": "Practitioner/emhilH6WzKBpangkpuWtgdQ3",
                    "type": "Practitioner",
                    "display": "Physician Phoenix, MD"
                },
                "recorder": {
                    "reference": "Practitioner/e4fBRdwCD6bWDI76z9Bn9WA3",
                    "type": "Practitioner",
                    "display": "Coordinator Phoenix, RN"
                },
                "courseOfTherapyType": {
                    "coding": [
                        {
                            "system": "http://terminology.hl7.org/CodeSystem/medicationrequest-course-of-therapy",
                            "code": "acute",
                            "display": "Short course (acute) therapy"
                        }
                    ],
                    "text": "Short course (acute) therapy"
                },
                "dosageInstruction": [
                    {
                        "text": "Take 2 Tabs by mouth daily., Starting 9/17/2013, Until Wed 9/17/14, Normal",
                        "patientInstruction": "Take 2 Tabs by mouth daily.",
                        "timing": {
                            "repeat": {
                                "boundsPeriod": {
                                    "start": "2013-09-17"
                                },
                                "count": 365,
                                "timeOfDay": [
                                    "09:00:00"
                                ]
                            },
                            "code": {
                                "text": "0900"
                            }
                        },
                        "asNeededBoolean": false,
                        "route": {
                            "coding": [
                                {
                                    "system": "http://snomed.info/sct",
                                    "code": "260548002",
                                    "display": "Oral (qualifier value)"
                                },
                                {
                                    "system": "urn:oid:1.2.840.114350.1.13.0.1.7.4.798268.7025",
                                    "code": "15",
                                    "display": "Oral"
                                }
                            ],
                            "text": "Oral"
                        },
                        "doseAndRate": [
                            {
                                "type": {
                                    "coding": [
                                        {
                                            "system": "http://epic.com/CodeSystem/dose-rate-type",
                                            "code": "calculated",
                                            "display": "calculated"
                                        }
                                    ],
                                    "text": "calculated"
                                },
                                "doseQuantity": {
                                    "value": 200,
                                    "unit": "mg",
                                    "system": "http://unitsofmeasure.org",
                                    "code": "mg"
                                }
                            },
                            {
                                "type": {
                                    "coding": [
                                        {
                                            "system": "http://epic.com/CodeSystem/dose-rate-type",
                                            "code": "admin-amount",
                                            "display": "admin-amount"
                                        }
                                    ],
                                    "text": "admin-amount"
                                },
                                "doseQuantity": {
                                    "value": 2,
                                    "unit": "tablet",
                                    "system": "http://unitsofmeasure.org",
                                    "code": "{tbl}"
                                }
                            },
                            {
                                "type": {
                                    "coding": [
                                        {
                                            "system": "http://epic.com/CodeSystem/dose-rate-type",
                                            "code": "ordered",
                                            "display": "ordered"
                                        }
                                    ],
                                    "text": "ordered"
                                },
                                "doseQuantity": {
                                    "value": 200,
                                    "unit": "mg",
                                    "system": "http://unitsofmeasure.org",
                                    "code": "mg"
                                }
                            }
                        ]
                    }
                ],
                "dispenseRequest": {
                    "validityPeriod": {
                        "start": "2013-09-17"
                    },
                    "numberOfRepeatsAllowed": 11
                }
            },
            "search": {
                "mode": "match"
            }
        },
        {
            "link": [
                {
                    "relation": "self",
                    "url": "https://apporchard.epic.com/interconnect-aocurprd-oauth/api/FHIR/R4/MedicationRequest/eE8L7M5Vq4BqN09wHD-hJvw3"
                }
            ],
            "fullUrl": "https://apporchard.epic.com/interconnect-aocurprd-oauth/api/FHIR/R4/MedicationRequest/eE8L7M5Vq4BqN09wHD-hJvw3",
            "resource": {
                "resourceType": "MedicationRequest",
                "id": "eE8L7M5Vq4BqN09wHD-hJvw3",
                "identifier": [
                    {
                        "use": "usual",
                        "system": "urn:oid:1.2.840.114350.1.13.0.1.7.2.798268",
                        "value": "859447"
                    }
                ],
                "status": "completed",
                "intent": "order",
                "category": [
                    {
                        "coding": [
                            {
                                "system": "http://terminology.hl7.org/CodeSystem/medicationrequest-category",
                                "code": "community",
                                "display": "Community"
                            }
                        ],
                        "text": "Community"
                    }
                ],
                "medicationReference": {
                    "reference": "Medication/eUD9eeY2Y73Dce6f8Zv-SfbBZ9Q3e.4Bu.zwcnsKYDhd7bsCHACttBZCqwXfQy88n3",
                    "display": "ipratropium-albuterol (COMBIVENT) inhaler 18-103 mcg/act"
                },
                "subject": {
                    "reference": "Patient/ejV.my1q9nTvdSDxuYWeAaA3",
                    "display": "Liver, Len Txpc"
                },
                "encounter": {
                    "reference": "Encounter/exKv4S5246hN1Hfnilp.0Nw3",
                    "display": "Abstract"
                },
                "authoredOn": "2013-09-17",
                "requester": {
                    "reference": "Practitioner/emhilH6WzKBpangkpuWtgdQ3",
                    "type": "Practitioner",
                    "display": "Physician Phoenix, MD"
                },
                "recorder": {
                    "reference": "Practitioner/e4fBRdwCD6bWDI76z9Bn9WA3",
                    "type": "Practitioner",
                    "display": "Coordinator Phoenix, RN"
                },
                "courseOfTherapyType": {
                    "coding": [
                        {
                            "system": "http://terminology.hl7.org/CodeSystem/medicationrequest-course-of-therapy",
                            "code": "acute",
                            "display": "Short course (acute) therapy"
                        }
                    ],
                    "text": "Short course (acute) therapy"
                },
                "dosageInstruction": [
                    {
                        "text": "Inhale 2 Puffs by nose 4 times daily as needed for Wheezing., Starting 9/17/2013, Until Wed 9/17/14, Normal",
                        "patientInstruction": "Inhale 2 Puffs by nose 4 times daily as needed for Wheezing.",
                        "timing": {
                            "repeat": {
                                "boundsPeriod": {
                                    "start": "2013-09-17"
                                },
                                "frequency": 4,
                                "period": 1,
                                "periodUnit": "d"
                            },
                            "code": {
                                "text": "4 times daily as needed"
                            }
                        },
                        "asNeededBoolean": true,
                        "route": {
                            "coding": [
                                {
                                    "system": "urn:oid:1.2.840.114350.1.13.0.1.7.4.798268.7025",
                                    "code": "7",
                                    "display": "Inhalation"
                                }
                            ],
                            "text": "Inhalation"
                        },
                        "doseAndRate": [
                            {
                                "type": {
                                    "coding": [
                                        {
                                            "system": "http://epic.com/CodeSystem/dose-rate-type",
                                            "code": "calculated",
                                            "display": "calculated"
                                        }
                                    ],
                                    "text": "calculated"
                                },
                                "doseQuantity": {
                                    "value": 2,
                                    "unit": "puff",
                                    "system": "http://unitsofmeasure.org",
                                    "code": "{puff}"
                                }
                            },
                            {
                                "type": {
                                    "coding": [
                                        {
                                            "system": "http://epic.com/CodeSystem/dose-rate-type",
                                            "code": "admin-amount",
                                            "display": "admin-amount"
                                        }
                                    ],
                                    "text": "admin-amount"
                                },
                                "doseQuantity": {
                                    "value": 2,
                                    "unit": "puff",
                                    "system": "http://unitsofmeasure.org",
                                    "code": "{puff}"
                                }
                            },
                            {
                                "type": {
                                    "coding": [
                                        {
                                            "system": "http://epic.com/CodeSystem/dose-rate-type",
                                            "code": "ordered",
                                            "display": "ordered"
                                        }
                                    ],
                                    "text": "ordered"
                                },
                                "doseQuantity": {
                                    "value": 2,
                                    "unit": "puff",
                                    "system": "http://unitsofmeasure.org",
                                    "code": "{puff}"
                                }
                            }
                        ]
                    }
                ],
                "dispenseRequest": {
                    "validityPeriod": {
                        "start": "2013-09-17"
                    },
                    "numberOfRepeatsAllowed": 2
                }
            },
            "search": {
                "mode": "match"
            }
        },
        {
            "link": [
                {
                    "relation": "self",
                    "url": "https://apporchard.epic.com/interconnect-aocurprd-oauth/api/FHIR/R4/MedicationRequest/eG.jqH0A403nacP4kPONu-g3"
                }
            ],
            "fullUrl": "https://apporchard.epic.com/interconnect-aocurprd-oauth/api/FHIR/R4/MedicationRequest/eG.jqH0A403nacP4kPONu-g3",
            "resource": {
                "resourceType": "MedicationRequest",
                "id": "eG.jqH0A403nacP4kPONu-g3",
                "identifier": [
                    {
                        "use": "usual",
                        "system": "urn:oid:1.2.840.114350.1.13.0.1.7.2.798268",
                        "value": "859446"
                    }
                ],
                "status": "completed",
                "intent": "order",
                "category": [
                    {
                        "coding": [
                            {
                                "system": "http://terminology.hl7.org/CodeSystem/medicationrequest-category",
                                "code": "community",
                                "display": "Community"
                            }
                        ],
                        "text": "Community"
                    }
                ],
                "medicationReference": {
                    "reference": "Medication/ecv5X3yCoGkbdsYR-s.3fBYuELO8dTioBmazB08EsA9hKpi6vskBW0gkWRjPBChc83",
                    "display": "omeprazole (PriLOSEC OTC) EC tablet 20 mg"
                },
                "subject": {
                    "reference": "Patient/ejV.my1q9nTvdSDxuYWeAaA3",
                    "display": "Liver, Len Txpc"
                },
                "encounter": {
                    "reference": "Encounter/exKv4S5246hN1Hfnilp.0Nw3",
                    "display": "Abstract"
                },
                "authoredOn": "2013-09-17",
                "requester": {
                    "reference": "Practitioner/emhilH6WzKBpangkpuWtgdQ3",
                    "type": "Practitioner",
                    "display": "Physician Phoenix, MD"
                },
                "recorder": {
                    "reference": "Practitioner/e4fBRdwCD6bWDI76z9Bn9WA3",
                    "type": "Practitioner",
                    "display": "Coordinator Phoenix, RN"
                },
                "courseOfTherapyType": {
                    "coding": [
                        {
                            "system": "http://terminology.hl7.org/CodeSystem/medicationrequest-course-of-therapy",
                            "code": "acute",
                            "display": "Short course (acute) therapy"
                        }
                    ],
                    "text": "Short course (acute) therapy"
                },
                "dosageInstruction": [
                    {
                        "text": "Take 1 Tab by mouth daily., Starting 9/17/2013, Until Wed 9/17/14, Normal",
                        "patientInstruction": "Take 1 Tab by mouth daily.",
                        "timing": {
                            "repeat": {
                                "boundsPeriod": {
                                    "start": "2013-09-17"
                                },
                                "count": 365,
                                "timeOfDay": [
                                    "09:00:00"
                                ]
                            },
                            "code": {
                                "text": "0900"
                            }
                        },
                        "asNeededBoolean": false,
                        "route": {
                            "coding": [
                                {
                                    "system": "http://snomed.info/sct",
                                    "code": "260548002",
                                    "display": "Oral (qualifier value)"
                                },
                                {
                                    "system": "urn:oid:1.2.840.114350.1.13.0.1.7.4.798268.7025",
                                    "code": "15",
                                    "display": "Oral"
                                }
                            ],
                            "text": "Oral"
                        },
                        "doseAndRate": [
                            {
                                "type": {
                                    "coding": [
                                        {
                                            "system": "http://epic.com/CodeSystem/dose-rate-type",
                                            "code": "calculated",
                                            "display": "calculated"
                                        }
                                    ],
                                    "text": "calculated"
                                },
                                "doseQuantity": {
                                    "value": 20,
                                    "unit": "mg",
                                    "system": "http://unitsofmeasure.org",
                                    "code": "mg"
                                }
                            },
                            {
                                "type": {
                                    "coding": [
                                        {
                                            "system": "http://epic.com/CodeSystem/dose-rate-type",
                                            "code": "admin-amount",
                                            "display": "admin-amount"
                                        }
                                    ],
                                    "text": "admin-amount"
                                },
                                "doseQuantity": {
                                    "value": 1,
                                    "unit": "tablet",
                                    "system": "http://unitsofmeasure.org",
                                    "code": "{tbl}"
                                }
                            },
                            {
                                "type": {
                                    "coding": [
                                        {
                                            "system": "http://epic.com/CodeSystem/dose-rate-type",
                                            "code": "ordered",
                                            "display": "ordered"
                                        }
                                    ],
                                    "text": "ordered"
                                },
                                "doseQuantity": {
                                    "value": 20,
                                    "unit": "mg",
                                    "system": "http://unitsofmeasure.org",
                                    "code": "mg"
                                }
                            }
                        ]
                    }
                ],
                "dispenseRequest": {
                    "validityPeriod": {
                        "start": "2013-09-17"
                    },
                    "numberOfRepeatsAllowed": 1
                }
            },
            "search": {
                "mode": "match"
            }
        },
        {
            "link": [
                {
                    "relation": "self",
                    "url": "https://apporchard.epic.com/interconnect-aocurprd-oauth/api/FHIR/R4/MedicationRequest/eKCDZdcCWh8YYXEqlQvaydA3"
                }
            ],
            "fullUrl": "https://apporchard.epic.com/interconnect-aocurprd-oauth/api/FHIR/R4/MedicationRequest/eKCDZdcCWh8YYXEqlQvaydA3",
            "resource": {
                "resourceType": "MedicationRequest",
                "id": "eKCDZdcCWh8YYXEqlQvaydA3",
                "identifier": [
                    {
                        "use": "usual",
                        "system": "urn:oid:1.2.840.114350.1.13.0.1.7.2.798268",
                        "value": "859448"
                    }
                ],
                "status": "completed",
                "intent": "order",
                "category": [
                    {
                        "coding": [
                            {
                                "system": "http://terminology.hl7.org/CodeSystem/medicationrequest-category",
                                "code": "community",
                                "display": "Community"
                            }
                        ],
                        "text": "Community"
                    }
                ],
                "medicationReference": {
                    "reference": "Medication/ewZV7mzdUNH5LaqLOhKEXIRmFTLtUseMSA0QZqQpCreye2KAwd58EeVVXEMsSsl2w3",
                    "display": "ferrous sulfate tablet 325 mg"
                },
                "subject": {
                    "reference": "Patient/ejV.my1q9nTvdSDxuYWeAaA3",
                    "display": "Liver, Len Txpc"
                },
                "encounter": {
                    "reference": "Encounter/exKv4S5246hN1Hfnilp.0Nw3",
                    "display": "Abstract"
                },
                "authoredOn": "2013-09-17",
                "requester": {
                    "reference": "Practitioner/emhilH6WzKBpangkpuWtgdQ3",
                    "type": "Practitioner",
                    "display": "Physician Phoenix, MD"
                },
                "recorder": {
                    "reference": "Practitioner/e4fBRdwCD6bWDI76z9Bn9WA3",
                    "type": "Practitioner",
                    "display": "Coordinator Phoenix, RN"
                },
                "courseOfTherapyType": {
                    "coding": [
                        {
                            "system": "http://terminology.hl7.org/CodeSystem/medicationrequest-course-of-therapy",
                            "code": "acute",
                            "display": "Short course (acute) therapy"
                        }
                    ],
                    "text": "Short course (acute) therapy"
                },
                "dosageInstruction": [
                    {
                        "text": "Take 1 Tab by mouth daily., Starting 9/17/2013, Until Wed 9/17/14, Normal",
                        "patientInstruction": "Take 1 Tab by mouth daily.",
                        "timing": {
                            "repeat": {
                                "boundsPeriod": {
                                    "start": "2013-09-17"
                                },
                                "count": 365,
                                "timeOfDay": [
                                    "09:00:00"
                                ]
                            },
                            "code": {
                                "text": "0900"
                            }
                        },
                        "asNeededBoolean": false,
                        "route": {
                            "coding": [
                                {
                                    "system": "http://snomed.info/sct",
                                    "code": "260548002",
                                    "display": "Oral (qualifier value)"
                                },
                                {
                                    "system": "urn:oid:1.2.840.114350.1.13.0.1.7.4.798268.7025",
                                    "code": "15",
                                    "display": "Oral"
                                }
                            ],
                            "text": "Oral"
                        },
                        "doseAndRate": [
                            {
                                "type": {
                                    "coding": [
                                        {
                                            "system": "http://epic.com/CodeSystem/dose-rate-type",
                                            "code": "calculated",
                                            "display": "calculated"
                                        }
                                    ],
                                    "text": "calculated"
                                },
                                "doseQuantity": {
                                    "value": 325,
                                    "unit": "mg",
                                    "system": "http://unitsofmeasure.org",
                                    "code": "mg"
                                }
                            },
                            {
                                "type": {
                                    "coding": [
                                        {
                                            "system": "http://epic.com/CodeSystem/dose-rate-type",
                                            "code": "admin-amount",
                                            "display": "admin-amount"
                                        }
                                    ],
                                    "text": "admin-amount"
                                },
                                "doseQuantity": {
                                    "value": 1,
                                    "unit": "tablet",
                                    "system": "http://unitsofmeasure.org",
                                    "code": "{tbl}"
                                }
                            },
                            {
                                "type": {
                                    "coding": [
                                        {
                                            "system": "http://epic.com/CodeSystem/dose-rate-type",
                                            "code": "ordered",
                                            "display": "ordered"
                                        }
                                    ],
                                    "text": "ordered"
                                },
                                "doseQuantity": {
                                    "value": 325,
                                    "unit": "mg",
                                    "system": "http://unitsofmeasure.org",
                                    "code": "mg"
                                }
                            }
                        ]
                    }
                ],
                "dispenseRequest": {
                    "validityPeriod": {
                        "start": "2013-09-17"
                    },
                    "numberOfRepeatsAllowed": 3
                }
            },
            "search": {
                "mode": "match"
            }
        },
        {
            "link": [
                {
                    "relation": "self",
                    "url": "https://apporchard.epic.com/interconnect-aocurprd-oauth/api/FHIR/R4/MedicationRequest/ehcfd65dJFEuKb5oT7xyfjQ3"
                }
            ],
            "fullUrl": "https://apporchard.epic.com/interconnect-aocurprd-oauth/api/FHIR/R4/MedicationRequest/ehcfd65dJFEuKb5oT7xyfjQ3",
            "resource": {
                "resourceType": "MedicationRequest",
                "id": "ehcfd65dJFEuKb5oT7xyfjQ3",
                "identifier": [
                    {
                        "use": "usual",
                        "system": "urn:oid:1.2.840.114350.1.13.0.1.7.2.798268",
                        "value": "859449"
                    }
                ],
                "status": "completed",
                "intent": "order",
                "category": [
                    {
                        "coding": [
                            {
                                "system": "http://terminology.hl7.org/CodeSystem/medicationrequest-category",
                                "code": "community",
                                "display": "Community"
                            }
                        ],
                        "text": "Community"
                    }
                ],
                "medicationReference": {
                    "reference": "Medication/e9qSw17nuTGZfgeVLuC6JWi1efFx7P.ofx0mddo423RRHvddNTVDh2.StJtXRh25v3",
                    "display": "lactulose (CHRONULAC) solution 10 gram/15mL"
                },
                "subject": {
                    "reference": "Patient/ejV.my1q9nTvdSDxuYWeAaA3",
                    "display": "Liver, Len Txpc"
                },
                "encounter": {
                    "reference": "Encounter/exKv4S5246hN1Hfnilp.0Nw3",
                    "display": "Abstract"
                },
                "authoredOn": "2013-09-17",
                "requester": {
                    "reference": "Practitioner/emhilH6WzKBpangkpuWtgdQ3",
                    "type": "Practitioner",
                    "display": "Physician Phoenix, MD"
                },
                "recorder": {
                    "reference": "Practitioner/e4fBRdwCD6bWDI76z9Bn9WA3",
                    "type": "Practitioner",
                    "display": "Coordinator Phoenix, RN"
                },
                "courseOfTherapyType": {
                    "coding": [
                        {
                            "system": "http://terminology.hl7.org/CodeSystem/medicationrequest-course-of-therapy",
                            "code": "acute",
                            "display": "Short course (acute) therapy"
                        }
                    ],
                    "text": "Short course (acute) therapy"
                },
                "dosageInstruction": [
                    {
                        "text": "Take 15 mL by mouth every evening., Starting 9/17/2013, Until Wed 9/17/14, Normal",
                        "patientInstruction": "Take 15 mL by mouth every evening.",
                        "timing": {
                            "repeat": {
                                "boundsPeriod": {
                                    "start": "2013-09-17"
                                },
                                "count": 365,
                                "timeOfDay": [
                                    "17:00:00"
                                ]
                            },
                            "code": {
                                "text": "1700"
                            }
                        },
                        "asNeededBoolean": false,
                        "route": {
                            "coding": [
                                {
                                    "system": "http://snomed.info/sct",
                                    "code": "260548002",
                                    "display": "Oral (qualifier value)"
                                },
                                {
                                    "system": "urn:oid:1.2.840.114350.1.13.0.1.7.4.798268.7025",
                                    "code": "15",
                                    "display": "Oral"
                                }
                            ],
                            "text": "Oral"
                        },
                        "doseAndRate": [
                            {
                                "type": {
                                    "coding": [
                                        {
                                            "system": "http://epic.com/CodeSystem/dose-rate-type",
                                            "code": "calculated",
                                            "display": "calculated"
                                        }
                                    ],
                                    "text": "calculated"
                                },
                                "doseQuantity": {
                                    "value": 10,
                                    "unit": "g",
                                    "system": "http://unitsofmeasure.org",
                                    "code": "g"
                                }
                            },
                            {
                                "type": {
                                    "coding": [
                                        {
                                            "system": "http://epic.com/CodeSystem/dose-rate-type",
                                            "code": "admin-amount",
                                            "display": "admin-amount"
                                        }
                                    ],
                                    "text": "admin-amount"
                                },
                                "doseQuantity": {
                                    "value": 15,
                                    "unit": "mL",
                                    "system": "http://unitsofmeasure.org",
                                    "code": "mL"
                                }
                            },
                            {
                                "type": {
                                    "coding": [
                                        {
                                            "system": "http://epic.com/CodeSystem/dose-rate-type",
                                            "code": "ordered",
                                            "display": "ordered"
                                        }
                                    ],
                                    "text": "ordered"
                                },
                                "doseQuantity": {
                                    "value": 10,
                                    "unit": "g",
                                    "system": "http://unitsofmeasure.org",
                                    "code": "g"
                                }
                            }
                        ]
                    }
                ],
                "dispenseRequest": {
                    "validityPeriod": {
                        "start": "2013-09-17"
                    },
                    "numberOfRepeatsAllowed": 1
                }
            },
            "search": {
                "mode": "match"
            }
        },
        {
            "link": [
                {
                    "relation": "self",
                    "url": "https://apporchard.epic.com/interconnect-aocurprd-oauth/api/FHIR/R4/MedicationRequest/ekAJ8fK1R55udwDB8NjXs5A3"
                }
            ],
            "fullUrl": "https://apporchard.epic.com/interconnect-aocurprd-oauth/api/FHIR/R4/MedicationRequest/ekAJ8fK1R55udwDB8NjXs5A3",
            "resource": {
                "resourceType": "MedicationRequest",
                "id": "ekAJ8fK1R55udwDB8NjXs5A3",
                "identifier": [
                    {
                        "use": "usual",
                        "system": "urn:oid:1.2.840.114350.1.13.0.1.7.2.798268",
                        "value": "859451"
                    }
                ],
                "status": "active",
                "intent": "order",
                "category": [
                    {
                        "coding": [
                            {
                                "system": "http://terminology.hl7.org/CodeSystem/medicationrequest-category",
                                "code": "community",
                                "display": "Community"
                            }
                        ],
                        "text": "Community"
                    }
                ],
                "medicationReference": {
                    "reference": "Medication/eArXaBEsFy7GW6C9hj7S6Re-pOl5sXND7hZZ7iXhpXeBboiHq6xIUiPE0N3Ms0uVU3",
                    "display": "triamcinolone (KENALOG) cream 0.025%"
                },
                "subject": {
                    "reference": "Patient/ejV.my1q9nTvdSDxuYWeAaA3",
                    "display": "Liver, Len Txpc"
                },
                "encounter": {
                    "reference": "Encounter/exKv4S5246hN1Hfnilp.0Nw3",
                    "display": "Abstract"
                },
                "authoredOn": "2013-09-17",
                "requester": {
                    "reference": "Practitioner/emhilH6WzKBpangkpuWtgdQ3",
                    "type": "Practitioner",
                    "display": "Physician Phoenix, MD"
                },
                "recorder": {
                    "reference": "Practitioner/e4fBRdwCD6bWDI76z9Bn9WA3",
                    "type": "Practitioner",
                    "display": "Coordinator Phoenix, RN"
                },
                "courseOfTherapyType": {
                    "coding": [
                        {
                            "system": "http://terminology.hl7.org/CodeSystem/medicationrequest-course-of-therapy",
                            "code": "acute",
                            "display": "Short course (acute) therapy"
                        }
                    ],
                    "text": "Short course (acute) therapy"
                },
                "dosageInstruction": [
                    {
                        "text": "Apply  topically as needed. Apply as needed, Starting 9/17/2013, Until Discontinued, Normal",
                        "patientInstruction": "Apply  topically as needed. Apply as needed",
                        "timing": {
                            "repeat": {
                                "boundsPeriod": {
                                    "start": "2013-09-17"
                                },
                                "frequency": 1,
                                "period": 1,
                                "periodUnit": "d"
                            },
                            "code": {
                                "text": "As needed"
                            }
                        },
                        "asNeededBoolean": true,
                        "route": {
                            "coding": [
                                {
                                    "system": "http://snomed.info/sct",
                                    "code": "359540000",
                                    "display": "Topical (qualifier value)"
                                },
                                {
                                    "system": "urn:oid:1.2.840.114350.1.13.0.1.7.4.798268.7025",
                                    "code": "36",
                                    "display": "Topical"
                                }
                            ],
                            "text": "Topical"
                        }
                    }
                ],
                "dispenseRequest": {
                    "validityPeriod": {
                        "start": "2013-09-17"
                    },
                    "numberOfRepeatsAllowed": 1
                }
            },
            "search": {
                "mode": "match"
            }
        },
        {
            "link": [
                {
                    "relation": "self",
                    "url": "https://apporchard.epic.com/interconnect-aocurprd-oauth/api/FHIR/R4/MedicationRequest/em3.kbzoqDdrMAFvSKmO8-w3"
                }
            ],
            "fullUrl": "https://apporchard.epic.com/interconnect-aocurprd-oauth/api/FHIR/R4/MedicationRequest/em3.kbzoqDdrMAFvSKmO8-w3",
            "resource": {
                "resourceType": "MedicationRequest",
                "id": "em3.kbzoqDdrMAFvSKmO8-w3",
                "identifier": [
                    {
                        "use": "usual",
                        "system": "urn:oid:1.2.840.114350.1.13.0.1.7.2.798268",
                        "value": "859443"
                    }
                ],
                "status": "active",
                "intent": "order",
                "category": [
                    {
                        "coding": [
                            {
                                "system": "http://terminology.hl7.org/CodeSystem/medicationrequest-category",
                                "code": "community",
                                "display": "Community"
                            }
                        ],
                        "text": "Community"
                    }
                ],
                "medicationReference": {
                    "reference": "Medication/em4uWnQ.TIbKLUzNMAegCaOLn6xg4ajj68VATlGadyGlnIRNEuj60hqNImcO9zxKX3",
                    "display": "nadolol (CORGARD) tablet"
                },
                "subject": {
                    "reference": "Patient/ejV.my1q9nTvdSDxuYWeAaA3",
                    "display": "Liver, Len Txpc"
                },
                "encounter": {
                    "reference": "Encounter/exKv4S5246hN1Hfnilp.0Nw3",
                    "display": "Abstract"
                },
                "authoredOn": "2013-09-17",
                "requester": {
                    "reference": "Practitioner/emhilH6WzKBpangkpuWtgdQ3",
                    "type": "Practitioner",
                    "display": "Physician Phoenix, MD"
                },
                "recorder": {
                    "reference": "Practitioner/e4fBRdwCD6bWDI76z9Bn9WA3",
                    "type": "Practitioner",
                    "display": "Coordinator Phoenix, RN"
                },
                "courseOfTherapyType": {
                    "coding": [
                        {
                            "system": "http://terminology.hl7.org/CodeSystem/medicationrequest-course-of-therapy",
                            "code": "acute",
                            "display": "Short course (acute) therapy"
                        }
                    ],
                    "text": "Short course (acute) therapy"
                },
                "dosageInstruction": [
                    {
                        "text": "Take 1 Tab by mouth nightly., Starting 9/17/2013, Until Discontinued, Normal",
                        "patientInstruction": "Take 1 Tab by mouth nightly.",
                        "timing": {
                            "repeat": {
                                "boundsPeriod": {
                                    "start": "2013-09-17"
                                },
                                "timeOfDay": [
                                    "21:00:00"
                                ]
                            },
                            "code": {
                                "text": "Every night at 2100"
                            }
                        },
                        "asNeededBoolean": false,
                        "route": {
                            "coding": [
                                {
                                    "system": "http://snomed.info/sct",
                                    "code": "260548002",
                                    "display": "Oral (qualifier value)"
                                },
                                {
                                    "system": "urn:oid:1.2.840.114350.1.13.0.1.7.4.798268.7025",
                                    "code": "15",
                                    "display": "Oral"
                                }
                            ],
                            "text": "Oral"
                        },
                        "doseAndRate": [
                            {
                                "type": {
                                    "coding": [
                                        {
                                            "system": "http://epic.com/CodeSystem/dose-rate-type",
                                            "code": "calculated",
                                            "display": "calculated"
                                        }
                                    ],
                                    "text": "calculated"
                                },
                                "doseQuantity": {
                                    "value": 20,
                                    "unit": "mg",
                                    "system": "http://unitsofmeasure.org",
                                    "code": "mg"
                                }
                            },
                            {
                                "type": {
                                    "coding": [
                                        {
                                            "system": "http://epic.com/CodeSystem/dose-rate-type",
                                            "code": "admin-amount",
                                            "display": "admin-amount"
                                        }
                                    ],
                                    "text": "admin-amount"
                                },
                                "doseQuantity": {
                                    "value": 1,
                                    "unit": "tablet",
                                    "system": "http://unitsofmeasure.org",
                                    "code": "{tbl}"
                                }
                            },
                            {
                                "type": {
                                    "coding": [
                                        {
                                            "system": "http://epic.com/CodeSystem/dose-rate-type",
                                            "code": "ordered",
                                            "display": "ordered"
                                        }
                                    ],
                                    "text": "ordered"
                                },
                                "doseQuantity": {
                                    "value": 20,
                                    "unit": "mg",
                                    "system": "http://unitsofmeasure.org",
                                    "code": "mg"
                                }
                            }
                        ]
                    }
                ],
                "dispenseRequest": {
                    "validityPeriod": {
                        "start": "2013-09-17"
                    },
                    "numberOfRepeatsAllowed": 11
                }
            },
            "search": {
                "mode": "match"
            }
        },
        {
            "link": [
                {
                    "relation": "self",
                    "url": "https://apporchard.epic.com/interconnect-aocurprd-oauth/api/FHIR/R4/MedicationRequest/epHEHrnFXJ0ix0GYefI1hYQ3"
                }
            ],
            "fullUrl": "https://apporchard.epic.com/interconnect-aocurprd-oauth/api/FHIR/R4/MedicationRequest/epHEHrnFXJ0ix0GYefI1hYQ3",
            "resource": {
                "resourceType": "MedicationRequest",
                "id": "epHEHrnFXJ0ix0GYefI1hYQ3",
                "identifier": [
                    {
                        "use": "usual",
                        "system": "urn:oid:1.2.840.114350.1.13.0.1.7.2.798268",
                        "value": "859444"
                    }
                ],
                "status": "active",
                "intent": "order",
                "category": [
                    {
                        "coding": [
                            {
                                "system": "http://terminology.hl7.org/CodeSystem/medicationrequest-category",
                                "code": "community",
                                "display": "Community"
                            }
                        ],
                        "text": "Community"
                    }
                ],
                "medicationReference": {
                    "reference": "Medication/em7f1csqYmg648wO2QtvO5TmNVSoenIPt80XMDkIO8s9.8k5p6TLX9K7grdw3sJvC3",
                    "display": "furosemide (LASIX) tablet"
                },
                "subject": {
                    "reference": "Patient/ejV.my1q9nTvdSDxuYWeAaA3",
                    "display": "Liver, Len Txpc"
                },
                "encounter": {
                    "reference": "Encounter/exKv4S5246hN1Hfnilp.0Nw3",
                    "display": "Abstract"
                },
                "authoredOn": "2013-09-17",
                "requester": {
                    "reference": "Practitioner/emhilH6WzKBpangkpuWtgdQ3",
                    "type": "Practitioner",
                    "display": "Physician Phoenix, MD"
                },
                "recorder": {
                    "reference": "Practitioner/e4fBRdwCD6bWDI76z9Bn9WA3",
                    "type": "Practitioner",
                    "display": "Coordinator Phoenix, RN"
                },
                "courseOfTherapyType": {
                    "coding": [
                        {
                            "system": "http://terminology.hl7.org/CodeSystem/medicationrequest-course-of-therapy",
                            "code": "acute",
                            "display": "Short course (acute) therapy"
                        }
                    ],
                    "text": "Short course (acute) therapy"
                },
                "dosageInstruction": [
                    {
                        "text": "Take 1 Tab by mouth 2 times daily., Starting 9/17/2013, Until Discontinued, Normal",
                        "patientInstruction": "Take 1 Tab by mouth 2 times daily.",
                        "timing": {
                            "repeat": {
                                "boundsPeriod": {
                                    "start": "2013-09-17"
                                },
                                "timeOfDay": [
                                    "09:00:00",
                                    "18:00:00"
                                ]
                            },
                            "code": {
                                "text": "0900, 1800"
                            }
                        },
                        "asNeededBoolean": false,
                        "route": {
                            "coding": [
                                {
                                    "system": "http://snomed.info/sct",
                                    "code": "260548002",
                                    "display": "Oral (qualifier value)"
                                },
                                {
                                    "system": "urn:oid:1.2.840.114350.1.13.0.1.7.4.798268.7025",
                                    "code": "15",
                                    "display": "Oral"
                                }
                            ],
                            "text": "Oral"
                        },
                        "doseAndRate": [
                            {
                                "type": {
                                    "coding": [
                                        {
                                            "system": "http://epic.com/CodeSystem/dose-rate-type",
                                            "code": "calculated",
                                            "display": "calculated"
                                        }
                                    ],
                                    "text": "calculated"
                                },
                                "doseQuantity": {
                                    "value": 80,
                                    "unit": "mg",
                                    "system": "http://unitsofmeasure.org",
                                    "code": "mg"
                                }
                            },
                            {
                                "type": {
                                    "coding": [
                                        {
                                            "system": "http://epic.com/CodeSystem/dose-rate-type",
                                            "code": "admin-amount",
                                            "display": "admin-amount"
                                        }
                                    ],
                                    "text": "admin-amount"
                                },
                                "doseQuantity": {
                                    "value": 1,
                                    "unit": "tablet",
                                    "system": "http://unitsofmeasure.org",
                                    "code": "{tbl}"
                                }
                            },
                            {
                                "type": {
                                    "coding": [
                                        {
                                            "system": "http://epic.com/CodeSystem/dose-rate-type",
                                            "code": "ordered",
                                            "display": "ordered"
                                        }
                                    ],
                                    "text": "ordered"
                                },
                                "doseQuantity": {
                                    "value": 80,
                                    "unit": "mg",
                                    "system": "http://unitsofmeasure.org",
                                    "code": "mg"
                                }
                            }
                        ]
                    }
                ],
                "dispenseRequest": {
                    "validityPeriod": {
                        "start": "2013-09-17"
                    },
                    "numberOfRepeatsAllowed": 11
                }
            },
            "search": {
                "mode": "match"
            }
        },
        {
            "link": [
                {
                    "relation": "self",
                    "url": "https://apporchard.epic.com/interconnect-aocurprd-oauth/api/FHIR/R4/MedicationRequest/es6xgpqfrGzMnfi-2n-kJRg3"
                }
            ],
            "fullUrl": "https://apporchard.epic.com/interconnect-aocurprd-oauth/api/FHIR/R4/MedicationRequest/es6xgpqfrGzMnfi-2n-kJRg3",
            "resource": {
                "resourceType": "MedicationRequest",
                "id": "es6xgpqfrGzMnfi-2n-kJRg3",
                "identifier": [
                    {
                        "use": "usual",
                        "system": "urn:oid:1.2.840.114350.1.13.0.1.7.2.798268",
                        "value": "859452"
                    }
                ],
                "status": "completed",
                "intent": "order",
                "category": [
                    {
                        "coding": [
                            {
                                "system": "http://terminology.hl7.org/CodeSystem/medicationrequest-category",
                                "code": "community",
                                "display": "Community"
                            }
                        ],
                        "text": "Community"
                    }
                ],
                "medicationReference": {
                    "reference": "Medication/esV0qryg4-MnN5Z2JspjvZt7EjNrxJRWW1IISw0R93lRa32AmEADfR4DaeJwIvWsP3",
                    "display": "zolpidem (AMBIEN)  tablet"
                },
                "subject": {
                    "reference": "Patient/ejV.my1q9nTvdSDxuYWeAaA3",
                    "display": "Liver, Len Txpc"
                },
                "encounter": {
                    "reference": "Encounter/exKv4S5246hN1Hfnilp.0Nw3",
                    "display": "Abstract"
                },
                "authoredOn": "2013-09-17",
                "requester": {
                    "reference": "Practitioner/emhilH6WzKBpangkpuWtgdQ3",
                    "type": "Practitioner",
                    "display": "Physician Phoenix, MD"
                },
                "recorder": {
                    "reference": "Practitioner/e4fBRdwCD6bWDI76z9Bn9WA3",
                    "type": "Practitioner",
                    "display": "Coordinator Phoenix, RN"
                },
                "courseOfTherapyType": {
                    "coding": [
                        {
                            "system": "http://terminology.hl7.org/CodeSystem/medicationrequest-course-of-therapy",
                            "code": "acute",
                            "display": "Short course (acute) therapy"
                        }
                    ],
                    "text": "Short course (acute) therapy"
                },
                "dosageInstruction": [
                    {
                        "text": "Take 1 Tab by mouth nightly as needed for Sleep., Starting 9/17/2013, Until Wed 9/17/14, Normal",
                        "patientInstruction": "Take 1 Tab by mouth nightly as needed for Sleep.",
                        "timing": {
                            "repeat": {
                                "boundsPeriod": {
                                    "start": "2013-09-17"
                                },
                                "frequency": 1,
                                "period": 1,
                                "periodUnit": "d"
                            },
                            "code": {
                                "text": "Nightly as needed"
                            }
                        },
                        "asNeededBoolean": true,
                        "route": {
                            "coding": [
                                {
                                    "system": "http://snomed.info/sct",
                                    "code": "260548002",
                                    "display": "Oral (qualifier value)"
                                },
                                {
                                    "system": "urn:oid:1.2.840.114350.1.13.0.1.7.4.798268.7025",
                                    "code": "15",
                                    "display": "Oral"
                                }
                            ],
                            "text": "Oral"
                        },
                        "doseAndRate": [
                            {
                                "type": {
                                    "coding": [
                                        {
                                            "system": "http://epic.com/CodeSystem/dose-rate-type",
                                            "code": "calculated",
                                            "display": "calculated"
                                        }
                                    ],
                                    "text": "calculated"
                                },
                                "doseQuantity": {
                                    "value": 5,
                                    "unit": "mg",
                                    "system": "http://unitsofmeasure.org",
                                    "code": "mg"
                                }
                            },
                            {
                                "type": {
                                    "coding": [
                                        {
                                            "system": "http://epic.com/CodeSystem/dose-rate-type",
                                            "code": "admin-amount",
                                            "display": "admin-amount"
                                        }
                                    ],
                                    "text": "admin-amount"
                                },
                                "doseQuantity": {
                                    "value": 1,
                                    "unit": "tablet",
                                    "system": "http://unitsofmeasure.org",
                                    "code": "{tbl}"
                                }
                            },
                            {
                                "type": {
                                    "coding": [
                                        {
                                            "system": "http://epic.com/CodeSystem/dose-rate-type",
                                            "code": "ordered",
                                            "display": "ordered"
                                        }
                                    ],
                                    "text": "ordered"
                                },
                                "doseQuantity": {
                                    "value": 5,
                                    "unit": "mg",
                                    "system": "http://unitsofmeasure.org",
                                    "code": "mg"
                                }
                            }
                        ]
                    }
                ],
                "dispenseRequest": {
                    "validityPeriod": {
                        "start": "2013-09-17"
                    },
                    "numberOfRepeatsAllowed": 1
                }
            },
            "search": {
                "mode": "match"
            }
        }
    ]
}