{
    "resourceType": "Bundle",
    "type": "searchset",
    "total": 4,
    "link": [
        {
            "relation": "self",
            "url": "https://apporchard.epic.com/interconnect-aocurprd-oauth/api/FHIR/R4/MedicationRequest?_format=json&patient=eFoaVpaKDo-e-jCeBGFvhrg3"
        }
    ],
    "entry": [
        {
            "link": [
                {
                    "relation": "self",
                    "url": "https://apporchard.epic.com/interconnect-aocurprd-oauth/api/FHIR/R4/MedicationRequest/eBgiNt5H.RtPNGvfUFQ318pbLTkL7rOCikjiQ3v5U5kY3"
                }
            ],
            "fullUrl": "https://apporchard.epic.com/interconnect-aocurprd-oauth/api/FHIR/R4/MedicationRequest/eBgiNt5H.RtPNGvfUFQ318pbLTkL7rOCikjiQ3v5U5kY3",
            "resource": {
                "resourceType": "MedicationRequest",
                "id": "eBgiNt5H.RtPNGvfUFQ318pbLTkL7rOCikjiQ3v5U5kY3",
                "identifier": [
                    {
                        "use": "usual",
                        "system": "urn:oid:1.2.840.114350.1.13.0.1.7.2.798268",
                        "value": "1120053"
                    }
                ],
                "status": "active",
                "intent": "plan",
                "category": [
                    {
                        "coding": [
                            {
                                "system": "http://terminology.hl7.org/CodeSystem/medicationrequest-category",
                                "code": "community",
                                "display": "Community"
                            }
                        ],
                        "text": "Community"
                    }
                ],
                "reportedBoolean": true,
                "medicationReference": {
                    "reference": "Medication/e1mfcJAr.A2LKZlqtdcWC0mew92RRD8U-cWy8GSLnLx06XFNTGP4fy9XkAXHMRt8K3",
                    "display": "predniSONE (DELTASONE) tablet"
                },
                "subject": {
                    "reference": "Patient/eFoaVpaKDo-e-jCeBGFvhrg3",
                    "display": "Kidney, Kathryn B"
                },
                "encounter": {
                    "reference": "Encounter/efpj7F6eBW222mgKLJk1TTQ3",
                    "display": "Office Visit"
                },
                "authoredOn": "2021-07-20T14:44:46Z",
                "requester": {
                    "extension": [
                        {
                            "valueCode": "unknown",
                            "url": "http://hl7.org/fhir/StructureDefinition/data-absent-reason"
                        }
                    ]
                },
                "recorder": {
                    "reference": "Practitioner/ei3hXIGeoxDxlLN5LKro4oQ3",
                    "type": "Practitioner",
                    "display": "Jenn Scott"
                },
                "courseOfTherapyType": {
                    "coding": [
                        {
                            "system": "http://terminology.hl7.org/CodeSystem/medicationrequest-course-of-therapy",
                            "code": "acute",
                            "display": "Short course (acute) therapy"
                        }
                    ],
                    "text": "Short course (acute) therapy"
                },
                "dosageInstruction": [
                    {
                        "text": "Take 5 mg by mouth 1 (one) time each day., Historical Med",
                        "patientInstruction": "Take 5 mg by mouth 1 (one) time each day.",
                        "timing": {
                            "repeat": {
                                "timeOfDay": [
                                    "09:00:00"
                                ]
                            },
                            "code": {
                                "text": "0900"
                            }
                        },
                        "asNeededBoolean": false,
                        "route": {
                            "coding": [
                                {
                                    "system": "http://snomed.info/sct",
                                    "code": "260548002",
                                    "display": "Oral (qualifier value)"
                                },
                                {
                                    "system": "urn:oid:1.2.840.114350.1.13.0.1.7.4.798268.7025",
                                    "code": "15",
                                    "display": "Oral"
                                }
                            ],
                            "text": "Oral"
                        },
                        "method": {
                            "coding": [
                                {
                                    "system": "http://snomed.info/sct",
                                    "code": "419652001",
                                    "display": "Take"
                                }
                            ],
                            "text": "Take"
                        },
                        "doseAndRate": [
                            {
                                "type": {
                                    "coding": [
                                        {
                                            "system": "http://epic.com/CodeSystem/dose-rate-type",
                                            "code": "ordered",
                                            "display": "ordered"
                                        }
                                    ],
                                    "text": "ordered"
                                },
                                "doseQuantity": {
                                    "value": 5,
                                    "unit": "mg",
                                    "system": "http://unitsofmeasure.org",
                                    "code": "mg"
                                }
                            }
                        ]
                    }
                ]
            },
            "search": {
                "mode": "match"
            }
        },
        {
            "link": [
                {
                    "relation": "self",
                    "url": "https://apporchard.epic.com/interconnect-aocurprd-oauth/api/FHIR/R4/MedicationRequest/eLgL3g0kpkrHlQEAGY2-eFGAltPur.Wjwo8LDLc3iDAs3"
                }
            ],
            "fullUrl": "https://apporchard.epic.com/interconnect-aocurprd-oauth/api/FHIR/R4/MedicationRequest/eLgL3g0kpkrHlQEAGY2-eFGAltPur.Wjwo8LDLc3iDAs3",
            "resource": {
                "resourceType": "MedicationRequest",
                "id": "eLgL3g0kpkrHlQEAGY2-eFGAltPur.Wjwo8LDLc3iDAs3",
                "identifier": [
                    {
                        "use": "usual",
                        "system": "urn:oid:1.2.840.114350.1.13.0.1.7.2.798268",
                        "value": "1120055"
                    }
                ],
                "status": "active",
                "intent": "plan",
                "category": [
                    {
                        "coding": [
                            {
                                "system": "http://terminology.hl7.org/CodeSystem/medicationrequest-category",
                                "code": "community",
                                "display": "Community"
                            }
                        ],
                        "text": "Community"
                    }
                ],
                "reportedBoolean": true,
                "medicationReference": {
                    "reference": "Medication/ePefmXQlAcAOhYp8wLHYg1MCTp6gTufMwO04VPVwDQ4x3suidy3ECmaXyMWuL4zs23",
                    "display": "sirolimus (RAPAMUNE) tablet"
                },
                "subject": {
                    "reference": "Patient/eFoaVpaKDo-e-jCeBGFvhrg3",
                    "display": "Kidney, Kathryn B"
                },
                "encounter": {
                    "reference": "Encounter/efpj7F6eBW222mgKLJk1TTQ3",
                    "display": "Office Visit"
                },
                "authoredOn": "2021-07-20T14:44:46Z",
                "requester": {
                    "extension": [
                        {
                            "valueCode": "unknown",
                            "url": "http://hl7.org/fhir/StructureDefinition/data-absent-reason"
                        }
                    ]
                },
                "recorder": {
                    "reference": "Practitioner/ei3hXIGeoxDxlLN5LKro4oQ3",
                    "type": "Practitioner",
                    "display": "Jenn Scott"
                },
                "courseOfTherapyType": {
                    "coding": [
                        {
                            "system": "http://terminology.hl7.org/CodeSystem/medicationrequest-course-of-therapy",
                            "code": "acute",
                            "display": "Short course (acute) therapy"
                        }
                    ],
                    "text": "Short course (acute) therapy"
                },
                "dosageInstruction": [
                    {
                        "text": "Take 0.5 mg by mouth 1 (one) time each day. Do not crush, chew, or split., Historical Med",
                        "patientInstruction": "Take 0.5 mg by mouth 1 (one) time each day. Do not crush, chew, or split.",
                        "timing": {
                            "repeat": {
                                "timeOfDay": [
                                    "09:00:00"
                                ]
                            },
                            "code": {
                                "text": "0900"
                            }
                        },
                        "asNeededBoolean": false,
                        "route": {
                            "coding": [
                                {
                                    "system": "http://snomed.info/sct",
                                    "code": "260548002",
                                    "display": "Oral (qualifier value)"
                                },
                                {
                                    "system": "urn:oid:1.2.840.114350.1.13.0.1.7.4.798268.7025",
                                    "code": "15",
                                    "display": "Oral"
                                }
                            ],
                            "text": "Oral"
                        },
                        "method": {
                            "coding": [
                                {
                                    "system": "http://snomed.info/sct",
                                    "code": "419652001",
                                    "display": "Take"
                                }
                            ],
                            "text": "Take"
                        },
                        "doseAndRate": [
                            {
                                "type": {
                                    "coding": [
                                        {
                                            "system": "http://epic.com/CodeSystem/dose-rate-type",
                                            "code": "ordered",
                                            "display": "ordered"
                                        }
                                    ],
                                    "text": "ordered"
                                },
                                "doseQuantity": {
                                    "value": 0.5,
                                    "unit": "mg",
                                    "system": "http://unitsofmeasure.org",
                                    "code": "mg"
                                }
                            }
                        ]
                    }
                ]
            },
            "search": {
                "mode": "match"
            }
        },
        {
            "link": [
                {
                    "relation": "self",
                    "url": "https://apporchard.epic.com/interconnect-aocurprd-oauth/api/FHIR/R4/MedicationRequest/ePsfw7qB4YZOL0Gr30AofPeNIvlj1QYpoZE7GeZ5P57o3"
                }
            ],
            "fullUrl": "https://apporchard.epic.com/interconnect-aocurprd-oauth/api/FHIR/R4/MedicationRequest/ePsfw7qB4YZOL0Gr30AofPeNIvlj1QYpoZE7GeZ5P57o3",
            "resource": {
                "resourceType": "MedicationRequest",
                "id": "ePsfw7qB4YZOL0Gr30AofPeNIvlj1QYpoZE7GeZ5P57o3",
                "identifier": [
                    {
                        "use": "usual",
                        "system": "urn:oid:1.2.840.114350.1.13.0.1.7.2.798268",
                        "value": "1120054"
                    }
                ],
                "status": "active",
                "intent": "plan",
                "category": [
                    {
                        "coding": [
                            {
                                "system": "http://terminology.hl7.org/CodeSystem/medicationrequest-category",
                                "code": "community",
                                "display": "Community"
                            }
                        ],
                        "text": "Community"
                    }
                ],
                "reportedBoolean": true,
                "medicationReference": {
                    "reference": "Medication/eha1ij0WUQW1VJKO8VQR9F1FdgByhnjPu6LGRUPFmRCKoFdOhhM18HkydqjjJiFoE3",
                    "display": "mycophenolate (CELLCEPT) tablet 500 mg"
                },
                "subject": {
                    "reference": "Patient/eFoaVpaKDo-e-jCeBGFvhrg3",
                    "display": "Kidney, Kathryn B"
                },
                "encounter": {
                    "reference": "Encounter/efpj7F6eBW222mgKLJk1TTQ3",
                    "display": "Office Visit"
                },
                "authoredOn": "2021-07-20T14:44:46Z",
                "requester": {
                    "extension": [
                        {
                            "valueCode": "unknown",
                            "url": "http://hl7.org/fhir/StructureDefinition/data-absent-reason"
                        }
                    ]
                },
                "recorder": {
                    "reference": "Practitioner/ei3hXIGeoxDxlLN5LKro4oQ3",
                    "type": "Practitioner",
                    "display": "Jenn Scott"
                },
                "courseOfTherapyType": {
                    "coding": [
                        {
                            "system": "http://terminology.hl7.org/CodeSystem/medicationrequest-course-of-therapy",
                            "code": "acute",
                            "display": "Short course (acute) therapy"
                        }
                    ],
                    "text": "Short course (acute) therapy"
                },
                "dosageInstruction": [
                    {
                        "text": "Take 1,000 mg by mouth 1 (one) time each day., Historical Med",
                        "patientInstruction": "Take 1,000 mg by mouth 1 (one) time each day.",
                        "timing": {
                            "repeat": {
                                "timeOfDay": [
                                    "09:00:00"
                                ]
                            },
                            "code": {
                                "text": "0900"
                            }
                        },
                        "asNeededBoolean": false,
                        "route": {
                            "coding": [
                                {
                                    "system": "http://snomed.info/sct",
                                    "code": "260548002",
                                    "display": "Oral (qualifier value)"
                                },
                                {
                                    "system": "urn:oid:1.2.840.114350.1.13.0.1.7.4.798268.7025",
                                    "code": "15",
                                    "display": "Oral"
                                }
                            ],
                            "text": "Oral"
                        },
                        "method": {
                            "coding": [
                                {
                                    "system": "http://snomed.info/sct",
                                    "code": "419652001",
                                    "display": "Take"
                                }
                            ],
                            "text": "Take"
                        },
                        "doseAndRate": [
                            {
                                "type": {
                                    "coding": [
                                        {
                                            "system": "http://epic.com/CodeSystem/dose-rate-type",
                                            "code": "ordered",
                                            "display": "ordered"
                                        }
                                    ],
                                    "text": "ordered"
                                },
                                "doseQuantity": {
                                    "value": 1000,
                                    "unit": "mg",
                                    "system": "http://unitsofmeasure.org",
                                    "code": "mg"
                                }
                            }
                        ]
                    }
                ]
            },
            "search": {
                "mode": "match"
            }
        },
        {
            "link": [
                {
                    "relation": "self",
                    "url": "https://apporchard.epic.com/interconnect-aocurprd-oauth/api/FHIR/R4/MedicationRequest/eqRwZMw9m1hqbmzT7i8dri6m2kWf7vEsV5aGGKyZ2JG03"
                }
            ],
            "fullUrl": "https://apporchard.epic.com/interconnect-aocurprd-oauth/api/FHIR/R4/MedicationRequest/eqRwZMw9m1hqbmzT7i8dri6m2kWf7vEsV5aGGKyZ2JG03",
            "resource": {
                "resourceType": "MedicationRequest",
                "id": "eqRwZMw9m1hqbmzT7i8dri6m2kWf7vEsV5aGGKyZ2JG03",
                "identifier": [
                    {
                        "use": "usual",
                        "system": "urn:oid:1.2.840.114350.1.13.0.1.7.2.798268",
                        "value": "1120052"
                    }
                ],
                "status": "active",
                "intent": "plan",
                "category": [
                    {
                        "coding": [
                            {
                                "system": "http://terminology.hl7.org/CodeSystem/medicationrequest-category",
                                "code": "community",
                                "display": "Community"
                            }
                        ],
                        "text": "Community"
                    }
                ],
                "reportedBoolean": true,
                "medicationReference": {
                    "reference": "Medication/ei-EtI8ujcN4qEGZNtmiYLqKhlQ8e-8jeASM29bn0Ua7kkt6jzpmxV6uImXFk0rCf3",
                    "display": "tacrolimus (PROGRAF) capsule"
                },
                "subject": {
                    "reference": "Patient/eFoaVpaKDo-e-jCeBGFvhrg3",
                    "display": "Kidney, Kathryn B"
                },
                "encounter": {
                    "reference": "Encounter/efpj7F6eBW222mgKLJk1TTQ3",
                    "display": "Office Visit"
                },
                "authoredOn": "2021-07-20T14:44:46Z",
                "requester": {
                    "extension": [
                        {
                            "valueCode": "unknown",
                            "url": "http://hl7.org/fhir/StructureDefinition/data-absent-reason"
                        }
                    ]
                },
                "recorder": {
                    "reference": "Practitioner/ei3hXIGeoxDxlLN5LKro4oQ3",
                    "type": "Practitioner",
                    "display": "Jenn Scott"
                },
                "courseOfTherapyType": {
                    "coding": [
                        {
                            "system": "http://terminology.hl7.org/CodeSystem/medicationrequest-course-of-therapy",
                            "code": "acute",
                            "display": "Short course (acute) therapy"
                        }
                    ],
                    "text": "Short course (acute) therapy"
                },
                "dosageInstruction": [
                    {
                        "text": "Take 5 mg by mouth 2 (two) times a day., Historical Med",
                        "patientInstruction": "Take 5 mg by mouth 2 (two) times a day.",
                        "timing": {
                            "repeat": {
                                "timeOfDay": [
                                    "09:00:00",
                                    "18:00:00"
                                ]
                            },
                            "code": {
                                "text": "0900, 1800"
                            }
                        },
                        "asNeededBoolean": false,
                        "route": {
                            "coding": [
                                {
                                    "system": "http://snomed.info/sct",
                                    "code": "260548002",
                                    "display": "Oral (qualifier value)"
                                },
                                {
                                    "system": "urn:oid:1.2.840.114350.1.13.0.1.7.4.798268.7025",
                                    "code": "15",
                                    "display": "Oral"
                                }
                            ],
                            "text": "Oral"
                        },
                        "method": {
                            "coding": [
                                {
                                    "system": "http://snomed.info/sct",
                                    "code": "419652001",
                                    "display": "Take"
                                }
                            ],
                            "text": "Take"
                        },
                        "doseAndRate": [
                            {
                                "type": {
                                    "coding": [
                                        {
                                            "system": "http://epic.com/CodeSystem/dose-rate-type",
                                            "code": "ordered",
                                            "display": "ordered"
                                        }
                                    ],
                                    "text": "ordered"
                                },
                                "doseQuantity": {
                                    "value": 5,
                                    "unit": "mg",
                                    "system": "http://unitsofmeasure.org",
                                    "code": "mg"
                                }
                            }
                        ]
                    }
                ]
            },
            "search": {
                "mode": "match"
            }
        }
    ]
}