{
    "resourceType": "Bundle",
    "type": "searchset",
    "total": 7,
    "link": [
        {
            "relation": "self",
            "url": "https://apporchard.epic.com/interconnect-aocurprd-oauth/api/FHIR/R4/MedicationRequest?_format=json&patient=eM0bcoitty9qE1EF3-a1Awg3"
        }
    ],
    "entry": [
        {
            "link": [
                {
                    "relation": "self",
                    "url": "https://apporchard.epic.com/interconnect-aocurprd-oauth/api/FHIR/R4/MedicationRequest/e3lSk3Fw-Ag3SiNUSni7LzQ3"
                }
            ],
            "fullUrl": "https://apporchard.epic.com/interconnect-aocurprd-oauth/api/FHIR/R4/MedicationRequest/e3lSk3Fw-Ag3SiNUSni7LzQ3",
            "resource": {
                "resourceType": "MedicationRequest",
                "id": "e3lSk3Fw-Ag3SiNUSni7LzQ3",
                "identifier": [
                    {
                        "use": "usual",
                        "system": "urn:oid:1.2.840.114350.1.13.0.1.7.2.798268",
                        "value": "860144"
                    }
                ],
                "status": "active",
                "intent": "plan",
                "category": [
                    {
                        "coding": [
                            {
                                "system": "http://terminology.hl7.org/CodeSystem/medicationrequest-category",
                                "code": "community",
                                "display": "Community"
                            }
                        ],
                        "text": "Community"
                    }
                ],
                "reportedBoolean": true,
                "medicationReference": {
                    "reference": "Medication/eyk2pwQurmRh4S1nooSEGrC.go22BypiwbF8N0uOc3PRvsUdnpuWvQbqjIg7v3EKw3",
                    "display": "budesonide (PULMICORT) nebulizer solution 0.5 mg/2mL"
                },
                "subject": {
                    "reference": "Patient/eM0bcoitty9qE1EF3-a1Awg3",
                    "display": "Kidney, Kelly F"
                },
                "encounter": {
                    "reference": "Encounter/eT2fDXcd55Ov3jqLPT4OLuw3",
                    "display": "Abstract"
                },
                "authoredOn": "2013-07-01T22:38:56Z",
                "requester": {
                    "extension": [
                        {
                            "valueCode": "unknown",
                            "url": "http://hl7.org/fhir/StructureDefinition/data-absent-reason"
                        }
                    ]
                },
                "recorder": {
                    "reference": "Practitioner/e4fBRdwCD6bWDI76z9Bn9WA3",
                    "type": "Practitioner",
                    "display": "Coordinator Phoenix, RN"
                },
                "courseOfTherapyType": {
                    "coding": [
                        {
                            "system": "http://terminology.hl7.org/CodeSystem/medicationrequest-course-of-therapy",
                            "code": "acute",
                            "display": "Short course (acute) therapy"
                        }
                    ],
                    "text": "Short course (acute) therapy"
                },
                "dosageInstruction": [
                    {
                        "text": "Take 0.5 mg by nebulization daily., Until Discontinued, Historical Med",
                        "patientInstruction": "Take 0.5 mg by nebulization daily.",
                        "timing": {
                            "repeat": {
                                "timeOfDay": [
                                    "09:00:00"
                                ]
                            },
                            "code": {
                                "text": "0900"
                            }
                        },
                        "asNeededBoolean": false,
                        "route": {
                            "coding": [
                                {
                                    "system": "urn:oid:1.2.840.114350.1.13.0.1.7.4.798268.7025",
                                    "code": "82",
                                    "display": "Nebulization"
                                }
                            ],
                            "text": "Nebulization"
                        },
                        "doseAndRate": [
                            {
                                "type": {
                                    "coding": [
                                        {
                                            "system": "http://epic.com/CodeSystem/dose-rate-type",
                                            "code": "ordered",
                                            "display": "ordered"
                                        }
                                    ],
                                    "text": "ordered"
                                },
                                "doseQuantity": {
                                    "value": 0.5,
                                    "unit": "mg",
                                    "system": "http://unitsofmeasure.org",
                                    "code": "mg"
                                }
                            }
                        ]
                    }
                ]
            },
            "search": {
                "mode": "match"
            }
        },
        {
            "link": [
                {
                    "relation": "self",
                    "url": "https://apporchard.epic.com/interconnect-aocurprd-oauth/api/FHIR/R4/MedicationRequest/e7byG7xvlytFHYzRxGnAACQ3"
                }
            ],
            "fullUrl": "https://apporchard.epic.com/interconnect-aocurprd-oauth/api/FHIR/R4/MedicationRequest/e7byG7xvlytFHYzRxGnAACQ3",
            "resource": {
                "resourceType": "MedicationRequest",
                "id": "e7byG7xvlytFHYzRxGnAACQ3",
                "identifier": [
                    {
                        "use": "usual",
                        "system": "urn:oid:1.2.840.114350.1.13.0.1.7.2.798268",
                        "value": "860143"
                    }
                ],
                "status": "active",
                "intent": "plan",
                "category": [
                    {
                        "coding": [
                            {
                                "system": "http://terminology.hl7.org/CodeSystem/medicationrequest-category",
                                "code": "community",
                                "display": "Community"
                            }
                        ],
                        "text": "Community"
                    }
                ],
                "reportedBoolean": true,
                "medicationReference": {
                    "reference": "Medication/e8GO990rKqty1H7kDmIZJOgiE6td6skDO.90Hp0uh5quZtPB-OQSI06axUImGOqzR3",
                    "display": "albuterol (PROVENTIL HFA;VENTOLIN HFA) inhaler"
                },
                "subject": {
                    "reference": "Patient/eM0bcoitty9qE1EF3-a1Awg3",
                    "display": "Kidney, Kelly F"
                },
                "encounter": {
                    "reference": "Encounter/eT2fDXcd55Ov3jqLPT4OLuw3",
                    "display": "Abstract"
                },
                "authoredOn": "2013-07-01T22:38:56Z",
                "requester": {
                    "extension": [
                        {
                            "valueCode": "unknown",
                            "url": "http://hl7.org/fhir/StructureDefinition/data-absent-reason"
                        }
                    ]
                },
                "recorder": {
                    "reference": "Practitioner/e4fBRdwCD6bWDI76z9Bn9WA3",
                    "type": "Practitioner",
                    "display": "Coordinator Phoenix, RN"
                },
                "courseOfTherapyType": {
                    "coding": [
                        {
                            "system": "http://terminology.hl7.org/CodeSystem/medicationrequest-course-of-therapy",
                            "code": "acute",
                            "display": "Short course (acute) therapy"
                        }
                    ],
                    "text": "Short course (acute) therapy"
                },
                "dosageInstruction": [
                    {
                        "text": "Inhale 2 puffs into the lungs every 6 (six) hours as needed., Until Discontinued, Historical Med",
                        "patientInstruction": "Inhale 2 puffs into the lungs every 6 (six) hours as needed.",
                        "timing": {
                            "repeat": {
                                "frequency": 1,
                                "period": 6,
                                "periodUnit": "h"
                            },
                            "code": {
                                "text": "Every 6 hours as needed"
                            }
                        },
                        "asNeededBoolean": true,
                        "route": {
                            "coding": [
                                {
                                    "system": "urn:oid:1.2.840.114350.1.13.0.1.7.4.798268.7025",
                                    "code": "7",
                                    "display": "Inhalation"
                                }
                            ],
                            "text": "Inhalation"
                        },
                        "doseAndRate": [
                            {
                                "type": {
                                    "coding": [
                                        {
                                            "system": "http://epic.com/CodeSystem/dose-rate-type",
                                            "code": "ordered",
                                            "display": "ordered"
                                        }
                                    ],
                                    "text": "ordered"
                                },
                                "doseQuantity": {
                                    "value": 2,
                                    "unit": "puff",
                                    "system": "http://unitsofmeasure.org",
                                    "code": "{puff}"
                                }
                            }
                        ]
                    }
                ]
            },
            "search": {
                "mode": "match"
            }
        },
        {
            "link": [
                {
                    "relation": "self",
                    "url": "https://apporchard.epic.com/interconnect-aocurprd-oauth/api/FHIR/R4/MedicationRequest/eG05zAapxyfD7yTZQ0ZHPdQ3"
                }
            ],
            "fullUrl": "https://apporchard.epic.com/interconnect-aocurprd-oauth/api/FHIR/R4/MedicationRequest/eG05zAapxyfD7yTZQ0ZHPdQ3",
            "resource": {
                "resourceType": "MedicationRequest",
                "id": "eG05zAapxyfD7yTZQ0ZHPdQ3",
                "identifier": [
                    {
                        "use": "usual",
                        "system": "urn:oid:1.2.840.114350.1.13.0.1.7.2.798268",
                        "value": "860146"
                    }
                ],
                "status": "active",
                "intent": "plan",
                "category": [
                    {
                        "coding": [
                            {
                                "system": "http://terminology.hl7.org/CodeSystem/medicationrequest-category",
                                "code": "community",
                                "display": "Community"
                            }
                        ],
                        "text": "Community"
                    }
                ],
                "reportedBoolean": true,
                "medicationReference": {
                    "reference": "Medication/euh-Jhr1qpHigW0AzWV.ZLgy82W19Y1UAKb6Ww5lTdQS7p0un37UUPU6A4ohjvhs43",
                    "display": "pravastatin (PRAVACHOL) tablet"
                },
                "subject": {
                    "reference": "Patient/eM0bcoitty9qE1EF3-a1Awg3",
                    "display": "Kidney, Kelly F"
                },
                "encounter": {
                    "reference": "Encounter/eT2fDXcd55Ov3jqLPT4OLuw3",
                    "display": "Abstract"
                },
                "authoredOn": "2013-07-01T22:38:57Z",
                "requester": {
                    "extension": [
                        {
                            "valueCode": "unknown",
                            "url": "http://hl7.org/fhir/StructureDefinition/data-absent-reason"
                        }
                    ]
                },
                "recorder": {
                    "reference": "Practitioner/e4fBRdwCD6bWDI76z9Bn9WA3",
                    "type": "Practitioner",
                    "display": "Coordinator Phoenix, RN"
                },
                "courseOfTherapyType": {
                    "coding": [
                        {
                            "system": "http://terminology.hl7.org/CodeSystem/medicationrequest-course-of-therapy",
                            "code": "acute",
                            "display": "Short course (acute) therapy"
                        }
                    ],
                    "text": "Short course (acute) therapy"
                },
                "dosageInstruction": [
                    {
                        "text": "Take 40 mg by mouth daily., Until Discontinued, Historical Med",
                        "patientInstruction": "Take 40 mg by mouth daily.",
                        "timing": {
                            "repeat": {
                                "timeOfDay": [
                                    "09:00:00"
                                ]
                            },
                            "code": {
                                "text": "0900"
                            }
                        },
                        "asNeededBoolean": false,
                        "route": {
                            "coding": [
                                {
                                    "system": "http://snomed.info/sct",
                                    "code": "260548002",
                                    "display": "Oral (qualifier value)"
                                },
                                {
                                    "system": "urn:oid:1.2.840.114350.1.13.0.1.7.4.798268.7025",
                                    "code": "15",
                                    "display": "Oral"
                                }
                            ],
                            "text": "Oral"
                        },
                        "doseAndRate": [
                            {
                                "type": {
                                    "coding": [
                                        {
                                            "system": "http://epic.com/CodeSystem/dose-rate-type",
                                            "code": "ordered",
                                            "display": "ordered"
                                        }
                                    ],
                                    "text": "ordered"
                                },
                                "doseQuantity": {
                                    "value": 40,
                                    "unit": "mg",
                                    "system": "http://unitsofmeasure.org",
                                    "code": "mg"
                                }
                            }
                        ]
                    }
                ]
            },
            "search": {
                "mode": "match"
            }
        },
        {
            "link": [
                {
                    "relation": "self",
                    "url": "https://apporchard.epic.com/interconnect-aocurprd-oauth/api/FHIR/R4/MedicationRequest/eNKgptPn4xlWnDBDRWjyFag3"
                }
            ],
            "fullUrl": "https://apporchard.epic.com/interconnect-aocurprd-oauth/api/FHIR/R4/MedicationRequest/eNKgptPn4xlWnDBDRWjyFag3",
            "resource": {
                "resourceType": "MedicationRequest",
                "id": "eNKgptPn4xlWnDBDRWjyFag3",
                "identifier": [
                    {
                        "use": "usual",
                        "system": "urn:oid:1.2.840.114350.1.13.0.1.7.2.798268",
                        "value": "860142"
                    }
                ],
                "status": "active",
                "intent": "plan",
                "category": [
                    {
                        "coding": [
                            {
                                "system": "http://terminology.hl7.org/CodeSystem/medicationrequest-category",
                                "code": "community",
                                "display": "Community"
                            }
                        ],
                        "text": "Community"
                    }
                ],
                "reportedBoolean": true,
                "medicationReference": {
                    "reference": "Medication/ee7TuuQ8nCIwHPamSqua1F2YAZrFU90Lm8NBzXW22.mIr8HZhmJM4KLJ2TEhHg6H23",
                    "display": "ALPRAZolam (XANAX) tablet"
                },
                "subject": {
                    "reference": "Patient/eM0bcoitty9qE1EF3-a1Awg3",
                    "display": "Kidney, Kelly F"
                },
                "encounter": {
                    "reference": "Encounter/eT2fDXcd55Ov3jqLPT4OLuw3",
                    "display": "Abstract"
                },
                "authoredOn": "2013-07-01T22:38:55Z",
                "requester": {
                    "extension": [
                        {
                            "valueCode": "unknown",
                            "url": "http://hl7.org/fhir/StructureDefinition/data-absent-reason"
                        }
                    ]
                },
                "recorder": {
                    "reference": "Practitioner/e4fBRdwCD6bWDI76z9Bn9WA3",
                    "type": "Practitioner",
                    "display": "Coordinator Phoenix, RN"
                },
                "courseOfTherapyType": {
                    "coding": [
                        {
                            "system": "http://terminology.hl7.org/CodeSystem/medicationrequest-course-of-therapy",
                            "code": "acute",
                            "display": "Short course (acute) therapy"
                        }
                    ],
                    "text": "Short course (acute) therapy"
                },
                "dosageInstruction": [
                    {
                        "text": "Take 0.25 mg by mouth nightly as needed., Until Discontinued, Historical Med",
                        "patientInstruction": "Take 0.25 mg by mouth nightly as needed.",
                        "timing": {
                            "repeat": {
                                "frequency": 1,
                                "period": 1,
                                "periodUnit": "d"
                            },
                            "code": {
                                "text": "Nightly as needed"
                            }
                        },
                        "asNeededBoolean": true,
                        "route": {
                            "coding": [
                                {
                                    "system": "http://snomed.info/sct",
                                    "code": "260548002",
                                    "display": "Oral (qualifier value)"
                                },
                                {
                                    "system": "urn:oid:1.2.840.114350.1.13.0.1.7.4.798268.7025",
                                    "code": "15",
                                    "display": "Oral"
                                }
                            ],
                            "text": "Oral"
                        },
                        "doseAndRate": [
                            {
                                "type": {
                                    "coding": [
                                        {
                                            "system": "http://epic.com/CodeSystem/dose-rate-type",
                                            "code": "ordered",
                                            "display": "ordered"
                                        }
                                    ],
                                    "text": "ordered"
                                },
                                "doseQuantity": {
                                    "value": 0.25,
                                    "unit": "mg",
                                    "system": "http://unitsofmeasure.org",
                                    "code": "mg"
                                }
                            }
                        ]
                    }
                ]
            },
            "search": {
                "mode": "match"
            }
        },
        {
            "link": [
                {
                    "relation": "self",
                    "url": "https://apporchard.epic.com/interconnect-aocurprd-oauth/api/FHIR/R4/MedicationRequest/ePYx13fAbpXAqOmuRF8TQ0g3"
                }
            ],
            "fullUrl": "https://apporchard.epic.com/interconnect-aocurprd-oauth/api/FHIR/R4/MedicationRequest/ePYx13fAbpXAqOmuRF8TQ0g3",
            "resource": {
                "resourceType": "MedicationRequest",
                "id": "ePYx13fAbpXAqOmuRF8TQ0g3",
                "identifier": [
                    {
                        "use": "usual",
                        "system": "urn:oid:1.2.840.114350.1.13.0.1.7.2.798268",
                        "value": "860136"
                    }
                ],
                "status": "active",
                "intent": "plan",
                "category": [
                    {
                        "coding": [
                            {
                                "system": "http://terminology.hl7.org/CodeSystem/medicationrequest-category",
                                "code": "community",
                                "display": "Community"
                            }
                        ],
                        "text": "Community"
                    }
                ],
                "reportedBoolean": true,
                "medicationReference": {
                    "reference": "Medication/eD-MrPLsYyRMYBYl8Okj94XlW2vRejATTexbQJEkK4-vPXx.66sNYeFzJQAVIAnlq3",
                    "display": "mycophenolate (MYFORTIC) EC tablet"
                },
                "subject": {
                    "reference": "Patient/eM0bcoitty9qE1EF3-a1Awg3",
                    "display": "Kidney, Kelly F"
                },
                "encounter": {
                    "reference": "Encounter/eVf41inDdS-UoLCXaMHMpyw3",
                    "display": "Abstract"
                },
                "authoredOn": "2013-11-16T02:35:01Z",
                "requester": {
                    "extension": [
                        {
                            "valueCode": "unknown",
                            "url": "http://hl7.org/fhir/StructureDefinition/data-absent-reason"
                        }
                    ]
                },
                "recorder": {
                    "reference": "Practitioner/emhilH6WzKBpangkpuWtgdQ3",
                    "type": "Practitioner",
                    "display": "Physician Phoenix, MD"
                },
                "courseOfTherapyType": {
                    "coding": [
                        {
                            "system": "http://terminology.hl7.org/CodeSystem/medicationrequest-course-of-therapy",
                            "code": "acute",
                            "display": "Short course (acute) therapy"
                        }
                    ],
                    "text": "Short course (acute) therapy"
                },
                "dosageInstruction": [
                    {
                        "text": "Take 2 tablets (720 mg total) by mouth 2 (two) times a day., Until Discontinued, Historical Med",
                        "patientInstruction": "Take 2 tablets (720 mg total) by mouth 2 (two) times a day.",
                        "timing": {
                            "repeat": {
                                "timeOfDay": [
                                    "09:00:00",
                                    "18:00:00"
                                ]
                            },
                            "code": {
                                "text": "0900, 1800"
                            }
                        },
                        "asNeededBoolean": false,
                        "route": {
                            "coding": [
                                {
                                    "system": "http://snomed.info/sct",
                                    "code": "260548002",
                                    "display": "Oral (qualifier value)"
                                },
                                {
                                    "system": "urn:oid:1.2.840.114350.1.13.0.1.7.4.798268.7025",
                                    "code": "15",
                                    "display": "Oral"
                                }
                            ],
                            "text": "Oral"
                        },
                        "doseAndRate": [
                            {
                                "type": {
                                    "coding": [
                                        {
                                            "system": "http://epic.com/CodeSystem/dose-rate-type",
                                            "code": "calculated",
                                            "display": "calculated"
                                        }
                                    ],
                                    "text": "calculated"
                                },
                                "doseQuantity": {
                                    "value": 720,
                                    "unit": "mg",
                                    "system": "http://unitsofmeasure.org",
                                    "code": "mg"
                                }
                            },
                            {
                                "type": {
                                    "coding": [
                                        {
                                            "system": "http://epic.com/CodeSystem/dose-rate-type",
                                            "code": "admin-amount",
                                            "display": "admin-amount"
                                        }
                                    ],
                                    "text": "admin-amount"
                                },
                                "doseQuantity": {
                                    "value": 2,
                                    "unit": "tablet",
                                    "system": "http://unitsofmeasure.org",
                                    "code": "{tbl}"
                                }
                            },
                            {
                                "type": {
                                    "coding": [
                                        {
                                            "system": "http://epic.com/CodeSystem/dose-rate-type",
                                            "code": "ordered",
                                            "display": "ordered"
                                        }
                                    ],
                                    "text": "ordered"
                                },
                                "doseQuantity": {
                                    "value": 720,
                                    "unit": "mg",
                                    "system": "http://unitsofmeasure.org",
                                    "code": "mg"
                                }
                            }
                        ]
                    }
                ],
                "dispenseRequest": {
                    "quantity": {
                        "value": 120,
                        "unit": "tablet"
                    },
                    "expectedSupplyDuration": {
                        "value": 30,
                        "unit": "Day",
                        "system": "http://unitsofmeasure.org",
                        "code": "d"
                    }
                }
            },
            "search": {
                "mode": "match"
            }
        },
        {
            "link": [
                {
                    "relation": "self",
                    "url": "https://apporchard.epic.com/interconnect-aocurprd-oauth/api/FHIR/R4/MedicationRequest/eei2kXB-fojny47ZvDQv6Pg3"
                }
            ],
            "fullUrl": "https://apporchard.epic.com/interconnect-aocurprd-oauth/api/FHIR/R4/MedicationRequest/eei2kXB-fojny47ZvDQv6Pg3",
            "resource": {
                "resourceType": "MedicationRequest",
                "id": "eei2kXB-fojny47ZvDQv6Pg3",
                "identifier": [
                    {
                        "use": "usual",
                        "system": "urn:oid:1.2.840.114350.1.13.0.1.7.2.798268",
                        "value": "860145"
                    }
                ],
                "status": "active",
                "intent": "plan",
                "category": [
                    {
                        "coding": [
                            {
                                "system": "http://terminology.hl7.org/CodeSystem/medicationrequest-category",
                                "code": "community",
                                "display": "Community"
                            }
                        ],
                        "text": "Community"
                    }
                ],
                "reportedBoolean": true,
                "medicationReference": {
                    "reference": "Medication/e1mfcJAr.A2LKZlqtdcWC0gC5PEb26vNYO35Kx6bioI1iAZvFcODkrwrfpNbNfqsZ3",
                    "display": "predniSONE (DELTASONE) tablet"
                },
                "subject": {
                    "reference": "Patient/eM0bcoitty9qE1EF3-a1Awg3",
                    "display": "Kidney, Kelly F"
                },
                "encounter": {
                    "reference": "Encounter/eT2fDXcd55Ov3jqLPT4OLuw3",
                    "display": "Abstract"
                },
                "authoredOn": "2013-07-01T22:38:56Z",
                "requester": {
                    "extension": [
                        {
                            "valueCode": "unknown",
                            "url": "http://hl7.org/fhir/StructureDefinition/data-absent-reason"
                        }
                    ]
                },
                "recorder": {
                    "reference": "Practitioner/e4fBRdwCD6bWDI76z9Bn9WA3",
                    "type": "Practitioner",
                    "display": "Coordinator Phoenix, RN"
                },
                "courseOfTherapyType": {
                    "coding": [
                        {
                            "system": "http://terminology.hl7.org/CodeSystem/medicationrequest-course-of-therapy",
                            "code": "acute",
                            "display": "Short course (acute) therapy"
                        }
                    ],
                    "text": "Short course (acute) therapy"
                },
                "dosageInstruction": [
                    {
                        "text": "Take 5 mg by mouth daily., Until Discontinued, Historical Med",
                        "patientInstruction": "Take 5 mg by mouth daily.",
                        "timing": {
                            "repeat": {
                                "timeOfDay": [
                                    "09:00:00"
                                ]
                            },
                            "code": {
                                "text": "0900"
                            }
                        },
                        "asNeededBoolean": false,
                        "route": {
                            "coding": [
                                {
                                    "system": "http://snomed.info/sct",
                                    "code": "260548002",
                                    "display": "Oral (qualifier value)"
                                },
                                {
                                    "system": "urn:oid:1.2.840.114350.1.13.0.1.7.4.798268.7025",
                                    "code": "15",
                                    "display": "Oral"
                                }
                            ],
                            "text": "Oral"
                        },
                        "doseAndRate": [
                            {
                                "type": {
                                    "coding": [
                                        {
                                            "system": "http://epic.com/CodeSystem/dose-rate-type",
                                            "code": "ordered",
                                            "display": "ordered"
                                        }
                                    ],
                                    "text": "ordered"
                                },
                                "doseQuantity": {
                                    "value": 5,
                                    "unit": "mg",
                                    "system": "http://unitsofmeasure.org",
                                    "code": "mg"
                                }
                            }
                        ]
                    }
                ]
            },
            "search": {
                "mode": "match"
            }
        },
        {
            "link": [
                {
                    "relation": "self",
                    "url": "https://apporchard.epic.com/interconnect-aocurprd-oauth/api/FHIR/R4/MedicationRequest/evB9R3PSPWRrVlGuNSX5pXA3"
                }
            ],
            "fullUrl": "https://apporchard.epic.com/interconnect-aocurprd-oauth/api/FHIR/R4/MedicationRequest/evB9R3PSPWRrVlGuNSX5pXA3",
            "resource": {
                "resourceType": "MedicationRequest",
                "id": "evB9R3PSPWRrVlGuNSX5pXA3",
                "identifier": [
                    {
                        "use": "usual",
                        "system": "urn:oid:1.2.840.114350.1.13.0.1.7.2.798268",
                        "value": "860135"
                    }
                ],
                "status": "active",
                "intent": "plan",
                "category": [
                    {
                        "coding": [
                            {
                                "system": "http://terminology.hl7.org/CodeSystem/medicationrequest-category",
                                "code": "community",
                                "display": "Community"
                            }
                        ],
                        "text": "Community"
                    }
                ],
                "reportedBoolean": true,
                "medicationReference": {
                    "reference": "Medication/esW1C2eKRsqyO0NJ8SZV0FYI3VW8YLUNNURE.m75N5q2wZwy0n.m830yM4ClPYaCe3",
                    "display": "tacrolimus (PROGRAF) capsule"
                },
                "subject": {
                    "reference": "Patient/eM0bcoitty9qE1EF3-a1Awg3",
                    "display": "Kidney, Kelly F"
                },
                "encounter": {
                    "reference": "Encounter/eVf41inDdS-UoLCXaMHMpyw3",
                    "display": "Abstract"
                },
                "authoredOn": "2013-11-16T02:35:01Z",
                "requester": {
                    "extension": [
                        {
                            "valueCode": "unknown",
                            "url": "http://hl7.org/fhir/StructureDefinition/data-absent-reason"
                        }
                    ]
                },
                "recorder": {
                    "reference": "Practitioner/emhilH6WzKBpangkpuWtgdQ3",
                    "type": "Practitioner",
                    "display": "Physician Phoenix, MD"
                },
                "courseOfTherapyType": {
                    "coding": [
                        {
                            "system": "http://terminology.hl7.org/CodeSystem/medicationrequest-course-of-therapy",
                            "code": "acute",
                            "display": "Short course (acute) therapy"
                        }
                    ],
                    "text": "Short course (acute) therapy"
                },
                "dosageInstruction": [
                    {
                        "text": "Take 3 capsules (3 mg total) by mouth 2 (two) times a day., Until Discontinued, Historical Med",
                        "patientInstruction": "Take 3 capsules (3 mg total) by mouth 2 (two) times a day.",
                        "timing": {
                            "repeat": {
                                "timeOfDay": [
                                    "09:00:00",
                                    "18:00:00"
                                ]
                            },
                            "code": {
                                "text": "0900, 1800"
                            }
                        },
                        "asNeededBoolean": false,
                        "route": {
                            "coding": [
                                {
                                    "system": "http://snomed.info/sct",
                                    "code": "260548002",
                                    "display": "Oral (qualifier value)"
                                },
                                {
                                    "system": "urn:oid:1.2.840.114350.1.13.0.1.7.4.798268.7025",
                                    "code": "15",
                                    "display": "Oral"
                                }
                            ],
                            "text": "Oral"
                        },
                        "doseAndRate": [
                            {
                                "type": {
                                    "coding": [
                                        {
                                            "system": "http://epic.com/CodeSystem/dose-rate-type",
                                            "code": "calculated",
                                            "display": "calculated"
                                        }
                                    ],
                                    "text": "calculated"
                                },
                                "doseQuantity": {
                                    "value": 3,
                                    "unit": "mg",
                                    "system": "http://unitsofmeasure.org",
                                    "code": "mg"
                                }
                            },
                            {
                                "type": {
                                    "coding": [
                                        {
                                            "system": "http://epic.com/CodeSystem/dose-rate-type",
                                            "code": "admin-amount",
                                            "display": "admin-amount"
                                        }
                                    ],
                                    "text": "admin-amount"
                                },
                                "doseQuantity": {
                                    "value": 3,
                                    "unit": "capsule",
                                    "system": "http://unitsofmeasure.org",
                                    "code": "{capsule}"
                                }
                            },
                            {
                                "type": {
                                    "coding": [
                                        {
                                            "system": "http://epic.com/CodeSystem/dose-rate-type",
                                            "code": "ordered",
                                            "display": "ordered"
                                        }
                                    ],
                                    "text": "ordered"
                                },
                                "doseQuantity": {
                                    "value": 3,
                                    "unit": "mg",
                                    "system": "http://unitsofmeasure.org",
                                    "code": "mg"
                                }
                            }
                        ]
                    }
                ]
            },
            "search": {
                "mode": "match"
            }
        }
    ]
}